path,entry_type,category,dataset,method,T,alpha,param,created,has_final_results,file_count,total_bytes,notes
results/baselines/Amazon_EE-Net_regret.npy,baselines_file,baseline,Amazon,EE-Net,,,,,False,1,400128,regret
results/baselines/Amazon_EE-Net_time.npy,baselines_file,baseline,Amazon,EE-Net,,,,,False,1,400128,time
results/baselines/Amazon_NeuralTS_regret.npy,baselines_file,baseline,Amazon,NeuralTS,,,,,False,1,400128,regret
results/baselines/Amazon_NeuralTS_time.npy,baselines_file,baseline,Amazon,NeuralTS,,,,,False,1,400128,time
results/baselines/Amazon_NeuralUCB_regret.npy,baselines_file,baseline,Amazon,NeuralUCB,,,,,False,1,400128,regret
results/baselines/Amazon_NeuralUCB_time.npy,baselines_file,baseline,Amazon,NeuralUCB,,,,,False,1,400128,time
results/baselines/Amazon_Neural_epsilon_regret.npy,baselines_file,baseline,Amazon,Neural_epsilon,,,,,False,1,400128,regret
results/baselines/Amazon_Neural_epsilon_time.npy,baselines_file,baseline,Amazon,Neural_epsilon,,,,,False,1,400128,time
results/baselines/Collab_EE-Net_regret.npy,baselines_file,baseline,Collab,EE-Net,,,,,False,1,400128,regret
results/baselines/Collab_EE-Net_time.npy,baselines_file,baseline,Collab,EE-Net,,,,,False,1,400128,time
results/baselines/Collab_NeuralTS_regret.npy,baselines_file,baseline,Collab,NeuralTS,,,,,False,1,400128,regret
results/baselines/Collab_NeuralTS_time.npy,baselines_file,baseline,Collab,NeuralTS,,,,,False,1,400128,time
results/baselines/Collab_NeuralUCB_regret.npy,baselines_file,baseline,Collab,NeuralUCB,,,,,False,1,400128,regret
results/baselines/Collab_NeuralUCB_time.npy,baselines_file,baseline,Collab,NeuralUCB,,,,,False,1,400128,time
results/baselines/Collab_Neural_epsilon_regret.npy,baselines_file,baseline,Collab,Neural_epsilon,,,,,False,1,400128,regret
results/baselines/Collab_Neural_epsilon_time.npy,baselines_file,baseline,Collab,Neural_epsilon,,,,,False,1,400128,time
results/baselines/Facebook_EE-Net_regret.npy,baselines_file,baseline,Facebook,EE-Net,,,,,False,1,800128,regret
results/baselines/Facebook_EE-Net_time.npy,baselines_file,baseline,Facebook,EE-Net,,,,,False,1,800128,time
results/baselines/Facebook_NeuralTS_regret.npy,baselines_file,baseline,Facebook,NeuralTS,,,,,False,1,800128,regret
results/baselines/Facebook_NeuralTS_time.npy,baselines_file,baseline,Facebook,NeuralTS,,,,,False,1,800128,time
results/baselines/Facebook_NeuralUCB_regret.npy,baselines_file,baseline,Facebook,NeuralUCB,,,,,False,1,800128,regret
results/baselines/Facebook_NeuralUCB_time.npy,baselines_file,baseline,Facebook,NeuralUCB,,,,,False,1,800128,time
results/baselines/Facebook_Neural_epsilon_regret.npy,baselines_file,baseline,Facebook,Neural_epsilon,,,,,False,1,800128,regret
results/baselines/Facebook_Neural_epsilon_time.npy,baselines_file,baseline,Facebook,Neural_epsilon,,,,,False,1,800128,time
results/baselines/GrQc_EE-Net_regret.npy,baselines_file,baseline,GrQc,EE-Net,,,,,False,1,800128,regret
results/baselines/GrQc_EE-Net_time.npy,baselines_file,baseline,GrQc,EE-Net,,,,,False,1,800128,time
results/baselines/GrQc_NeuralTS_regret.npy,baselines_file,baseline,GrQc,NeuralTS,,,,,False,1,800128,regret
results/baselines/GrQc_NeuralTS_time.npy,baselines_file,baseline,GrQc,NeuralTS,,,,,False,1,800128,time
results/baselines/GrQc_NeuralUCB_regret.npy,baselines_file,baseline,GrQc,NeuralUCB,,,,,False,1,800128,regret
results/baselines/GrQc_NeuralUCB_time.npy,baselines_file,baseline,GrQc,NeuralUCB,,,,,False,1,800128,time
results/baselines/GrQc_Neural_epsilon_regret.npy,baselines_file,baseline,GrQc,Neural_epsilon,,,,,False,1,800128,regret
results/baselines/GrQc_Neural_epsilon_time.npy,baselines_file,baseline,GrQc,Neural_epsilon,,,,,False,1,800128,time
results/baselines/MovieLens_EE-Net_regret.npy,baselines_file,baseline,MovieLens,EE-Net,,,,,False,1,800128,regret
results/baselines/MovieLens_EE-Net_time.npy,baselines_file,baseline,MovieLens,EE-Net,,,,,False,1,800128,time
results/baselines/MovieLens_NeuralTS_regret.npy,baselines_file,baseline,MovieLens,NeuralTS,,,,,False,1,800128,regret
results/baselines/MovieLens_NeuralTS_time.npy,baselines_file,baseline,MovieLens,NeuralTS,,,,,False,1,800128,time
results/baselines/MovieLens_NeuralUCB_regret.npy,baselines_file,baseline,MovieLens,NeuralUCB,,,,,False,1,800128,regret
results/baselines/MovieLens_NeuralUCB_time.npy,baselines_file,baseline,MovieLens,NeuralUCB,,,,,False,1,800128,time
results/baselines/MovieLens_Neural_epsilon_regret.npy,baselines_file,baseline,MovieLens,Neural_epsilon,,,,,False,1,800128,regret
results/baselines/MovieLens_Neural_epsilon_time.npy,baselines_file,baseline,MovieLens,Neural_epsilon,,,,,False,1,800128,time
results/baselines/PPA_EE-Net_regret.npy,baselines_file,baseline,PPA,EE-Net,,,,,False,1,320128,regret
results/baselines/PPA_EE-Net_time.npy,baselines_file,baseline,PPA,EE-Net,,,,,False,1,320128,time
results/baselines/PPA_NeuralTS_regret.npy,baselines_file,baseline,PPA,NeuralTS,,,,,False,1,40128,regret
results/baselines/PPA_NeuralTS_time.npy,baselines_file,baseline,PPA,NeuralTS,,,,,False,1,40128,time
results/baselines/PPA_NeuralUCB_regret.npy,baselines_file,baseline,PPA,NeuralUCB,,,,,False,1,400128,regret
results/baselines/PPA_NeuralUCB_time.npy,baselines_file,baseline,PPA,NeuralUCB,,,,,False,1,400128,time
results/baselines/PPA_Neural_epsilon_regret.npy,baselines_file,baseline,PPA,Neural_epsilon,,,,,False,1,280128,regret
results/baselines/PPA_Neural_epsilon_time.npy,baselines_file,baseline,PPA,Neural_epsilon,,,,,False,1,280128,time
results/baselines/Vessel_EE-Net_regret.npy,baselines_file,baseline,Vessel,EE-Net,,,,,False,1,400128,regret
results/baselines/Vessel_EE-Net_regret2.npy,baselines_file,baseline,,,,,,,False,1,4128,
results/baselines/Vessel_EE-Net_time.npy,baselines_file,baseline,Vessel,EE-Net,,,,,False,1,400128,time
results/baselines/Vessel_EE-Net_time2.npy,baselines_file,baseline,,,,,,,False,1,4128,
results/baselines/Vessel_NeuralTS_regret.npy,baselines_file,baseline,Vessel,NeuralTS,,,,,False,1,400128,regret
results/baselines/Vessel_NeuralTS_regret2.npy,baselines_file,baseline,,,,,,,False,1,4128,
results/baselines/Vessel_NeuralTS_time.npy,baselines_file,baseline,Vessel,NeuralTS,,,,,False,1,400128,time
results/baselines/Vessel_NeuralTS_time2.npy,baselines_file,baseline,,,,,,,False,1,4128,
results/baselines/Vessel_NeuralUCB_regret.npy,baselines_file,baseline,Vessel,NeuralUCB,,,,,False,1,400128,regret
results/baselines/Vessel_NeuralUCB_regret2.npy,baselines_file,baseline,,,,,,,False,1,4128,
results/baselines/Vessel_NeuralUCB_time.npy,baselines_file,baseline,Vessel,NeuralUCB,,,,,False,1,400128,time
results/baselines/Vessel_NeuralUCB_time2.npy,baselines_file,baseline,,,,,,,False,1,4128,
results/baselines/Vessel_Neural_epsilon_regret.npy,baselines_file,baseline,Vessel,Neural_epsilon,,,,,False,1,400128,regret
results/baselines/Vessel_Neural_epsilon_regret2.npy,baselines_file,baseline,,,,,,,False,1,4128,
results/baselines/Vessel_Neural_epsilon_time.npy,baselines_file,baseline,Vessel,Neural_epsilon,,,,,False,1,400128,time
results/baselines/Vessel_Neural_epsilon_time2.npy,baselines_file,baseline,,,,,,,False,1,4128,
results/baselines_new/20260506_033529,baselines_new_run_dir,baseline,MovieLens,"NeuralUCB,NeuralTS,NeuralGreedy",20,,,20260506_033529,False,9,207264,
results/baselines_new/20260709_060955,baselines_new_run_dir,smoke_test,MovieLens,EE-Net,1,,,20260709_060955,False,3,1291,metadata T=1
results/baselines_new/20260709_062814,baselines_new_run_dir,smoke_test,MovieLens,EE-Net,1,,,20260709_062814,False,3,1292,metadata T=1
results/baselines_new/20260709_063124,baselines_new_run_dir,smoke_test,MovieLens,EE-Net,1,,,20260709_063124,False,3,1291,metadata T=1
results/baselines_new/Amazon_EE-Net_regret.npy,baselines_new_file,baseline,Amazon,EE-Net,,,,,False,1,400128,regret
results/baselines_new/Amazon_EE-Net_time.npy,baselines_new_file,baseline,Amazon,EE-Net,,,,,False,1,400128,time
results/baselines_new/Amazon_NeuralGreedy_regret.npy,baselines_new_file,baseline,Amazon,NeuralGreedy,,,,,False,1,400128,regret
results/baselines_new/Amazon_NeuralGreedy_time.npy,baselines_new_file,baseline,Amazon,NeuralGreedy,,,,,False,1,400128,time
results/baselines_new/Amazon_NeuralTS_regret.npy,baselines_new_file,baseline,Amazon,NeuralTS,,,,,False,1,400128,regret
results/baselines_new/Amazon_NeuralTS_time.npy,baselines_new_file,baseline,Amazon,NeuralTS,,,,,False,1,400128,time
results/baselines_new/Amazon_NeuralUCB_regret.npy,baselines_new_file,baseline,Amazon,NeuralUCB,,,,,False,1,400128,regret
results/baselines_new/Amazon_NeuralUCB_time.npy,baselines_new_file,baseline,Amazon,NeuralUCB,,,,,False,1,400128,time
results/baselines_new/Collab_NeuralGreedy_regret.npy,baselines_new_file,incomplete_or_tiny,Collab,NeuralGreedy,,,,,False,1,208,regret;small npy
results/baselines_new/Collab_NeuralGreedy_time.npy,baselines_new_file,incomplete_or_tiny,Collab,NeuralGreedy,,,,,False,1,208,time;small npy
results/baselines_new/Collab_NeuralTS_regret.npy,baselines_new_file,incomplete_or_tiny,Collab,NeuralTS,,,,,False,1,208,regret;small npy
results/baselines_new/Collab_NeuralTS_time.npy,baselines_new_file,incomplete_or_tiny,Collab,NeuralTS,,,,,False,1,208,time;small npy
results/baselines_new/Collab_NeuralUCB_regret.npy,baselines_new_file,incomplete_or_tiny,Collab,NeuralUCB,,,,,False,1,208,regret;small npy
results/baselines_new/Collab_NeuralUCB_time.npy,baselines_new_file,incomplete_or_tiny,Collab,NeuralUCB,,,,,False,1,208,time;small npy
results/baselines_new/Facebook_EE-Net_regret.npy,baselines_new_file,baseline,Facebook,EE-Net,,,,,False,1,800128,regret
results/baselines_new/Facebook_EE-Net_time.npy,baselines_new_file,baseline,Facebook,EE-Net,,,,,False,1,800128,time
results/baselines_new/Facebook_NeuralGreedy_regret.npy,baselines_new_file,baseline,Facebook,NeuralGreedy,,,,,False,1,800128,regret
results/baselines_new/Facebook_NeuralGreedy_time.npy,baselines_new_file,baseline,Facebook,NeuralGreedy,,,,,False,1,800128,time
results/baselines_new/Facebook_NeuralTS_regret.npy,baselines_new_file,baseline,Facebook,NeuralTS,,,,,False,1,800128,regret
results/baselines_new/Facebook_NeuralTS_time.npy,baselines_new_file,baseline,Facebook,NeuralTS,,,,,False,1,800128,time
results/baselines_new/Facebook_NeuralUCB_regret.npy,baselines_new_file,baseline,Facebook,NeuralUCB,,,,,False,1,800128,regret
results/baselines_new/Facebook_NeuralUCB_time.npy,baselines_new_file,baseline,Facebook,NeuralUCB,,,,,False,1,800128,time
results/baselines_new/GrQc_EE-Net_regret.npy,baselines_new_file,baseline,GrQc,EE-Net,,,,,False,1,800128,regret
results/baselines_new/GrQc_EE-Net_time.npy,baselines_new_file,baseline,GrQc,EE-Net,,,,,False,1,800128,time
results/baselines_new/GrQc_NeuralGreedy_regret.npy,baselines_new_file,baseline,GrQc,NeuralGreedy,,,,,False,1,800128,regret
results/baselines_new/GrQc_NeuralGreedy_time.npy,baselines_new_file,baseline,GrQc,NeuralGreedy,,,,,False,1,800128,time
results/baselines_new/GrQc_NeuralTS_regret.npy,baselines_new_file,baseline,GrQc,NeuralTS,,,,,False,1,800128,regret
results/baselines_new/GrQc_NeuralTS_time.npy,baselines_new_file,baseline,GrQc,NeuralTS,,,,,False,1,800128,time
results/baselines_new/GrQc_NeuralUCB_regret.npy,baselines_new_file,baseline,GrQc,NeuralUCB,,,,,False,1,800128,regret
results/baselines_new/GrQc_NeuralUCB_time.npy,baselines_new_file,baseline,GrQc,NeuralUCB,,,,,False,1,800128,time
results/baselines_new/MovieLens_EE-Net_regret.npy,baselines_new_file,baseline,MovieLens,EE-Net,,,,,False,1,800128,regret
results/baselines_new/MovieLens_EE-Net_time.npy,baselines_new_file,baseline,MovieLens,EE-Net,,,,,False,1,800128,time
results/baselines_new/MovieLens_KernelUCB_regret.npy,baselines_new_file,incomplete_or_tiny,MovieLens,KernelUCB,,,,,False,1,288,regret;small npy
results/baselines_new/MovieLens_KernelUCB_time.npy,baselines_new_file,incomplete_or_tiny,MovieLens,KernelUCB,,,,,False,1,288,time;small npy
results/baselines_new/MovieLens_LinUCB_regret.npy,baselines_new_file,incomplete_or_tiny,MovieLens,LinUCB,,,,,False,1,288,regret;small npy
results/baselines_new/MovieLens_LinUCB_time.npy,baselines_new_file,incomplete_or_tiny,MovieLens,LinUCB,,,,,False,1,288,time;small npy
results/baselines_new/MovieLens_NeuralGreedy_regret.npy,baselines_new_file,baseline,MovieLens,NeuralGreedy,,,,,False,1,800128,regret
results/baselines_new/MovieLens_NeuralGreedy_time.npy,baselines_new_file,baseline,MovieLens,NeuralGreedy,,,,,False,1,800128,time
results/baselines_new/MovieLens_NeuralTS_regret.npy,baselines_new_file,baseline,MovieLens,NeuralTS,,,,,False,1,800128,regret
results/baselines_new/MovieLens_NeuralTS_time.npy,baselines_new_file,baseline,MovieLens,NeuralTS,,,,,False,1,800128,time
results/baselines_new/MovieLens_NeuralUCB_regret.npy,baselines_new_file,baseline,MovieLens,NeuralUCB,,,,,False,1,800128,regret
results/baselines_new/MovieLens_NeuralUCB_time.npy,baselines_new_file,baseline,MovieLens,NeuralUCB,,,,,False,1,800128,time
results/baselines_new/PPA_NeuralGreedy_regret.npy,baselines_new_file,incomplete_or_tiny,PPA,NeuralGreedy,,,,,False,1,208,regret;small npy
results/baselines_new/PPA_NeuralGreedy_time.npy,baselines_new_file,incomplete_or_tiny,PPA,NeuralGreedy,,,,,False,1,208,time;small npy
results/baselines_new/PPA_NeuralTS_regret.npy,baselines_new_file,incomplete_or_tiny,PPA,NeuralTS,,,,,False,1,208,regret;small npy
results/baselines_new/PPA_NeuralTS_time.npy,baselines_new_file,incomplete_or_tiny,PPA,NeuralTS,,,,,False,1,208,time;small npy
results/baselines_new/PPA_NeuralUCB_regret.npy,baselines_new_file,incomplete_or_tiny,PPA,NeuralUCB,,,,,False,1,208,regret;small npy
results/baselines_new/PPA_NeuralUCB_time.npy,baselines_new_file,incomplete_or_tiny,PPA,NeuralUCB,,,,,False,1,208,time;small npy
results/baselines_new/Vessel_NeuralGreedy_regret.npy,baselines_new_file,incomplete_or_tiny,Vessel,NeuralGreedy,,,,,False,1,208,regret;small npy
results/baselines_new/Vessel_NeuralGreedy_time.npy,baselines_new_file,incomplete_or_tiny,Vessel,NeuralGreedy,,,,,False,1,208,time;small npy
results/baselines_new/Vessel_NeuralTS_regret.npy,baselines_new_file,incomplete_or_tiny,Vessel,NeuralTS,,,,,False,1,208,regret;small npy
results/baselines_new/Vessel_NeuralTS_time.npy,baselines_new_file,incomplete_or_tiny,Vessel,NeuralTS,,,,,False,1,208,time;small npy
results/baselines_new/Vessel_NeuralUCB_regret.npy,baselines_new_file,incomplete_or_tiny,Vessel,NeuralUCB,,,,,False,1,208,regret;small npy
results/baselines_new/Vessel_NeuralUCB_time.npy,baselines_new_file,incomplete_or_tiny,Vessel,NeuralUCB,,,,,False,1,208,time;small npy
results/baselines_new/plots,baselines_new_run_dir,baseline,,,,,,plots,False,4,621634,
results/baselines_new/plots/Amazon_regret.png,plot_file,plot,,,,,,,False,1,160383,png
results/baselines_new/plots/Facebook_regret.png,plot_file,plot,,,,,,,False,1,146169,png
results/baselines_new/plots/GrQc_regret.png,plot_file,plot,,,,,,,False,1,147483,png
results/baselines_new/plots/MovieLens_regret.png,plot_file,plot,,,,,,,False,1,167599,png
results/online_link_prediction/Amazon_fashion_FastPRB_alpha0.85_eps0.000125_T5000_lr10.1_lr20.01_202601252056,online_run_dir,paper_candidate,Amazon_fashion,FastPRB,5000,0.85,eps0.000125,202601252056,True,2,2000304,
results/online_link_prediction/Amazon_fashion_FastPRB_alpha0.85_eps0.000125_T5000_lr10.1_lr20.01_202601260241,online_run_dir,paper_candidate,Amazon_fashion,FastPRB,5000,0.85,eps0.000125,202601260241,True,2,2000303,
results/online_link_prediction/Amazon_fashion_FastPRB_alpha0.85_eps0.000125_T5000_lr10.1_lr20.01_202601261331,online_run_dir,paper_candidate,Amazon_fashion,FastPRB,5000,0.85,eps0.000125,202601261331,True,2,2000304,
results/online_link_prediction/Amazon_fashion_FastPRB_alpha0.85_eps0.000125_T5000_lr10.1_lr20.01_202601291452,online_run_dir,paper_candidate,Amazon_fashion,FastPRB,5000,0.85,eps0.000125,202601291452,True,12,2017584,
results/online_link_prediction/Amazon_fashion_FastPRB_alpha0.85_eps0.000125_T5000_lr10.1_lr20.01_202601291742,online_run_dir,paper_candidate,Amazon_fashion,FastPRB,5000,0.85,eps0.000125,202601291742,True,12,2017584,
results/online_link_prediction/Amazon_fashion_PRB_alpha0.85_powT50_T5000_lr10.1_lr20.01_202601252116,online_run_dir,paper_candidate,Amazon_fashion,PRB,5000,0.85,powT50,202601252116,True,2,2000294,
results/online_link_prediction/Amazon_fashion_PRB_alpha0.85_powT50_T5000_lr10.1_lr20.01_202601260241,online_run_dir,paper_candidate,Amazon_fashion,PRB,5000,0.85,powT50,202601260241,True,2,2000293,
results/online_link_prediction/Amazon_fashion_PRB_alpha0.85_powT50_T5000_lr10.1_lr20.01_202601261332,online_run_dir,paper_candidate,Amazon_fashion,PRB,5000,0.85,powT50,202601261332,True,2,2000294,
results/online_link_prediction/Amazon_fashion_PRB_alpha0.85_powT50_T5000_lr10.1_lr20.01_202601291452,online_run_dir,paper_candidate,Amazon_fashion,PRB,5000,0.85,powT50,202601291452,True,12,2017574,
results/online_link_prediction/Collab_FastPRB_alpha0.6_eps4.24e-06_T5000_lr10.01_lr20.004_202601282329,online_run_dir,ablation_alpha,Collab,FastPRB,5000,0.6,eps4.24e-06,202601282329,True,12,2017577,
results/online_link_prediction/Collab_FastPRB_alpha0.7_eps4.24e-06_T5000_lr10.01_lr20.004_202601282329,online_run_dir,ablation_alpha,Collab,FastPRB,5000,0.7,eps4.24e-06,202601282329,True,12,2017577,
results/online_link_prediction/Collab_FastPRB_alpha0.85_eps0.000424_T5000_k10_lr10.01_lr20.004_h100_ks40_202603262127,online_run_dir,ablation_eps,Collab,FastPRB,5000,0.85,eps0.000424,202603262127,True,12,2017617,
results/online_link_prediction/Collab_FastPRB_alpha0.85_eps0.000424_T5000_k10_lr10.01_lr20.004_h100_ks40_202603262321,online_run_dir,ablation_eps,Collab,FastPRB,5000,0.85,eps0.000424,202603262321,True,12,2017616,
results/online_link_prediction/Collab_FastPRB_alpha0.85_eps0.000424_T5000_k10_lr10.01_lr20.004_h100_ks40_202603301915,online_run_dir,ablation_eps,Collab,FastPRB,5000,0.85,eps0.000424,202603301915,True,12,2017616,
results/online_link_prediction/Collab_FastPRB_alpha0.85_eps0.000424_T5000_lr10.01_lr20.004_202601291248,online_run_dir,ablation_eps,Collab,FastPRB,5000,0.85,eps0.000424,202601291248,True,12,2017578,
results/online_link_prediction/Collab_FastPRB_alpha0.85_eps0.000424_T5000_lr10.01_lr20.004_202601291520,online_run_dir,ablation_eps,Collab,FastPRB,5000,0.85,eps0.000424,202601291520,True,12,2017578,
results/online_link_prediction/Collab_FastPRB_alpha0.85_eps0.000424_T5000_lr10.01_lr20.004_h100_ks40_202603262012,online_run_dir,ablation_eps,Collab,FastPRB,5000,0.85,eps0.000424,202603262012,True,12,2017608,
results/online_link_prediction/Collab_FastPRB_alpha0.85_eps0.00424_T5000_k10_lr10.01_lr20.004_h100_ks40_202603262127,online_run_dir,ablation_eps,Collab,FastPRB,5000,0.85,eps0.00424,202603262127,True,12,2017616,
results/online_link_prediction/Collab_FastPRB_alpha0.85_eps0.00424_T5000_k10_lr10.01_lr20.004_h100_ks40_202603262321,online_run_dir,ablation_eps,Collab,FastPRB,5000,0.85,eps0.00424,202603262321,True,12,2017615,
results/online_link_prediction/Collab_FastPRB_alpha0.85_eps0.00424_T5000_k10_lr10.01_lr20.004_h100_ks40_202603271152,online_run_dir,ablation_eps,Collab,FastPRB,5000,0.85,eps0.00424,202603271152,True,12,2017615,
results/online_link_prediction/Collab_FastPRB_alpha0.85_eps0.00424_T5000_k10_lr10.01_lr20.004_h100_ks40_202603271326,online_run_dir,ablation_eps,Collab,FastPRB,5000,0.85,eps0.00424,202603271326,True,12,2017615,
results/online_link_prediction/Collab_FastPRB_alpha0.85_eps0.00424_T5000_k10_lr10.01_lr20.004_h100_ks40_202603271327,online_run_dir,ablation_eps,Collab,FastPRB,5000,0.85,eps0.00424,202603271327,True,12,2017615,
results/online_link_prediction/Collab_FastPRB_alpha0.85_eps0.00424_T5000_k10_lr10.01_lr20.004_h100_ks40_202603301915,online_run_dir,ablation_eps,Collab,FastPRB,5000,0.85,eps0.00424,202603301915,True,12,2017615,
results/online_link_prediction/Collab_FastPRB_alpha0.85_eps0.00424_T5000_lr10.01_lr20.004_202601291249,online_run_dir,ablation_eps,Collab,FastPRB,5000,0.85,eps0.00424,202601291249,True,12,2017577,
results/online_link_prediction/Collab_FastPRB_alpha0.85_eps0.00424_T5000_lr10.01_lr20.004_h100_ks40_202603262012,online_run_dir,ablation_eps,Collab,FastPRB,5000,0.85,eps0.00424,202603262012,True,12,2017607,
results/online_link_prediction/Collab_FastPRB_alpha0.85_eps0.0424_T5000_k10_lr10.01_lr20.004_h100_ks40_202603262126,online_run_dir,ablation_eps,Collab,FastPRB,5000,0.85,eps0.0424,202603262126,True,12,2017615,
results/online_link_prediction/Collab_FastPRB_alpha0.85_eps0.0424_T5000_k10_lr10.01_lr20.004_h100_ks40_202603262208,online_run_dir,ablation_eps,Collab,FastPRB,5000,0.85,eps0.0424,202603262208,True,12,2017615,
results/online_link_prediction/Collab_FastPRB_alpha0.85_eps0.0424_T5000_k10_lr10.01_lr20.004_h100_ks40_202603262244,online_run_dir,ablation_eps,Collab,FastPRB,5000,0.85,eps0.0424,202603262244,False,0,0,
results/online_link_prediction/Collab_FastPRB_alpha0.85_eps0.0424_T5000_k10_lr10.01_lr20.004_h100_ks40_202603262252,online_run_dir,ablation_eps,Collab,FastPRB,5000,0.85,eps0.0424,202603262252,True,12,2017614,
results/online_link_prediction/Collab_FastPRB_alpha0.85_eps0.0424_T5000_k10_lr10.01_lr20.004_h100_ks40_202603301915,online_run_dir,ablation_eps,Collab,FastPRB,5000,0.85,eps0.0424,202603301915,True,12,2017614,
results/online_link_prediction/Collab_FastPRB_alpha0.85_eps0.0424_T5000_k10_lr10.01_lr20.004_h100_ks40_202603311341,online_run_dir,ablation_eps,Collab,FastPRB,5000,0.85,eps0.0424,202603311341,True,12,2017614,
results/online_link_prediction/Collab_FastPRB_alpha0.85_eps0.0424_T5000_lr10.01_lr20.004_202601291249,online_run_dir,ablation_eps,Collab,FastPRB,5000,0.85,eps0.0424,202601291249,True,12,2017576,
results/online_link_prediction/Collab_FastPRB_alpha0.85_eps0.0424_T5000_lr10.01_lr20.004_h100_ks40_202603262012,online_run_dir,ablation_eps,Collab,FastPRB,5000,0.85,eps0.0424,202603262012,True,12,2017606,
results/online_link_prediction/Collab_FastPRB_alpha0.85_eps4.24e-05_T5000_k10_lr10.01_lr20.004_h100_ks40_202603262209,online_run_dir,ablation_eps,Collab,FastPRB,5000,0.85,eps4.24e-05,202603262209,True,12,2017617,
results/online_link_prediction/Collab_FastPRB_alpha0.85_eps4.24e-05_T5000_k10_lr10.01_lr20.004_h100_ks40_202603262321,online_run_dir,ablation_eps,Collab,FastPRB,5000,0.85,eps4.24e-05,202603262321,True,12,2017616,
results/online_link_prediction/Collab_FastPRB_alpha0.85_eps4.24e-05_T5000_k10_lr10.01_lr20.004_h100_ks40_202603301915,online_run_dir,ablation_eps,Collab,FastPRB,5000,0.85,eps4.24e-05,202603301915,True,12,2017616,
results/online_link_prediction/Collab_FastPRB_alpha0.85_eps4.24e-05_T5000_lr10.01_lr20.004_202601291248,online_run_dir,ablation_eps,Collab,FastPRB,5000,0.85,eps4.24e-05,202601291248,True,12,2017578,
results/online_link_prediction/Collab_FastPRB_alpha0.85_eps4.24e-05_T5000_lr10.01_lr20.004_h100_ks40_202603262013,online_run_dir,ablation_eps,Collab,FastPRB,5000,0.85,eps4.24e-05,202603262013,True,12,2017608,
results/online_link_prediction/Collab_FastPRB_alpha0.85_eps4.24e-06_T10000_lr10.01_lr20.004_h128_ks50_202603241606,online_run_dir,tuning,Collab,FastPRB,10000,0.85,eps4.24e-06,202603241606,True,12,4033607,
results/online_link_prediction/Collab_FastPRB_alpha0.85_eps4.24e-06_T10000_lr10.01_lr20.004_h256_ks113_202603241607,online_run_dir,tuning,Collab,FastPRB,10000,0.85,eps4.24e-06,202603241607,True,12,4033608,
results/online_link_prediction/Collab_FastPRB_alpha0.85_eps4.24e-06_T10000_lr10.01_lr20.004_h80_ks30_202603241606,online_run_dir,tuning,Collab,FastPRB,10000,0.85,eps4.24e-06,202603241606,True,12,4033606,
results/online_link_prediction/Collab_FastPRB_alpha0.85_eps4.24e-06_T10000_lr10.01_lr20.004_h80_ks30_202603241607,online_run_dir,tuning,Collab,FastPRB,10000,0.85,eps4.24e-06,202603241607,True,12,4033606,
results/online_link_prediction/Collab_FastPRB_alpha0.85_eps4.24e-06_T5000_k10_lr10.01_lr20.004_h100_ks40_202603270208,online_run_dir,tuning,Collab,FastPRB,5000,0.85,eps4.24e-06,202603270208,True,12,2017616,
results/online_link_prediction/Collab_FastPRB_alpha0.85_eps4.24e-06_T5000_k10_lr10.01_lr20.004_h100_ks40_202603280035,online_run_dir,tuning,Collab,FastPRB,5000,0.85,eps4.24e-06,202603280035,True,12,2017616,
results/online_link_prediction/Collab_FastPRB_alpha0.85_eps4.24e-06_T5000_k10_lr10.01_lr20.004_h100_ks40_202603310116,online_run_dir,tuning,Collab,FastPRB,5000,0.85,eps4.24e-06,202603310116,True,12,2017616,
results/online_link_prediction/Collab_FastPRB_alpha0.85_eps4.24e-06_T5000_lr10.01_lr20.004_202601240129,online_run_dir,paper_candidate,Collab,FastPRB,5000,0.85,eps4.24e-06,202601240129,True,2,2000280,
results/online_link_prediction/Collab_FastPRB_alpha0.85_eps4.24e-06_T5000_lr10.01_lr20.004_202601242113,online_run_dir,paper_candidate,Collab,FastPRB,5000,0.85,eps4.24e-06,202601242113,True,2,2000298,
results/online_link_prediction/Collab_FastPRB_alpha0.85_eps4.24e-06_T5000_lr10.01_lr20.004_202601260241,online_run_dir,paper_candidate,Collab,FastPRB,5000,0.85,eps4.24e-06,202601260241,True,2,2000297,
results/online_link_prediction/Collab_FastPRB_alpha0.85_eps4.24e-06_T5000_lr10.01_lr20.004_202601262150,online_run_dir,paper_candidate,Collab,FastPRB,5000,0.85,eps4.24e-06,202601262150,True,2,2000298,
results/online_link_prediction/Collab_FastPRB_alpha0.85_eps4.24e-06_T5000_lr10.01_lr20.004_202601272106,online_run_dir,paper_candidate,Collab,FastPRB,5000,0.85,eps4.24e-06,202601272106,True,2,2000298,
results/online_link_prediction/Collab_FastPRB_alpha0.85_eps4.24e-06_T5000_lr10.01_lr20.004_202601290028,online_run_dir,paper_candidate,Collab,FastPRB,5000,0.85,eps4.24e-06,202601290028,True,13,2017649,
results/online_link_prediction/Collab_FastPRB_alpha0.85_eps4.24e-06_T5000_lr10.01_lr20.004_202601291248,online_run_dir,paper_candidate,Collab,FastPRB,5000,0.85,eps4.24e-06,202601291248,True,12,2017578,
results/online_link_prediction/Collab_FastPRB_alpha0.85_eps4.24e-06_T5000_lr10.01_lr20.004_h100_ks40_202603250052,online_run_dir,tuning,Collab,FastPRB,5000,0.85,eps4.24e-06,202603250052,True,12,2017608,
results/online_link_prediction/Collab_FastPRB_alpha0.85_eps4.24e-06_T5000_lr10.01_lr20.004_h100_ks40_202603262013,online_run_dir,tuning,Collab,FastPRB,5000,0.85,eps4.24e-06,202603262013,True,13,2017690,
results/online_link_prediction/Collab_FastPRB_alpha0.85_eps4.24e-07_T5000_k10_lr10.01_lr20.004_h100_ks40_202603270208,online_run_dir,ablation_eps,Collab,FastPRB,5000,0.85,eps4.24e-07,202603270208,True,12,2017616,
results/online_link_prediction/Collab_FastPRB_alpha0.85_eps4.24e-07_T5000_k10_lr10.01_lr20.004_h100_ks40_202603310116,online_run_dir,ablation_eps,Collab,FastPRB,5000,0.85,eps4.24e-07,202603310116,True,12,2017616,
results/online_link_prediction/Collab_FastPRB_alpha0.85_eps4.24e-07_T5000_lr10.01_lr20.004_202601291248,online_run_dir,ablation_eps,Collab,FastPRB,5000,0.85,eps4.24e-07,202601291248,True,12,2017578,
results/online_link_prediction/Collab_FastPRB_alpha0.85_eps4.24e-07_T5000_lr10.01_lr20.004_h100_ks40_202603262013,online_run_dir,ablation_eps,Collab,FastPRB,5000,0.85,eps4.24e-07,202603262013,True,12,2017608,
results/online_link_prediction/Collab_FastPRB_alpha0.85_eps4.24e-08_T5000_lr10.01_lr20.004_202601251346,online_run_dir,ablation_eps,Collab,FastPRB,5000,0.85,eps4.24e-08,202601251346,True,2,2000297,
results/online_link_prediction/Collab_FastPRB_alpha0.85_eps4.24e-08_T5000_lr10.01_lr20.004_202601291249,online_run_dir,ablation_eps,Collab,FastPRB,5000,0.85,eps4.24e-08,202601291249,False,0,0,
results/online_link_prediction/Collab_FastPRB_alpha0.8_eps4.24e-06_T5000_lr10.01_lr20.004_202601282329,online_run_dir,ablation_alpha,Collab,FastPRB,5000,0.8,eps4.24e-06,202601282329,True,12,2017577,
results/online_link_prediction/Collab_FastPRB_alpha0.9_eps4.24e-06_T5000_lr10.01_lr20.004_202601282329,online_run_dir,ablation_alpha,Collab,FastPRB,5000,0.9,eps4.24e-06,202601282329,True,12,2017577,
results/online_link_prediction/Collab_PRB_alpha0.6_powT50_T5000_lr10.01_lr20.004_202601282326,online_run_dir,ablation_alpha,Collab,PRB,5000,0.6,powT50,202601282326,False,0,0,
results/online_link_prediction/Collab_PRB_alpha0.6_powT50_T5000_lr10.01_lr20.004_202601290033,online_run_dir,ablation_alpha,Collab,PRB,5000,0.6,powT50,202601290033,True,12,2017567,
results/online_link_prediction/Collab_PRB_alpha0.7_powT50_T5000_lr10.01_lr20.004_202601282327,online_run_dir,ablation_alpha,Collab,PRB,5000,0.7,powT50,202601282327,False,0,0,
results/online_link_prediction/Collab_PRB_alpha0.7_powT50_T5000_lr10.01_lr20.004_202601290033,online_run_dir,ablation_alpha,Collab,PRB,5000,0.7,powT50,202601290033,True,12,2017567,
results/online_link_prediction/Collab_PRB_alpha0.85_powT50_T5000_k10_lr10.01_lr20.004_h100_ks40_202603301446,online_run_dir,tuning,Collab,PRB,5000,0.85,powT50,202603301446,False,2,3456,
results/online_link_prediction/Collab_PRB_alpha0.85_powT50_T5000_k10_lr10.01_lr20.004_h100_ks40_202603301506,online_run_dir,tuning,Collab,PRB,5000,0.85,powT50,202603301506,True,12,2017607,
results/online_link_prediction/Collab_PRB_alpha0.85_powT50_T5000_lr10.01_lr20.004_202601240132,online_run_dir,paper_candidate,Collab,PRB,5000,0.85,powT50,202601240132,True,2,2000270,
results/online_link_prediction/Collab_PRB_alpha0.85_powT50_T5000_lr10.01_lr20.004_202601242114,online_run_dir,paper_candidate,Collab,PRB,5000,0.85,powT50,202601242114,True,2,2000288,
results/online_link_prediction/Collab_PRB_alpha0.85_powT50_T5000_lr10.01_lr20.004_202601250106,online_run_dir,paper_candidate,Collab,PRB,5000,0.85,powT50,202601250106,True,2,2000287,
results/online_link_prediction/Collab_PRB_alpha0.85_powT50_T5000_lr10.01_lr20.004_202601260241,online_run_dir,paper_candidate,Collab,PRB,5000,0.85,powT50,202601260241,True,2,2000287,
results/online_link_prediction/Collab_PRB_alpha0.85_powT50_T5000_lr10.01_lr20.004_202601262150,online_run_dir,paper_candidate,Collab,PRB,5000,0.85,powT50,202601262150,True,2,2000288,
results/online_link_prediction/Collab_PRB_alpha0.85_powT50_T5000_lr10.01_lr20.004_202601272106,online_run_dir,paper_candidate,Collab,PRB,5000,0.85,powT50,202601272106,True,2,2000288,
results/online_link_prediction/Collab_PRB_alpha0.85_powT50_T5000_lr10.01_lr20.004_202601290026,online_run_dir,paper_candidate,Collab,PRB,5000,0.85,powT50,202601290026,True,12,2017568,
results/online_link_prediction/Collab_PRB_alpha0.85_powT50_T5000_lr10.01_lr20.004_h100_ks40_202603250055,online_run_dir,tuning,Collab,PRB,5000,0.85,powT50,202603250055,True,12,2017598,
results/online_link_prediction/Collab_PRB_alpha0.85_powT50_T5000_lr10.01_lr20.004_h100_ks40_202603260000,online_run_dir,tuning,Collab,PRB,5000,0.85,powT50,202603260000,True,12,2017606,
results/online_link_prediction/Collab_PRB_alpha0.8_powT50_T5000_lr10.01_lr20.004_202601282327,online_run_dir,ablation_alpha,Collab,PRB,5000,0.8,powT50,202601282327,False,0,0,
results/online_link_prediction/Collab_PRB_alpha0.8_powT50_T5000_lr10.01_lr20.004_202601290033,online_run_dir,ablation_alpha,Collab,PRB,5000,0.8,powT50,202601290033,True,12,2017567,
results/online_link_prediction/Collab_PRB_alpha0.9_powT50_T5000_lr10.01_lr20.004_202601290042,online_run_dir,ablation_alpha,Collab,PRB,5000,0.9,powT50,202601290042,True,12,2017567,
results/online_link_prediction/Facebook_FastPRB_alpha0.85_eps0.000248_T10000_k10_initH1_initK5_lr10.06_lr20.02_h100_ks40_202605071344,online_run_dir,tuning,Facebook,FastPRB,10000,0.85,eps0.000248,202605071344,True,12,4033645,
results/online_link_prediction/Facebook_FastPRB_alpha0.85_eps0.000248_T10000_lr10.06_lr20.02_202601252055,online_run_dir,paper_candidate,Facebook,FastPRB,10000,0.85,eps0.000248,202601252055,True,2,4000300,
results/online_link_prediction/Facebook_FastPRB_alpha0.85_eps0.000248_T10000_lr10.06_lr20.02_202601260241,online_run_dir,paper_candidate,Facebook,FastPRB,10000,0.85,eps0.000248,202601260241,True,2,4000299,
results/online_link_prediction/Facebook_FastPRB_alpha0.85_eps0.000248_T10000_lr10.06_lr20.02_202601261325,online_run_dir,paper_candidate,Facebook,FastPRB,10000,0.85,eps0.000248,202601261325,True,2,4000300,
results/online_link_prediction/Facebook_FastPRB_alpha0.85_eps0.000248_T10000_lr10.06_lr20.02_202601261327,online_run_dir,paper_candidate,Facebook,FastPRB,10000,0.85,eps0.000248,202601261327,True,2,4000300,
results/online_link_prediction/Facebook_FastPRB_alpha0.85_eps0.000248_T10000_lr10.06_lr20.02_202601291452,online_run_dir,paper_candidate,Facebook,FastPRB,10000,0.85,eps0.000248,202601291452,True,12,4033580,
results/online_link_prediction/Facebook_FastPRB_alpha0.85_eps0.000248_T10000_lr10.06_lr20.02_202601291743,online_run_dir,paper_candidate,Facebook,FastPRB,10000,0.85,eps0.000248,202601291743,True,12,4033580,
results/online_link_prediction/Facebook_PRB_alpha0.85_powT50_T10000_lr10.06_lr20.02_202601252130,online_run_dir,paper_candidate,Facebook,PRB,10000,0.85,powT50,202601252130,True,2,4000290,
results/online_link_prediction/Facebook_PRB_alpha0.85_powT50_T10000_lr10.06_lr20.02_202601260241,online_run_dir,paper_candidate,Facebook,PRB,10000,0.85,powT50,202601260241,True,2,4000289,
results/online_link_prediction/Facebook_PRB_alpha0.85_powT50_T10000_lr10.06_lr20.02_202601291452,online_run_dir,paper_candidate,Facebook,PRB,10000,0.85,powT50,202601291452,True,12,4033570,
results/online_link_prediction/Grqc_FastPRB_alpha0.85_eps0.000191_T10000_lr10.01_lr20.001_202601252247,online_run_dir,paper_candidate,Grqc,FastPRB,10000,0.85,eps0.000191,202601252247,True,2,4000297,
results/online_link_prediction/Grqc_FastPRB_alpha0.85_eps0.000191_T10000_lr10.01_lr20.004_202601252055,online_run_dir,paper_candidate,Grqc,FastPRB,10000,0.85,eps0.000191,202601252055,True,2,4000297,
results/online_link_prediction/Grqc_FastPRB_alpha0.85_eps0.000191_T10000_lr10.01_lr20.004_202601260241,online_run_dir,paper_candidate,Grqc,FastPRB,10000,0.85,eps0.000191,202601260241,True,2,4000296,
results/online_link_prediction/Grqc_FastPRB_alpha0.85_eps0.000191_T10000_lr10.01_lr20.004_202601261325,online_run_dir,paper_candidate,Grqc,FastPRB,10000,0.85,eps0.000191,202601261325,True,2,4000297,
results/online_link_prediction/Grqc_FastPRB_alpha0.85_eps0.000191_T10000_lr10.01_lr20.004_202601261327,online_run_dir,paper_candidate,Grqc,FastPRB,10000,0.85,eps0.000191,202601261327,True,2,4000297,
results/online_link_prediction/Grqc_FastPRB_alpha0.85_eps0.000191_T10000_lr10.01_lr20.004_202601291452,online_run_dir,paper_candidate,Grqc,FastPRB,10000,0.85,eps0.000191,202601291452,True,12,4033577,
results/online_link_prediction/Grqc_FastPRB_alpha0.85_eps0.000191_T10000_lr10.01_lr20.004_202601291743,online_run_dir,paper_candidate,Grqc,FastPRB,10000,0.85,eps0.000191,202601291743,True,12,4033577,
results/online_link_prediction/Grqc_FastPRB_alpha0.85_eps0.000191_T10000_lr10.01_lr20.005_202601252248,online_run_dir,paper_candidate,Grqc,FastPRB,10000,0.85,eps0.000191,202601252248,True,2,4000297,
results/online_link_prediction/Grqc_FastPRB_alpha0.85_eps0.000191_T10000_lr10.05_lr20.05_202601252248,online_run_dir,paper_candidate,Grqc,FastPRB,10000,0.85,eps0.000191,202601252248,True,2,4000296,
results/online_link_prediction/Grqc_FastPRB_alpha0.85_eps0.000191_T10000_lr10.1_lr20.01_202601252247,online_run_dir,paper_candidate,Grqc,FastPRB,10000,0.85,eps0.000191,202601252247,True,2,4000295,
results/online_link_prediction/Grqc_PRB_alpha0.85_powT50_T10000_lr10.01_lr20.004_202601252130,online_run_dir,paper_candidate,Grqc,PRB,10000,0.85,powT50,202601252130,True,2,4000287,
results/online_link_prediction/Grqc_PRB_alpha0.85_powT50_T10000_lr10.01_lr20.004_202601260241,online_run_dir,paper_candidate,Grqc,PRB,10000,0.85,powT50,202601260241,True,2,4000286,
results/online_link_prediction/Grqc_PRB_alpha0.85_powT50_T10000_lr10.01_lr20.004_202601291452,online_run_dir,paper_candidate,Grqc,PRB,10000,0.85,powT50,202601291452,True,12,4033567,
results/online_link_prediction/MovieLens_FastPRB_alpha0.15_eps8.33e-05_T10000_k10_initH0_initK0_lr10.0073_lr20.0004_h100_ks40_202605111132,online_run_dir,ablation_alpha,MovieLens,FastPRB,10000,0.15,eps8.33e-05,202605111132,True,12,4033650,
results/online_link_prediction/MovieLens_FastPRB_alpha0.15_eps8.33e-05_T10000_k10_initH0_initK0_lr10.0073_lr20.0004_h100_ks40_202605111518,online_run_dir,ablation_alpha,MovieLens,FastPRB,10000,0.15,eps8.33e-05,202605111518,True,12,4033650,
results/online_link_prediction/MovieLens_FastPRB_alpha0.15_eps8.33e-05_T10000_k10_initH1_initK1_lr10.0073_lr20.0004_h100_ks40_202605110944,online_run_dir,ablation_alpha,MovieLens,FastPRB,10000,0.15,eps8.33e-05,202605110944,True,12,4033650,
results/online_link_prediction/MovieLens_FastPRB_alpha0.15_eps8.33e-05_T10000_k10_initH1_initK3_lr10.0073_lr20.0004_h100_ks40_202605111132,online_run_dir,ablation_alpha,MovieLens,FastPRB,10000,0.15,eps8.33e-05,202605111132,True,12,4033650,
results/online_link_prediction/MovieLens_FastPRB_alpha0.15_eps8.33e-05_T10000_k10_initH1_initK5_lr10.0073_lr20.0004_h100_ks40_202605111132,online_run_dir,ablation_alpha,MovieLens,FastPRB,10000,0.15,eps8.33e-05,202605111132,True,12,4033650,
results/online_link_prediction/MovieLens_FastPRB_alpha0.15_eps8.33e-05_T10000_k10_initH1_initK5_lr10.0073_lr20.0004_h100_ks40_202605111550,online_run_dir,ablation_alpha,MovieLens,FastPRB,10000,0.15,eps8.33e-05,202605111550,True,12,4033650,
results/online_link_prediction/MovieLens_FastPRB_alpha0.6_eps8.33e-05_T10000_lr10.0073_lr20.0004_202601280037,online_run_dir,ablation_alpha,MovieLens,FastPRB,10000,0.6,eps8.33e-05,202601280037,True,2,4000303,
results/online_link_prediction/MovieLens_FastPRB_alpha0.7_eps8.33e-05_T10000_lr10.0073_lr20.0004_202601280037,online_run_dir,ablation_alpha,MovieLens,FastPRB,10000,0.7,eps8.33e-05,202601280037,True,2,4000303,
results/online_link_prediction/MovieLens_FastPRB_alpha0.85_eps0.0001_T10000_lr10.0073_lr20.0004_202601231340,online_run_dir,ablation_eps,MovieLens,FastPRB,10000,0.85,eps0.0001,202601231340,False,0,0,
results/online_link_prediction/MovieLens_FastPRB_alpha0.85_eps0.0005_T10000_lr10.0073_lr20.0004_202601231340,online_run_dir,ablation_eps,MovieLens,FastPRB,10000,0.85,eps0.0005,202601231340,False,0,0,
results/online_link_prediction/MovieLens_FastPRB_alpha0.85_eps0.000833_T10000_lr10.0073_lr20.0004_202601270125,online_run_dir,ablation_eps,MovieLens,FastPRB,10000,0.85,eps0.000833,202601270125,True,2,4000304,
results/online_link_prediction/MovieLens_FastPRB_alpha0.85_eps0.000833_T10000_lr10.0073_lr20.0004_202601272226,online_run_dir,ablation_eps,MovieLens,FastPRB,10000,0.85,eps0.000833,202601272226,True,2,4000305,
results/online_link_prediction/MovieLens_FastPRB_alpha0.85_eps0.001_T10000_lr10.0073_lr20.0004_202601231340,online_run_dir,ablation_eps,MovieLens,FastPRB,10000,0.85,eps0.001,202601231340,False,0,0,
results/online_link_prediction/MovieLens_FastPRB_alpha0.85_eps0.00416_T10000_lr10.0073_lr20.0004_202601281618,online_run_dir,ablation_eps,MovieLens,FastPRB,10000,0.85,eps0.00416,202601281618,False,0,0,
results/online_link_prediction/MovieLens_FastPRB_alpha0.85_eps0.00416_T10000_lr10.0073_lr20.0004_202601281620,online_run_dir,ablation_eps,MovieLens,FastPRB,10000,0.85,eps0.00416,202601281620,True,2,4000303,
results/online_link_prediction/MovieLens_FastPRB_alpha0.85_eps0.005_T10000_lr10.0073_lr20.0004_202601231340,online_run_dir,ablation_eps,MovieLens,FastPRB,10000,0.85,eps0.005,202601231340,False,0,0,
results/online_link_prediction/MovieLens_FastPRB_alpha0.85_eps0.00833_T10000_lr10.0073_lr20.0004_202601270125,online_run_dir,ablation_eps,MovieLens,FastPRB,10000,0.85,eps0.00833,202601270125,True,2,4000303,
results/online_link_prediction/MovieLens_FastPRB_alpha0.85_eps0.00833_T10000_lr10.0073_lr20.0004_202601272226,online_run_dir,ablation_eps,MovieLens,FastPRB,10000,0.85,eps0.00833,202601272226,True,2,4000304,
results/online_link_prediction/MovieLens_FastPRB_alpha0.85_eps0.01_T10000_lr10.0073_lr20.0004_202601231340,online_run_dir,ablation_eps,MovieLens,FastPRB,10000,0.85,eps0.01,202601231340,False,0,0,
results/online_link_prediction/MovieLens_FastPRB_alpha0.85_eps0.0416_T10000_lr10.0073_lr20.0004_202601281618,online_run_dir,ablation_eps,MovieLens,FastPRB,10000,0.85,eps0.0416,202601281618,False,0,0,
results/online_link_prediction/MovieLens_FastPRB_alpha0.85_eps0.0416_T10000_lr10.0073_lr20.0004_202601281620,online_run_dir,ablation_eps,MovieLens,FastPRB,10000,0.85,eps0.0416,202601281620,True,2,4000302,
results/online_link_prediction/MovieLens_FastPRB_alpha0.85_eps0.0833_T10000_lr10.0073_lr20.0004_202601270125,online_run_dir,ablation_eps,MovieLens,FastPRB,10000,0.85,eps0.0833,202601270125,True,2,4000302,
results/online_link_prediction/MovieLens_FastPRB_alpha0.85_eps0.0833_T10000_lr10.0073_lr20.0004_202601272226,online_run_dir,ablation_eps,MovieLens,FastPRB,10000,0.85,eps0.0833,202601272226,True,2,4000303,
results/online_link_prediction/MovieLens_FastPRB_alpha0.85_eps0.416_T10000_lr10.0073_lr20.0004_202601281616,online_run_dir,ablation_eps,MovieLens,FastPRB,10000,0.85,eps0.416,202601281616,False,0,0,
results/online_link_prediction/MovieLens_FastPRB_alpha0.85_eps0.416_T10000_lr10.0073_lr20.0004_202601281620,online_run_dir,ablation_eps,MovieLens,FastPRB,10000,0.85,eps0.416,202601281620,True,2,4000301,
results/online_link_prediction/MovieLens_FastPRB_alpha0.85_eps0.833_T10000_lr10.0073_lr20.0004_202601281616,online_run_dir,ablation_eps,MovieLens,FastPRB,10000,0.85,eps0.833,202601281616,False,0,0,
results/online_link_prediction/MovieLens_FastPRB_alpha0.85_eps0.833_T10000_lr10.0073_lr20.0004_202601281620,online_run_dir,ablation_eps,MovieLens,FastPRB,10000,0.85,eps0.833,202601281620,True,2,4000301,
results/online_link_prediction/MovieLens_FastPRB_alpha0.85_eps8.33e-05_T10000_k10_initH0_initK0_lr10.0073_lr20.0004_h100_ks40_202605110943,online_run_dir,tuning,MovieLens,FastPRB,10000,0.85,eps8.33e-05,202605110943,True,13,4033757,
results/online_link_prediction/MovieLens_FastPRB_alpha0.85_eps8.33e-05_T10000_k10_initH1_initK1_lr10.0073_lr20.0004_h100_ks40_202605110943,online_run_dir,tuning,MovieLens,FastPRB,10000,0.85,eps8.33e-05,202605110943,True,12,4033650,
results/online_link_prediction/MovieLens_FastPRB_alpha0.85_eps8.33e-05_T10000_k10_initH1_initK5_lr10.0073_lr20.0004_h100_ks40_202605061210,online_run_dir,tuning,MovieLens,FastPRB,10000,0.85,eps8.33e-05,202605061210,True,12,4033650,
results/online_link_prediction/MovieLens_FastPRB_alpha0.85_eps8.33e-05_T10000_k10_initH1_initK5_lr10.0073_lr20.0004_h100_ks40_202605071049,online_run_dir,tuning,MovieLens,FastPRB,10000,0.85,eps8.33e-05,202605071049,True,12,4033650,
results/online_link_prediction/MovieLens_FastPRB_alpha0.85_eps8.33e-05_T10000_k10_initH2_initK5_lr10.0073_lr20.0004_h100_ks40_202605071349,online_run_dir,tuning,MovieLens,FastPRB,10000,0.85,eps8.33e-05,202605071349,True,12,4033650,
results/online_link_prediction/MovieLens_FastPRB_alpha0.85_eps8.33e-05_T10000_k10_lr10.0073_lr20.0004_h100_ks40_202603280034,online_run_dir,tuning,MovieLens,FastPRB,10000,0.85,eps8.33e-05,202603280034,True,12,4033623,
results/online_link_prediction/MovieLens_FastPRB_alpha0.85_eps8.33e-05_T10000_k20_lr10.0073_lr20.0004_h100_ks40_202603262118,online_run_dir,tuning,MovieLens,FastPRB,10000,0.85,eps8.33e-05,202603262118,True,12,4033625,
results/online_link_prediction/MovieLens_FastPRB_alpha0.85_eps8.33e-05_T10000_k5_lr10.0073_lr20.0004_h100_ks40_202603262118,online_run_dir,tuning,MovieLens,FastPRB,10000,0.85,eps8.33e-05,202603262118,True,12,4033624,
results/online_link_prediction/MovieLens_FastPRB_alpha0.85_eps8.33e-05_T10000_lr10.0073_lr20.0004_202601252056,online_run_dir,paper_candidate,MovieLens,FastPRB,10000,0.85,eps8.33e-05,202601252056,True,2,4000305,
results/online_link_prediction/MovieLens_FastPRB_alpha0.85_eps8.33e-05_T10000_lr10.0073_lr20.0004_202601252259,online_run_dir,paper_candidate,MovieLens,FastPRB,10000,0.85,eps8.33e-05,202601252259,True,2,4000305,
results/online_link_prediction/MovieLens_FastPRB_alpha0.85_eps8.33e-05_T10000_lr10.0073_lr20.0004_202601260241,online_run_dir,paper_candidate,MovieLens,FastPRB,10000,0.85,eps8.33e-05,202601260241,True,2,4000304,
results/online_link_prediction/MovieLens_FastPRB_alpha0.85_eps8.33e-05_T10000_lr10.0073_lr20.0004_202601270125,online_run_dir,paper_candidate,MovieLens,FastPRB,10000,0.85,eps8.33e-05,202601270125,True,2,4000304,
results/online_link_prediction/MovieLens_FastPRB_alpha0.85_eps8.33e-05_T10000_lr10.0073_lr20.0004_202601271453,online_run_dir,paper_candidate,MovieLens,FastPRB,10000,0.85,eps8.33e-05,202601271453,True,2,4000305,
results/online_link_prediction/MovieLens_FastPRB_alpha0.85_eps8.33e-05_T10000_lr10.0073_lr20.0004_202601271805,online_run_dir,paper_candidate,MovieLens,FastPRB,10000,0.85,eps8.33e-05,202601271805,True,2,4000305,
results/online_link_prediction/MovieLens_FastPRB_alpha0.85_eps8.33e-05_T10000_lr10.0073_lr20.0004_202601271944,online_run_dir,paper_candidate,MovieLens,FastPRB,10000,0.85,eps8.33e-05,202601271944,False,0,0,
results/online_link_prediction/MovieLens_FastPRB_alpha0.85_eps8.33e-05_T10000_lr10.0073_lr20.0004_202601271945,online_run_dir,paper_candidate,MovieLens,FastPRB,10000,0.85,eps8.33e-05,202601271945,True,2,4000305,
results/online_link_prediction/MovieLens_FastPRB_alpha0.85_eps8.33e-05_T10000_lr10.0073_lr20.0004_202601272226,online_run_dir,paper_candidate,MovieLens,FastPRB,10000,0.85,eps8.33e-05,202601272226,True,2,4000305,
results/online_link_prediction/MovieLens_FastPRB_alpha0.85_eps8.33e-05_T10000_lr10.0073_lr20.0004_202601282237,online_run_dir,paper_candidate,MovieLens,FastPRB,10000,0.85,eps8.33e-05,202601282237,True,12,4033585,
results/online_link_prediction/MovieLens_FastPRB_alpha0.85_eps8.33e-05_T10000_lr10.0073_lr20.0004_202601290028,online_run_dir,paper_candidate,MovieLens,FastPRB,10000,0.85,eps8.33e-05,202601290028,False,6,19968,
results/online_link_prediction/MovieLens_FastPRB_alpha0.85_eps8.33e-05_T10000_lr10.0073_lr20.0004_202601291141,online_run_dir,paper_candidate,MovieLens,FastPRB,10000,0.85,eps8.33e-05,202601291141,True,12,4033585,
results/online_link_prediction/MovieLens_FastPRB_alpha0.85_eps8.33e-05_T10000_lr10.0073_lr20.0004_h100_ks30_202603251015,online_run_dir,tuning,MovieLens,FastPRB,10000,0.85,eps8.33e-05,202603251015,False,0,0,
results/online_link_prediction/MovieLens_FastPRB_alpha0.85_eps8.33e-05_T10000_lr10.0073_lr20.0004_h100_ks35_202603251015,online_run_dir,tuning,MovieLens,FastPRB,10000,0.85,eps8.33e-05,202603251015,False,0,0,
results/online_link_prediction/MovieLens_FastPRB_alpha0.85_eps8.33e-05_T10000_lr10.0073_lr20.0004_h100_ks40_202603250052,online_run_dir,tuning,MovieLens,FastPRB,10000,0.85,eps8.33e-05,202603250052,True,12,4033615,
results/online_link_prediction/MovieLens_FastPRB_alpha0.85_eps8.33e-05_T10000_lr10.0073_lr20.0004_h100_ks40_202603251015,online_run_dir,tuning,MovieLens,FastPRB,10000,0.85,eps8.33e-05,202603251015,False,0,0,
results/online_link_prediction/MovieLens_FastPRB_alpha0.85_eps8.33e-05_T10000_lr10.0073_lr20.0004_h100_ks40_202603261532,online_run_dir,tuning,MovieLens,FastPRB,10000,0.85,eps8.33e-05,202603261532,True,27,5249168,
results/online_link_prediction/MovieLens_FastPRB_alpha0.85_eps8.33e-05_T10000_lr10.0073_lr20.0004_h100_ks45_202603251015,online_run_dir,tuning,MovieLens,FastPRB,10000,0.85,eps8.33e-05,202603251015,False,0,0,
results/online_link_prediction/MovieLens_FastPRB_alpha0.85_eps8.33e-05_T10000_lr10.0073_lr20.0004_h100_ks50_202603251018,online_run_dir,tuning,MovieLens,FastPRB,10000,0.85,eps8.33e-05,202603251018,False,0,0,
results/online_link_prediction/MovieLens_FastPRB_alpha0.85_eps8.33e-05_T10000_lr10.0073_lr20.0004_h128_ks40_202603220013,online_run_dir,tuning,MovieLens,FastPRB,10000,0.85,eps8.33e-05,202603220013,True,12,4033613,
results/online_link_prediction/MovieLens_FastPRB_alpha0.85_eps8.33e-05_T10000_lr10.0073_lr20.0004_h128_ks50_202603220014,online_run_dir,tuning,MovieLens,FastPRB,10000,0.85,eps8.33e-05,202603220014,True,12,4033613,
results/online_link_prediction/MovieLens_FastPRB_alpha0.85_eps8.33e-05_T10000_lr10.0073_lr20.0004_h20_ks10_202603231419,online_run_dir,tuning,MovieLens,FastPRB,10000,0.85,eps8.33e-05,202603231419,False,0,0,
results/online_link_prediction/MovieLens_FastPRB_alpha0.85_eps8.33e-05_T10000_lr10.0073_lr20.0004_h20_ks9_202603231522,online_run_dir,tuning,MovieLens,FastPRB,10000,0.85,eps8.33e-05,202603231522,True,12,4033611,
results/online_link_prediction/MovieLens_FastPRB_alpha0.85_eps8.33e-05_T10000_lr10.0073_lr20.0004_h256_ks113_202603230044,online_run_dir,tuning,MovieLens,FastPRB,10000,0.85,eps8.33e-05,202603230044,True,12,4033614,
results/online_link_prediction/MovieLens_FastPRB_alpha0.85_eps8.33e-05_T10000_lr10.0073_lr20.0004_h44_ks20_202603231522,online_run_dir,tuning,MovieLens,FastPRB,10000,0.85,eps8.33e-05,202603231522,True,12,4033612,
results/online_link_prediction/MovieLens_FastPRB_alpha0.85_eps8.33e-05_T10000_lr10.0073_lr20.0004_h512_ks220_202603230044,online_run_dir,tuning,MovieLens,FastPRB,10000,0.85,eps8.33e-05,202603230044,True,13,4033704,
results/online_link_prediction/MovieLens_FastPRB_alpha0.85_eps8.33e-05_T10000_lr10.0073_lr20.0004_h80_ks30_202603230045,online_run_dir,tuning,MovieLens,FastPRB,10000,0.85,eps8.33e-05,202603230045,True,12,4033612,
results/online_link_prediction/MovieLens_FastPRB_alpha0.85_eps8.33e-05_T1_k10_initH0_initK0_lr10.0073_lr20.0004_h100_ks40_202607091409,online_run_dir,smoke_test,MovieLens,FastPRB,1,0.85,eps8.33e-05,202607091409,True,3,548,T<=1
results/online_link_prediction/MovieLens_FastPRB_alpha0.85_eps8.33e-05_T1_k10_initH0_initK0_lr10.0073_lr20.0004_h100_ks40_202607091427,online_run_dir,smoke_test,MovieLens,FastPRB,1,0.85,eps8.33e-05,202607091427,True,3,548,T<=1
results/online_link_prediction/MovieLens_FastPRB_alpha0.85_eps8.33e-05_T1_k10_initH0_initK0_lr10.0073_lr20.0004_h100_ks40_202607091430,online_run_dir,smoke_test,MovieLens,FastPRB,1,0.85,eps8.33e-05,202607091430,True,3,548,T<=1
results/online_link_prediction/MovieLens_FastPRB_alpha0.85_eps8.33e-05_T2000_lr10.0073_lr20.0004_202601282224,online_run_dir,paper_candidate,MovieLens,FastPRB,2000,0.85,eps8.33e-05,202601282224,True,3,81070,
results/online_link_prediction/MovieLens_FastPRB_alpha0.85_eps8.33e-05_T500_lr10.0073_lr20.0004_202601282208,online_run_dir,paper_candidate,MovieLens,FastPRB,500,0.85,eps8.33e-05,202601282208,False,0,0,
results/online_link_prediction/MovieLens_FastPRB_alpha0.85_eps8.33e-05_T500_lr10.0073_lr20.0004_202601282219,online_run_dir,paper_candidate,MovieLens,FastPRB,500,0.85,eps8.33e-05,202601282219,True,3,20589,
results/online_link_prediction/MovieLens_FastPRB_alpha0.85_eps8.33e-06_T10000_lr10.0073_lr20.0004_202601270126,online_run_dir,ablation_eps,MovieLens,FastPRB,10000,0.85,eps8.33e-06,202601270126,True,2,4000304,
results/online_link_prediction/MovieLens_FastPRB_alpha0.85_eps8.33e-06_T10000_lr10.0073_lr20.0004_202601272226,online_run_dir,ablation_eps,MovieLens,FastPRB,10000,0.85,eps8.33e-06,202601272226,True,2,4000305,
results/online_link_prediction/MovieLens_FastPRB_alpha0.85_eps8.33e-07_T10000_lr10.0073_lr20.0004_202601270126,online_run_dir,ablation_eps,MovieLens,FastPRB,10000,0.85,eps8.33e-07,202601270126,True,2,4000304,
results/online_link_prediction/MovieLens_FastPRB_alpha0.85_eps8.33e-07_T10000_lr10.0073_lr20.0004_202601272227,online_run_dir,ablation_eps,MovieLens,FastPRB,10000,0.85,eps8.33e-07,202601272227,True,2,4000305,
results/online_link_prediction/MovieLens_FastPRB_alpha0.85_eps8.33e-08_T10000_lr10.0073_lr20.0004_202601270126,online_run_dir,ablation_eps,MovieLens,FastPRB,10000,0.85,eps8.33e-08,202601270126,True,2,4000304,
results/online_link_prediction/MovieLens_FastPRB_alpha0.8_eps8.33e-05_T10000_lr10.0073_lr20.0004_202601280037,online_run_dir,ablation_alpha,MovieLens,FastPRB,10000,0.8,eps8.33e-05,202601280037,True,2,4000303,
results/online_link_prediction/MovieLens_FastPRB_alpha0.9_eps8.33e-05_T10000_lr10.0073_lr20.0004_202601280037,online_run_dir,ablation_alpha,MovieLens,FastPRB,10000,0.9,eps8.33e-05,202601280037,True,2,4000303,
results/online_link_prediction/MovieLens_FastPRB_compareGraph_alpha0.5_eps0.0001_T10000_lr10.0073_lr20.0004_202603212353,online_run_dir,tuning,MovieLens,FastPRB,10000,0.5,eps0.0001,202603212353,False,4,8000604,compareGraph
results/online_link_prediction/MovieLens_FastPRB_compareGraph_alpha0.5_eps8.33e-05_T10000_lr10.0073_lr20.0004_h100_ks40_202603230046,online_run_dir,tuning,MovieLens,FastPRB,10000,0.5,eps8.33e-05,202603230046,False,4,8000668,compareGraph
results/online_link_prediction/MovieLens_FastPRB_compareGraph_alpha0.85_eps0.0001_T1000_lr10.1_lr20.01_202603161748,online_run_dir,tuning,MovieLens,FastPRB,1000,0.85,eps0.0001,202603161748,False,0,0,compareGraph
results/online_link_prediction/MovieLens_FastPRB_compareGraph_alpha0.85_eps0.0001_T2000_lr10.1_lr20.01_202603161759,online_run_dir,tuning,MovieLens,FastPRB,2000,0.85,eps0.0001,202603161759,False,4,800590,compareGraph
results/online_link_prediction/MovieLens_PRB_alpha0.6_powT50_T10000_lr10.0073_lr20.0004_202601280038,online_run_dir,ablation_alpha,MovieLens,PRB,10000,0.6,powT50,202601280038,True,2,4000293,
results/online_link_prediction/MovieLens_PRB_alpha0.7_powT50_T10000_lr10.0073_lr20.0004_202601280038,online_run_dir,ablation_alpha,MovieLens,PRB,10000,0.7,powT50,202601280038,True,2,4000293,
results/online_link_prediction/MovieLens_PRB_alpha0.85_powT50_T10000_k10_lr10.0073_lr20.0004_h100_ks40_202603280034,online_run_dir,tuning,MovieLens,PRB,10000,0.85,powT50,202603280034,True,12,4033613,
results/online_link_prediction/MovieLens_PRB_alpha0.85_powT50_T10000_lr10.0073_lr20.0004_202601252128,online_run_dir,paper_candidate,MovieLens,PRB,10000,0.85,powT50,202601252128,True,2,4000295,
results/online_link_prediction/MovieLens_PRB_alpha0.85_powT50_T10000_lr10.0073_lr20.0004_202601260241,online_run_dir,paper_candidate,MovieLens,PRB,10000,0.85,powT50,202601260241,True,2,4000294,
results/online_link_prediction/MovieLens_PRB_alpha0.85_powT50_T10000_lr10.0073_lr20.0004_202601272000,online_run_dir,paper_candidate,MovieLens,PRB,10000,0.85,powT50,202601272000,True,2,4000295,
results/online_link_prediction/MovieLens_PRB_alpha0.85_powT50_T10000_lr10.0073_lr20.0004_202601280037,online_run_dir,paper_candidate,MovieLens,PRB,10000,0.85,powT50,202601280037,True,2,4000294,
results/online_link_prediction/MovieLens_PRB_alpha0.85_powT50_T10000_lr10.0073_lr20.0004_202601290025,online_run_dir,paper_candidate,MovieLens,PRB,10000,0.85,powT50,202601290025,True,12,4033575,
results/online_link_prediction/MovieLens_PRB_alpha0.85_powT50_T10000_lr10.0073_lr20.0004_h100_ks40_202603250055,online_run_dir,tuning,MovieLens,PRB,10000,0.85,powT50,202603250055,True,12,4033605,
results/online_link_prediction/MovieLens_PRB_alpha0.8_powT50_T10000_lr10.0073_lr20.0004_202601280038,online_run_dir,ablation_alpha,MovieLens,PRB,10000,0.8,powT50,202601280038,True,2,4000293,
results/online_link_prediction/MovieLens_PRB_alpha0.9_powT50_T10000_lr10.0073_lr20.0004_202601280038,online_run_dir,ablation_alpha,MovieLens,PRB,10000,0.9,powT50,202601280038,True,2,4000293,
results/online_link_prediction/MovieLens_PRB_compareGraph_alpha0.85_powT50_T10000_lr10.0073_lr20.0004_h100_ks40_202603230047,online_run_dir,tuning,MovieLens,PRB,10000,0.85,powT50,202603230047,False,4,8000650,compareGraph
results/online_link_prediction/PPA_FastPRB_alpha0.85_eps0.000191_T5000_lr10.01_lr20.004_202601250049,online_run_dir,paper_candidate,PPA,FastPRB,5000,0.85,eps0.000191,202601250049,True,2,2000295,
results/online_link_prediction/PPA_FastPRB_alpha0.85_eps1.74e-06_T5000_k10_lr10.01_lr20.004_h100_ks40_202603281202,online_run_dir,tuning,PPA,FastPRB,5000,0.85,eps1.74e-06,202603281202,False,0,0,
results/online_link_prediction/PPA_FastPRB_alpha0.85_eps1.74e-06_T5000_k10_lr10.01_lr20.004_h100_ks40_202603281204,online_run_dir,tuning,PPA,FastPRB,5000,0.85,eps1.74e-06,202603281204,True,12,2017613,
results/online_link_prediction/PPA_FastPRB_alpha0.85_eps1.74e-06_T5000_lr10.01_lr20.004_202601251347,online_run_dir,paper_candidate,PPA,FastPRB,5000,0.85,eps1.74e-06,202601251347,True,2,2000294,
results/online_link_prediction/PPA_FastPRB_alpha0.85_eps1.74e-06_T5000_lr10.01_lr20.004_202601260241,online_run_dir,paper_candidate,PPA,FastPRB,5000,0.85,eps1.74e-06,202601260241,True,2,2000294,
results/online_link_prediction/PPA_FastPRB_alpha0.85_eps1.74e-06_T5000_lr10.01_lr20.004_202601262150,online_run_dir,paper_candidate,PPA,FastPRB,5000,0.85,eps1.74e-06,202601262150,True,2,2000295,
results/online_link_prediction/PPA_FastPRB_alpha0.85_eps1.74e-06_T5000_lr10.01_lr20.004_202601290028,online_run_dir,paper_candidate,PPA,FastPRB,5000,0.85,eps1.74e-06,202601290028,False,3,5184,
results/online_link_prediction/PPA_FastPRB_alpha0.85_eps1.74e-06_T5000_lr10.01_lr20.004_202601291141,online_run_dir,paper_candidate,PPA,FastPRB,5000,0.85,eps1.74e-06,202601291141,True,12,2017575,
results/online_link_prediction/PPA_FastPRB_alpha0.85_eps1e-05_T500_lr10.01_lr20.004_202601241644,online_run_dir,ablation_eps,PPA,FastPRB,500,0.85,eps1e-05,202601241644,True,2,20288,
results/online_link_prediction/PPA_PRB_alpha0.85_powT50_T5000_k10_lr10.01_lr20.004_h100_ks40_202603281202,online_run_dir,tuning,PPA,PRB,5000,0.85,powT50,202603281202,False,0,0,
results/online_link_prediction/PPA_PRB_alpha0.85_powT50_T5000_k10_lr10.01_lr20.004_h100_ks40_202603281204,online_run_dir,tuning,PPA,PRB,5000,0.85,powT50,202603281204,False,1,1728,
results/online_link_prediction/PPA_PRB_alpha0.85_powT50_T5000_lr10.01_lr20.004_202601211613,online_run_dir,paper_candidate,PPA,PRB,5000,0.85,powT50,202601211613,True,2,600266,
results/online_link_prediction/PPA_PRB_alpha0.85_powT50_T5000_lr10.01_lr20.004_202601250106,online_run_dir,paper_candidate,PPA,PRB,5000,0.85,powT50,202601250106,True,2,2000284,
results/online_link_prediction/PPA_PRB_alpha0.85_powT50_T5000_lr10.01_lr20.004_202601262150,online_run_dir,paper_candidate,PPA,PRB,5000,0.85,powT50,202601262150,True,2,2000285,
results/online_link_prediction/PPA_PRB_alpha0.85_powT50_T5000_lr10.01_lr20.004_202601290026,online_run_dir,paper_candidate,PPA,PRB,5000,0.85,powT50,202601290026,False,0,0,
results/online_link_prediction/Vessel_FastPRB_alpha0.85_eps2.86e-07_T5000_k10_lr10.01_lr20.004_h100_ks40_202603281205,online_run_dir,tuning,Vessel,FastPRB,5000,0.85,eps2.86e-07,202603281205,False,0,0,
results/online_link_prediction/Vessel_FastPRB_alpha0.85_eps2.86e-07_T5000_lr10.01_lr20.004_202601241940,online_run_dir,paper_candidate,Vessel,FastPRB,5000,0.85,eps2.86e-07,202601241940,True,3,2000459,
results/online_link_prediction/Vessel_FastPRB_alpha0.85_eps2.86e-07_T5000_lr10.01_lr20.004_202601242113,online_run_dir,paper_candidate,Vessel,FastPRB,5000,0.85,eps2.86e-07,202601242113,True,2,2000298,
results/online_link_prediction/Vessel_FastPRB_alpha0.85_eps2.86e-07_T5000_lr10.01_lr20.004_202601260241,online_run_dir,paper_candidate,Vessel,FastPRB,5000,0.85,eps2.86e-07,202601260241,True,2,2000297,
results/online_link_prediction/Vessel_FastPRB_alpha0.85_eps2.86e-07_T5000_lr10.01_lr20.004_202601261824,online_run_dir,paper_candidate,Vessel,FastPRB,5000,0.85,eps2.86e-07,202601261824,True,2,2000298,
results/online_link_prediction/Vessel_FastPRB_alpha0.85_eps2.86e-07_T5000_lr10.01_lr20.004_202601270100,online_run_dir,paper_candidate,Vessel,FastPRB,5000,0.85,eps2.86e-07,202601270100,True,2,2000298,
results/online_link_prediction/Vessel_FastPRB_alpha0.85_eps2.86e-07_T5000_lr10.01_lr20.004_202601271451,online_run_dir,paper_candidate,Vessel,FastPRB,5000,0.85,eps2.86e-07,202601271451,True,2,2000298,
results/online_link_prediction/Vessel_FastPRB_alpha0.85_eps2.86e-07_T5000_lr10.01_lr20.004_202601272000,online_run_dir,paper_candidate,Vessel,FastPRB,5000,0.85,eps2.86e-07,202601272000,True,2,2000298,
results/online_link_prediction/Vessel_FastPRB_alpha0.85_eps2.86e-07_T5000_lr10.01_lr20.004_202601290028,online_run_dir,paper_candidate,Vessel,FastPRB,5000,0.85,eps2.86e-07,202601290028,True,12,2017577,
results/online_link_prediction/Vessel_PRB_alpha0.85_powT50_T5000_k10_lr10.01_lr20.004_h100_ks40_202603281205,online_run_dir,tuning,Vessel,PRB,5000,0.85,powT50,202603281205,False,0,0,
results/online_link_prediction/Vessel_PRB_alpha0.85_powT50_T5000_lr10.01_lr20.004_202601250107,online_run_dir,paper_candidate,Vessel,PRB,5000,0.85,powT50,202601250107,True,2,2000287,
results/online_link_prediction/Vessel_PRB_alpha0.85_powT50_T5000_lr10.01_lr20.004_202601262346,online_run_dir,paper_candidate,Vessel,PRB,5000,0.85,powT50,202601262346,True,2,2000288,
results/online_link_prediction/Vessel_PRB_alpha0.85_powT50_T5000_lr10.01_lr20.004_202601270100,online_run_dir,paper_candidate,Vessel,PRB,5000,0.85,powT50,202601270100,True,2,2000288,
results/online_link_prediction/Vessel_PRB_alpha0.85_powT50_T5000_lr10.01_lr20.004_202601271451,online_run_dir,paper_candidate,Vessel,PRB,5000,0.85,powT50,202601271451,True,2,2000288,
results/online_link_prediction/Vessel_PRB_alpha0.85_powT50_T5000_lr10.01_lr20.004_202601272000,online_run_dir,paper_candidate,Vessel,PRB,5000,0.85,powT50,202601272000,True,2,2000288,
results/online_link_prediction/Vessel_PRB_alpha0.85_powT50_T5000_lr10.01_lr20.004_202601290026,online_run_dir,paper_candidate,Vessel,PRB,5000,0.85,powT50,202601290026,False,0,0,
results/online_link_prediction/plots,online_run_dir,paper_candidate,,,,,,plots,False,2002,197267337,
results/online_link_prediction/plots/202601282354_Batch_Output/MovieLens_FastPRB_alpha0.85_eps8.33e-05_T10000_lr10.0073_lr20.0004_202601282237_Details/worker_0_TimeAcc.png,plot_file,plot,,,,,,,False,1,101868,png
results/online_link_prediction/plots/202601282354_Batch_Output/MovieLens_FastPRB_alpha0.85_eps8.33e-05_T10000_lr10.0073_lr20.0004_202601282237_Details/worker_1_TimeAcc.png,plot_file,plot,,,,,,,False,1,98867,png
results/online_link_prediction/plots/202601282354_Batch_Output/MovieLens_FastPRB_alpha0.85_eps8.33e-05_T10000_lr10.0073_lr20.0004_202601282237_Details/worker_2_TimeAcc.png,plot_file,plot,,,,,,,False,1,98762,png
results/online_link_prediction/plots/202601282354_Batch_Output/MovieLens_FastPRB_alpha0.85_eps8.33e-05_T10000_lr10.0073_lr20.0004_202601282237_Details/worker_3_TimeAcc.png,plot_file,plot,,,,,,,False,1,101480,png
results/online_link_prediction/plots/202601282354_Batch_Output/MovieLens_FastPRB_alpha0.85_eps8.33e-05_T10000_lr10.0073_lr20.0004_202601282237_Details/worker_4_TimeAcc.png,plot_file,plot,,,,,,,False,1,101909,png
results/online_link_prediction/plots/202601282354_Batch_Output/MovieLens_FastPRB_alpha0.85_eps8.33e-05_T10000_lr10.0073_lr20.0004_202601282237_Details/worker_5_TimeAcc.png,plot_file,plot,,,,,,,False,1,100868,png
results/online_link_prediction/plots/202601282354_Batch_Output/MovieLens_FastPRB_alpha0.85_eps8.33e-05_T10000_lr10.0073_lr20.0004_202601282237_Details/worker_6_TimeAcc.png,plot_file,plot,,,,,,,False,1,99141,png
results/online_link_prediction/plots/202601282354_Batch_Output/MovieLens_FastPRB_alpha0.85_eps8.33e-05_T10000_lr10.0073_lr20.0004_202601282237_Details/worker_7_TimeAcc.png,plot_file,plot,,,,,,,False,1,97906,png
results/online_link_prediction/plots/202601282354_Batch_Output/MovieLens_FastPRB_alpha0.85_eps8.33e-05_T10000_lr10.0073_lr20.0004_202601282237_Details/worker_8_TimeAcc.png,plot_file,plot,,,,,,,False,1,98673,png
results/online_link_prediction/plots/202601282354_Batch_Output/MovieLens_FastPRB_alpha0.85_eps8.33e-05_T10000_lr10.0073_lr20.0004_202601282237_Details/worker_9_TimeAcc.png,plot_file,plot,,,,,,,False,1,100225,png
results/online_link_prediction/plots/202601282354_Batch_Output/MovieLens_Regret_Aggregate.png,plot_file,plot,,,,,,,False,1,176708,png
results/online_link_prediction/plots/202601290000_Batch_Output/Collab_FastPRB_alpha0.6_eps4.24e-06_T5000_lr10.01_lr20.004_202601282329_Details/worker_0_TimeAcc.png,plot_file,plot,,,,,,,False,1,102682,png
results/online_link_prediction/plots/202601290000_Batch_Output/Collab_FastPRB_alpha0.6_eps4.24e-06_T5000_lr10.01_lr20.004_202601282329_Details/worker_1_TimeAcc.png,plot_file,plot,,,,,,,False,1,106374,png
results/online_link_prediction/plots/202601290000_Batch_Output/Collab_FastPRB_alpha0.6_eps4.24e-06_T5000_lr10.01_lr20.004_202601282329_Details/worker_2_TimeAcc.png,plot_file,plot,,,,,,,False,1,108003,png
results/online_link_prediction/plots/202601290000_Batch_Output/Collab_FastPRB_alpha0.6_eps4.24e-06_T5000_lr10.01_lr20.004_202601282329_Details/worker_3_TimeAcc.png,plot_file,plot,,,,,,,False,1,100191,png
results/online_link_prediction/plots/202601290000_Batch_Output/Collab_FastPRB_alpha0.6_eps4.24e-06_T5000_lr10.01_lr20.004_202601282329_Details/worker_4_TimeAcc.png,plot_file,plot,,,,,,,False,1,104913,png
results/online_link_prediction/plots/202601290000_Batch_Output/Collab_FastPRB_alpha0.6_eps4.24e-06_T5000_lr10.01_lr20.004_202601282329_Details/worker_5_TimeAcc.png,plot_file,plot,,,,,,,False,1,107917,png
results/online_link_prediction/plots/202601290000_Batch_Output/Collab_FastPRB_alpha0.6_eps4.24e-06_T5000_lr10.01_lr20.004_202601282329_Details/worker_6_TimeAcc.png,plot_file,plot,,,,,,,False,1,104487,png
results/online_link_prediction/plots/202601290000_Batch_Output/Collab_FastPRB_alpha0.6_eps4.24e-06_T5000_lr10.01_lr20.004_202601282329_Details/worker_7_TimeAcc.png,plot_file,plot,,,,,,,False,1,106590,png
results/online_link_prediction/plots/202601290000_Batch_Output/Collab_FastPRB_alpha0.6_eps4.24e-06_T5000_lr10.01_lr20.004_202601282329_Details/worker_8_TimeAcc.png,plot_file,plot,,,,,,,False,1,107337,png
results/online_link_prediction/plots/202601290000_Batch_Output/Collab_FastPRB_alpha0.6_eps4.24e-06_T5000_lr10.01_lr20.004_202601282329_Details/worker_9_TimeAcc.png,plot_file,plot,,,,,,,False,1,106195,png
results/online_link_prediction/plots/202601290000_Batch_Output/Collab_FastPRB_alpha0.7_eps4.24e-06_T5000_lr10.01_lr20.004_202601282329_Details/worker_0_TimeAcc.png,plot_file,plot,,,,,,,False,1,100408,png
results/online_link_prediction/plots/202601290000_Batch_Output/Collab_FastPRB_alpha0.7_eps4.24e-06_T5000_lr10.01_lr20.004_202601282329_Details/worker_1_TimeAcc.png,plot_file,plot,,,,,,,False,1,101549,png
results/online_link_prediction/plots/202601290000_Batch_Output/Collab_FastPRB_alpha0.7_eps4.24e-06_T5000_lr10.01_lr20.004_202601282329_Details/worker_2_TimeAcc.png,plot_file,plot,,,,,,,False,1,98246,png
results/online_link_prediction/plots/202601290000_Batch_Output/Collab_FastPRB_alpha0.7_eps4.24e-06_T5000_lr10.01_lr20.004_202601282329_Details/worker_3_TimeAcc.png,plot_file,plot,,,,,,,False,1,100134,png
results/online_link_prediction/plots/202601290000_Batch_Output/Collab_FastPRB_alpha0.7_eps4.24e-06_T5000_lr10.01_lr20.004_202601282329_Details/worker_4_TimeAcc.png,plot_file,plot,,,,,,,False,1,105581,png
results/online_link_prediction/plots/202601290000_Batch_Output/Collab_FastPRB_alpha0.7_eps4.24e-06_T5000_lr10.01_lr20.004_202601282329_Details/worker_5_TimeAcc.png,plot_file,plot,,,,,,,False,1,112198,png
results/online_link_prediction/plots/202601290000_Batch_Output/Collab_FastPRB_alpha0.7_eps4.24e-06_T5000_lr10.01_lr20.004_202601282329_Details/worker_6_TimeAcc.png,plot_file,plot,,,,,,,False,1,110123,png
results/online_link_prediction/plots/202601290000_Batch_Output/Collab_FastPRB_alpha0.7_eps4.24e-06_T5000_lr10.01_lr20.004_202601282329_Details/worker_7_TimeAcc.png,plot_file,plot,,,,,,,False,1,107681,png
results/online_link_prediction/plots/202601290000_Batch_Output/Collab_FastPRB_alpha0.7_eps4.24e-06_T5000_lr10.01_lr20.004_202601282329_Details/worker_8_TimeAcc.png,plot_file,plot,,,,,,,False,1,103309,png
results/online_link_prediction/plots/202601290000_Batch_Output/Collab_FastPRB_alpha0.7_eps4.24e-06_T5000_lr10.01_lr20.004_202601282329_Details/worker_9_TimeAcc.png,plot_file,plot,,,,,,,False,1,112522,png
results/online_link_prediction/plots/202601290000_Batch_Output/Collab_FastPRB_alpha0.8_eps4.24e-06_T5000_lr10.01_lr20.004_202601282329_Details/worker_0_TimeAcc.png,plot_file,plot,,,,,,,False,1,110379,png
results/online_link_prediction/plots/202601290000_Batch_Output/Collab_FastPRB_alpha0.8_eps4.24e-06_T5000_lr10.01_lr20.004_202601282329_Details/worker_1_TimeAcc.png,plot_file,plot,,,,,,,False,1,110090,png
results/online_link_prediction/plots/202601290000_Batch_Output/Collab_FastPRB_alpha0.8_eps4.24e-06_T5000_lr10.01_lr20.004_202601282329_Details/worker_2_TimeAcc.png,plot_file,plot,,,,,,,False,1,110705,png
results/online_link_prediction/plots/202601290000_Batch_Output/Collab_FastPRB_alpha0.8_eps4.24e-06_T5000_lr10.01_lr20.004_202601282329_Details/worker_3_TimeAcc.png,plot_file,plot,,,,,,,False,1,110083,png
results/online_link_prediction/plots/202601290000_Batch_Output/Collab_FastPRB_alpha0.8_eps4.24e-06_T5000_lr10.01_lr20.004_202601282329_Details/worker_4_TimeAcc.png,plot_file,plot,,,,,,,False,1,108320,png
results/online_link_prediction/plots/202601290000_Batch_Output/Collab_FastPRB_alpha0.8_eps4.24e-06_T5000_lr10.01_lr20.004_202601282329_Details/worker_5_TimeAcc.png,plot_file,plot,,,,,,,False,1,112246,png
results/online_link_prediction/plots/202601290000_Batch_Output/Collab_FastPRB_alpha0.8_eps4.24e-06_T5000_lr10.01_lr20.004_202601282329_Details/worker_6_TimeAcc.png,plot_file,plot,,,,,,,False,1,111651,png
results/online_link_prediction/plots/202601290000_Batch_Output/Collab_FastPRB_alpha0.8_eps4.24e-06_T5000_lr10.01_lr20.004_202601282329_Details/worker_7_TimeAcc.png,plot_file,plot,,,,,,,False,1,111415,png
results/online_link_prediction/plots/202601290000_Batch_Output/Collab_FastPRB_alpha0.8_eps4.24e-06_T5000_lr10.01_lr20.004_202601282329_Details/worker_8_TimeAcc.png,plot_file,plot,,,,,,,False,1,111497,png
results/online_link_prediction/plots/202601290000_Batch_Output/Collab_FastPRB_alpha0.8_eps4.24e-06_T5000_lr10.01_lr20.004_202601282329_Details/worker_9_TimeAcc.png,plot_file,plot,,,,,,,False,1,108197,png
results/online_link_prediction/plots/202601290000_Batch_Output/Collab_FastPRB_alpha0.9_eps4.24e-06_T5000_lr10.01_lr20.004_202601282329_Details/worker_0_TimeAcc.png,plot_file,plot,,,,,,,False,1,114611,png
results/online_link_prediction/plots/202601290000_Batch_Output/Collab_FastPRB_alpha0.9_eps4.24e-06_T5000_lr10.01_lr20.004_202601282329_Details/worker_1_TimeAcc.png,plot_file,plot,,,,,,,False,1,118722,png
results/online_link_prediction/plots/202601290000_Batch_Output/Collab_FastPRB_alpha0.9_eps4.24e-06_T5000_lr10.01_lr20.004_202601282329_Details/worker_2_TimeAcc.png,plot_file,plot,,,,,,,False,1,112397,png
results/online_link_prediction/plots/202601290000_Batch_Output/Collab_FastPRB_alpha0.9_eps4.24e-06_T5000_lr10.01_lr20.004_202601282329_Details/worker_3_TimeAcc.png,plot_file,plot,,,,,,,False,1,111214,png
results/online_link_prediction/plots/202601290000_Batch_Output/Collab_FastPRB_alpha0.9_eps4.24e-06_T5000_lr10.01_lr20.004_202601282329_Details/worker_4_TimeAcc.png,plot_file,plot,,,,,,,False,1,104658,png
results/online_link_prediction/plots/202601290000_Batch_Output/Collab_FastPRB_alpha0.9_eps4.24e-06_T5000_lr10.01_lr20.004_202601282329_Details/worker_5_TimeAcc.png,plot_file,plot,,,,,,,False,1,112240,png
results/online_link_prediction/plots/202601290000_Batch_Output/Collab_FastPRB_alpha0.9_eps4.24e-06_T5000_lr10.01_lr20.004_202601282329_Details/worker_6_TimeAcc.png,plot_file,plot,,,,,,,False,1,115576,png
results/online_link_prediction/plots/202601290000_Batch_Output/Collab_FastPRB_alpha0.9_eps4.24e-06_T5000_lr10.01_lr20.004_202601282329_Details/worker_7_TimeAcc.png,plot_file,plot,,,,,,,False,1,115114,png
results/online_link_prediction/plots/202601290000_Batch_Output/Collab_FastPRB_alpha0.9_eps4.24e-06_T5000_lr10.01_lr20.004_202601282329_Details/worker_8_TimeAcc.png,plot_file,plot,,,,,,,False,1,109565,png
results/online_link_prediction/plots/202601290000_Batch_Output/Collab_FastPRB_alpha0.9_eps4.24e-06_T5000_lr10.01_lr20.004_202601282329_Details/worker_9_TimeAcc.png,plot_file,plot,,,,,,,False,1,111636,png
results/online_link_prediction/plots/202601290000_Batch_Output/ogbl-Collab_Regret_Aggregate.png,plot_file,plot,,,,,,,False,1,274235,png
results/online_link_prediction/plots/202601290007_Batch_Output/MovieLens_FastPRB_alpha0.85_eps8.33e-05_T10000_lr10.0073_lr20.0004_202601282237_Details/worker_0_TimeAcc.png,plot_file,plot,,,,,,,False,1,85583,png
results/online_link_prediction/plots/202601290007_Batch_Output/MovieLens_FastPRB_alpha0.85_eps8.33e-05_T10000_lr10.0073_lr20.0004_202601282237_Details/worker_1_TimeAcc.png,plot_file,plot,,,,,,,False,1,81371,png
results/online_link_prediction/plots/202601290007_Batch_Output/MovieLens_FastPRB_alpha0.85_eps8.33e-05_T10000_lr10.0073_lr20.0004_202601282237_Details/worker_2_TimeAcc.png,plot_file,plot,,,,,,,False,1,82214,png
results/online_link_prediction/plots/202601290007_Batch_Output/MovieLens_FastPRB_alpha0.85_eps8.33e-05_T10000_lr10.0073_lr20.0004_202601282237_Details/worker_3_TimeAcc.png,plot_file,plot,,,,,,,False,1,84571,png
results/online_link_prediction/plots/202601290007_Batch_Output/MovieLens_FastPRB_alpha0.85_eps8.33e-05_T10000_lr10.0073_lr20.0004_202601282237_Details/worker_4_TimeAcc.png,plot_file,plot,,,,,,,False,1,84352,png
results/online_link_prediction/plots/202601290007_Batch_Output/MovieLens_FastPRB_alpha0.85_eps8.33e-05_T10000_lr10.0073_lr20.0004_202601282237_Details/worker_5_TimeAcc.png,plot_file,plot,,,,,,,False,1,84964,png
results/online_link_prediction/plots/202601290007_Batch_Output/MovieLens_FastPRB_alpha0.85_eps8.33e-05_T10000_lr10.0073_lr20.0004_202601282237_Details/worker_6_TimeAcc.png,plot_file,plot,,,,,,,False,1,83655,png
results/online_link_prediction/plots/202601290007_Batch_Output/MovieLens_FastPRB_alpha0.85_eps8.33e-05_T10000_lr10.0073_lr20.0004_202601282237_Details/worker_7_TimeAcc.png,plot_file,plot,,,,,,,False,1,82815,png
results/online_link_prediction/plots/202601290007_Batch_Output/MovieLens_FastPRB_alpha0.85_eps8.33e-05_T10000_lr10.0073_lr20.0004_202601282237_Details/worker_8_TimeAcc.png,plot_file,plot,,,,,,,False,1,81153,png
results/online_link_prediction/plots/202601290007_Batch_Output/MovieLens_FastPRB_alpha0.85_eps8.33e-05_T10000_lr10.0073_lr20.0004_202601282237_Details/worker_9_TimeAcc.png,plot_file,plot,,,,,,,False,1,83543,png
results/online_link_prediction/plots/202601290007_Batch_Output/MovieLens_Regret_vs_Rounds.pdf,plot_file,plot,,,,,,,False,1,23484,pdf
results/online_link_prediction/plots/202601290007_Batch_Output/MovieLens_Regret_vs_Rounds.png,plot_file,plot,,,,,,,False,1,239107,png
results/online_link_prediction/plots/202601291148_Batch_Output/Collab_FastPRB_alpha0.6_eps4.24e-06_T5000_lr10.01_lr20.004_202601282329_Details/worker_0_TimeAcc.png,plot_file,plot,,,,,,,False,1,97161,png
results/online_link_prediction/plots/202601291148_Batch_Output/Collab_FastPRB_alpha0.6_eps4.24e-06_T5000_lr10.01_lr20.004_202601282329_Details/worker_1_TimeAcc.png,plot_file,plot,,,,,,,False,1,95233,png
results/online_link_prediction/plots/202601291148_Batch_Output/Collab_FastPRB_alpha0.6_eps4.24e-06_T5000_lr10.01_lr20.004_202601282329_Details/worker_2_TimeAcc.png,plot_file,plot,,,,,,,False,1,94791,png
results/online_link_prediction/plots/202601291148_Batch_Output/Collab_FastPRB_alpha0.6_eps4.24e-06_T5000_lr10.01_lr20.004_202601282329_Details/worker_3_TimeAcc.png,plot_file,plot,,,,,,,False,1,94725,png
results/online_link_prediction/plots/202601291148_Batch_Output/Collab_FastPRB_alpha0.6_eps4.24e-06_T5000_lr10.01_lr20.004_202601282329_Details/worker_4_TimeAcc.png,plot_file,plot,,,,,,,False,1,92904,png
results/online_link_prediction/plots/202601291148_Batch_Output/Collab_FastPRB_alpha0.6_eps4.24e-06_T5000_lr10.01_lr20.004_202601282329_Details/worker_5_TimeAcc.png,plot_file,plot,,,,,,,False,1,94607,png
results/online_link_prediction/plots/202601291148_Batch_Output/Collab_FastPRB_alpha0.6_eps4.24e-06_T5000_lr10.01_lr20.004_202601282329_Details/worker_6_TimeAcc.png,plot_file,plot,,,,,,,False,1,92435,png
results/online_link_prediction/plots/202601291148_Batch_Output/Collab_FastPRB_alpha0.6_eps4.24e-06_T5000_lr10.01_lr20.004_202601282329_Details/worker_7_TimeAcc.png,plot_file,plot,,,,,,,False,1,94507,png
results/online_link_prediction/plots/202601291148_Batch_Output/Collab_FastPRB_alpha0.6_eps4.24e-06_T5000_lr10.01_lr20.004_202601282329_Details/worker_8_TimeAcc.png,plot_file,plot,,,,,,,False,1,92582,png
results/online_link_prediction/plots/202601291148_Batch_Output/Collab_FastPRB_alpha0.6_eps4.24e-06_T5000_lr10.01_lr20.004_202601282329_Details/worker_9_TimeAcc.png,plot_file,plot,,,,,,,False,1,92799,png
results/online_link_prediction/plots/202601291148_Batch_Output/Collab_PRB_alpha0.6_powT50_T5000_lr10.01_lr20.004_202601290033_Details/worker_0_TimeAcc.png,plot_file,plot,,,,,,,False,1,88254,png
results/online_link_prediction/plots/202601291148_Batch_Output/Collab_PRB_alpha0.6_powT50_T5000_lr10.01_lr20.004_202601290033_Details/worker_1_TimeAcc.png,plot_file,plot,,,,,,,False,1,89740,png
results/online_link_prediction/plots/202601291148_Batch_Output/Collab_PRB_alpha0.6_powT50_T5000_lr10.01_lr20.004_202601290033_Details/worker_2_TimeAcc.png,plot_file,plot,,,,,,,False,1,92126,png
results/online_link_prediction/plots/202601291148_Batch_Output/Collab_PRB_alpha0.6_powT50_T5000_lr10.01_lr20.004_202601290033_Details/worker_3_TimeAcc.png,plot_file,plot,,,,,,,False,1,91856,png
results/online_link_prediction/plots/202601291148_Batch_Output/Collab_PRB_alpha0.6_powT50_T5000_lr10.01_lr20.004_202601290033_Details/worker_4_TimeAcc.png,plot_file,plot,,,,,,,False,1,91364,png
results/online_link_prediction/plots/202601291148_Batch_Output/Collab_PRB_alpha0.6_powT50_T5000_lr10.01_lr20.004_202601290033_Details/worker_5_TimeAcc.png,plot_file,plot,,,,,,,False,1,90457,png
results/online_link_prediction/plots/202601291148_Batch_Output/Collab_PRB_alpha0.6_powT50_T5000_lr10.01_lr20.004_202601290033_Details/worker_6_TimeAcc.png,plot_file,plot,,,,,,,False,1,90144,png
results/online_link_prediction/plots/202601291148_Batch_Output/Collab_PRB_alpha0.6_powT50_T5000_lr10.01_lr20.004_202601290033_Details/worker_7_TimeAcc.png,plot_file,plot,,,,,,,False,1,91385,png
results/online_link_prediction/plots/202601291148_Batch_Output/Collab_PRB_alpha0.6_powT50_T5000_lr10.01_lr20.004_202601290033_Details/worker_8_TimeAcc.png,plot_file,plot,,,,,,,False,1,88550,png
results/online_link_prediction/plots/202601291148_Batch_Output/Collab_PRB_alpha0.6_powT50_T5000_lr10.01_lr20.004_202601290033_Details/worker_9_TimeAcc.png,plot_file,plot,,,,,,,False,1,88876,png
results/online_link_prediction/plots/202601291148_Batch_Output/ogbl-Collab_Regret_vs_Rounds.pdf,plot_file,plot,,,,,,,False,1,26742,pdf
results/online_link_prediction/plots/202601291148_Batch_Output/ogbl-Collab_Regret_vs_Rounds.png,plot_file,plot,,,,,,,False,1,260945,png
results/online_link_prediction/plots/202601291149_Batch_Output/Collab_FastPRB_alpha0.7_eps4.24e-06_T5000_lr10.01_lr20.004_202601282329_Details/worker_0_TimeAcc.png,plot_file,plot,,,,,,,False,1,89843,png
results/online_link_prediction/plots/202601291149_Batch_Output/Collab_FastPRB_alpha0.7_eps4.24e-06_T5000_lr10.01_lr20.004_202601282329_Details/worker_1_TimeAcc.png,plot_file,plot,,,,,,,False,1,88721,png
results/online_link_prediction/plots/202601291149_Batch_Output/Collab_FastPRB_alpha0.7_eps4.24e-06_T5000_lr10.01_lr20.004_202601282329_Details/worker_2_TimeAcc.png,plot_file,plot,,,,,,,False,1,88856,png
results/online_link_prediction/plots/202601291149_Batch_Output/Collab_FastPRB_alpha0.7_eps4.24e-06_T5000_lr10.01_lr20.004_202601282329_Details/worker_3_TimeAcc.png,plot_file,plot,,,,,,,False,1,93443,png
results/online_link_prediction/plots/202601291149_Batch_Output/Collab_FastPRB_alpha0.7_eps4.24e-06_T5000_lr10.01_lr20.004_202601282329_Details/worker_4_TimeAcc.png,plot_file,plot,,,,,,,False,1,92421,png
results/online_link_prediction/plots/202601291149_Batch_Output/Collab_FastPRB_alpha0.7_eps4.24e-06_T5000_lr10.01_lr20.004_202601282329_Details/worker_5_TimeAcc.png,plot_file,plot,,,,,,,False,1,98924,png
results/online_link_prediction/plots/202601291149_Batch_Output/Collab_FastPRB_alpha0.7_eps4.24e-06_T5000_lr10.01_lr20.004_202601282329_Details/worker_6_TimeAcc.png,plot_file,plot,,,,,,,False,1,94105,png
results/online_link_prediction/plots/202601291149_Batch_Output/Collab_FastPRB_alpha0.7_eps4.24e-06_T5000_lr10.01_lr20.004_202601282329_Details/worker_7_TimeAcc.png,plot_file,plot,,,,,,,False,1,95077,png
results/online_link_prediction/plots/202601291149_Batch_Output/Collab_FastPRB_alpha0.7_eps4.24e-06_T5000_lr10.01_lr20.004_202601282329_Details/worker_8_TimeAcc.png,plot_file,plot,,,,,,,False,1,93787,png
results/online_link_prediction/plots/202601291149_Batch_Output/Collab_FastPRB_alpha0.7_eps4.24e-06_T5000_lr10.01_lr20.004_202601282329_Details/worker_9_TimeAcc.png,plot_file,plot,,,,,,,False,1,96534,png
results/online_link_prediction/plots/202601291149_Batch_Output/Collab_FastPRB_alpha0.8_eps4.24e-06_T5000_lr10.01_lr20.004_202601282329_Details/worker_0_TimeAcc.png,plot_file,plot,,,,,,,False,1,92828,png
results/online_link_prediction/plots/202601291149_Batch_Output/Collab_FastPRB_alpha0.8_eps4.24e-06_T5000_lr10.01_lr20.004_202601282329_Details/worker_1_TimeAcc.png,plot_file,plot,,,,,,,False,1,91056,png
results/online_link_prediction/plots/202601291149_Batch_Output/Collab_FastPRB_alpha0.8_eps4.24e-06_T5000_lr10.01_lr20.004_202601282329_Details/worker_2_TimeAcc.png,plot_file,plot,,,,,,,False,1,92582,png
results/online_link_prediction/plots/202601291149_Batch_Output/Collab_FastPRB_alpha0.8_eps4.24e-06_T5000_lr10.01_lr20.004_202601282329_Details/worker_3_TimeAcc.png,plot_file,plot,,,,,,,False,1,93927,png
results/online_link_prediction/plots/202601291149_Batch_Output/Collab_FastPRB_alpha0.8_eps4.24e-06_T5000_lr10.01_lr20.004_202601282329_Details/worker_4_TimeAcc.png,plot_file,plot,,,,,,,False,1,90732,png
results/online_link_prediction/plots/202601291149_Batch_Output/Collab_FastPRB_alpha0.8_eps4.24e-06_T5000_lr10.01_lr20.004_202601282329_Details/worker_5_TimeAcc.png,plot_file,plot,,,,,,,False,1,94984,png
results/online_link_prediction/plots/202601291149_Batch_Output/Collab_FastPRB_alpha0.8_eps4.24e-06_T5000_lr10.01_lr20.004_202601282329_Details/worker_6_TimeAcc.png,plot_file,plot,,,,,,,False,1,93097,png
results/online_link_prediction/plots/202601291149_Batch_Output/Collab_FastPRB_alpha0.8_eps4.24e-06_T5000_lr10.01_lr20.004_202601282329_Details/worker_7_TimeAcc.png,plot_file,plot,,,,,,,False,1,94146,png
results/online_link_prediction/plots/202601291149_Batch_Output/Collab_FastPRB_alpha0.8_eps4.24e-06_T5000_lr10.01_lr20.004_202601282329_Details/worker_8_TimeAcc.png,plot_file,plot,,,,,,,False,1,94844,png
results/online_link_prediction/plots/202601291149_Batch_Output/Collab_FastPRB_alpha0.8_eps4.24e-06_T5000_lr10.01_lr20.004_202601282329_Details/worker_9_TimeAcc.png,plot_file,plot,,,,,,,False,1,90837,png
results/online_link_prediction/plots/202601291149_Batch_Output/Collab_PRB_alpha0.7_powT50_T5000_lr10.01_lr20.004_202601290033_Details/worker_0_TimeAcc.png,plot_file,plot,,,,,,,False,1,92408,png
results/online_link_prediction/plots/202601291149_Batch_Output/Collab_PRB_alpha0.7_powT50_T5000_lr10.01_lr20.004_202601290033_Details/worker_1_TimeAcc.png,plot_file,plot,,,,,,,False,1,89427,png
results/online_link_prediction/plots/202601291149_Batch_Output/Collab_PRB_alpha0.7_powT50_T5000_lr10.01_lr20.004_202601290033_Details/worker_2_TimeAcc.png,plot_file,plot,,,,,,,False,1,85364,png
results/online_link_prediction/plots/202601291149_Batch_Output/Collab_PRB_alpha0.7_powT50_T5000_lr10.01_lr20.004_202601290033_Details/worker_3_TimeAcc.png,plot_file,plot,,,,,,,False,1,90029,png
results/online_link_prediction/plots/202601291149_Batch_Output/Collab_PRB_alpha0.7_powT50_T5000_lr10.01_lr20.004_202601290033_Details/worker_4_TimeAcc.png,plot_file,plot,,,,,,,False,1,88187,png
results/online_link_prediction/plots/202601291149_Batch_Output/Collab_PRB_alpha0.7_powT50_T5000_lr10.01_lr20.004_202601290033_Details/worker_5_TimeAcc.png,plot_file,plot,,,,,,,False,1,95308,png
results/online_link_prediction/plots/202601291149_Batch_Output/Collab_PRB_alpha0.7_powT50_T5000_lr10.01_lr20.004_202601290033_Details/worker_6_TimeAcc.png,plot_file,plot,,,,,,,False,1,90935,png
results/online_link_prediction/plots/202601291149_Batch_Output/Collab_PRB_alpha0.7_powT50_T5000_lr10.01_lr20.004_202601290033_Details/worker_7_TimeAcc.png,plot_file,plot,,,,,,,False,1,91516,png
results/online_link_prediction/plots/202601291149_Batch_Output/Collab_PRB_alpha0.7_powT50_T5000_lr10.01_lr20.004_202601290033_Details/worker_8_TimeAcc.png,plot_file,plot,,,,,,,False,1,90988,png
results/online_link_prediction/plots/202601291149_Batch_Output/Collab_PRB_alpha0.7_powT50_T5000_lr10.01_lr20.004_202601290033_Details/worker_9_TimeAcc.png,plot_file,plot,,,,,,,False,1,93122,png
results/online_link_prediction/plots/202601291149_Batch_Output/Collab_PRB_alpha0.8_powT50_T5000_lr10.01_lr20.004_202601290033_Details/worker_0_TimeAcc.png,plot_file,plot,,,,,,,False,1,88996,png
results/online_link_prediction/plots/202601291149_Batch_Output/Collab_PRB_alpha0.8_powT50_T5000_lr10.01_lr20.004_202601290033_Details/worker_1_TimeAcc.png,plot_file,plot,,,,,,,False,1,92819,png
results/online_link_prediction/plots/202601291149_Batch_Output/Collab_PRB_alpha0.8_powT50_T5000_lr10.01_lr20.004_202601290033_Details/worker_2_TimeAcc.png,plot_file,plot,,,,,,,False,1,89406,png
results/online_link_prediction/plots/202601291149_Batch_Output/Collab_PRB_alpha0.8_powT50_T5000_lr10.01_lr20.004_202601290033_Details/worker_3_TimeAcc.png,plot_file,plot,,,,,,,False,1,93251,png
results/online_link_prediction/plots/202601291149_Batch_Output/Collab_PRB_alpha0.8_powT50_T5000_lr10.01_lr20.004_202601290033_Details/worker_4_TimeAcc.png,plot_file,plot,,,,,,,False,1,89844,png
results/online_link_prediction/plots/202601291149_Batch_Output/Collab_PRB_alpha0.8_powT50_T5000_lr10.01_lr20.004_202601290033_Details/worker_5_TimeAcc.png,plot_file,plot,,,,,,,False,1,93856,png
results/online_link_prediction/plots/202601291149_Batch_Output/Collab_PRB_alpha0.8_powT50_T5000_lr10.01_lr20.004_202601290033_Details/worker_6_TimeAcc.png,plot_file,plot,,,,,,,False,1,92383,png
results/online_link_prediction/plots/202601291149_Batch_Output/Collab_PRB_alpha0.8_powT50_T5000_lr10.01_lr20.004_202601290033_Details/worker_7_TimeAcc.png,plot_file,plot,,,,,,,False,1,93114,png
results/online_link_prediction/plots/202601291149_Batch_Output/Collab_PRB_alpha0.8_powT50_T5000_lr10.01_lr20.004_202601290033_Details/worker_8_TimeAcc.png,plot_file,plot,,,,,,,False,1,91603,png
results/online_link_prediction/plots/202601291149_Batch_Output/Collab_PRB_alpha0.8_powT50_T5000_lr10.01_lr20.004_202601290033_Details/worker_9_TimeAcc.png,plot_file,plot,,,,,,,False,1,89736,png
results/online_link_prediction/plots/202601291149_Batch_Output/ogbl-Collab_Regret_vs_Rounds.pdf,plot_file,plot,,,,,,,False,1,25374,pdf
results/online_link_prediction/plots/202601291149_Batch_Output/ogbl-Collab_Regret_vs_Rounds.png,plot_file,plot,,,,,,,False,1,267193,png
results/online_link_prediction/plots/202601291150_Batch_Output/Collab_FastPRB_alpha0.9_eps4.24e-06_T5000_lr10.01_lr20.004_202601282329_Details/worker_0_TimeAcc.png,plot_file,plot,,,,,,,False,1,95811,png
results/online_link_prediction/plots/202601291150_Batch_Output/Collab_FastPRB_alpha0.9_eps4.24e-06_T5000_lr10.01_lr20.004_202601282329_Details/worker_1_TimeAcc.png,plot_file,plot,,,,,,,False,1,96979,png
results/online_link_prediction/plots/202601291150_Batch_Output/Collab_FastPRB_alpha0.9_eps4.24e-06_T5000_lr10.01_lr20.004_202601282329_Details/worker_2_TimeAcc.png,plot_file,plot,,,,,,,False,1,93097,png
results/online_link_prediction/plots/202601291150_Batch_Output/Collab_FastPRB_alpha0.9_eps4.24e-06_T5000_lr10.01_lr20.004_202601282329_Details/worker_3_TimeAcc.png,plot_file,plot,,,,,,,False,1,94030,png
results/online_link_prediction/plots/202601291150_Batch_Output/Collab_FastPRB_alpha0.9_eps4.24e-06_T5000_lr10.01_lr20.004_202601282329_Details/worker_4_TimeAcc.png,plot_file,plot,,,,,,,False,1,86060,png
results/online_link_prediction/plots/202601291150_Batch_Output/Collab_FastPRB_alpha0.9_eps4.24e-06_T5000_lr10.01_lr20.004_202601282329_Details/worker_5_TimeAcc.png,plot_file,plot,,,,,,,False,1,92924,png
results/online_link_prediction/plots/202601291150_Batch_Output/Collab_FastPRB_alpha0.9_eps4.24e-06_T5000_lr10.01_lr20.004_202601282329_Details/worker_6_TimeAcc.png,plot_file,plot,,,,,,,False,1,95178,png
results/online_link_prediction/plots/202601291150_Batch_Output/Collab_FastPRB_alpha0.9_eps4.24e-06_T5000_lr10.01_lr20.004_202601282329_Details/worker_7_TimeAcc.png,plot_file,plot,,,,,,,False,1,94780,png
results/online_link_prediction/plots/202601291150_Batch_Output/Collab_FastPRB_alpha0.9_eps4.24e-06_T5000_lr10.01_lr20.004_202601282329_Details/worker_8_TimeAcc.png,plot_file,plot,,,,,,,False,1,91105,png
results/online_link_prediction/plots/202601291150_Batch_Output/Collab_FastPRB_alpha0.9_eps4.24e-06_T5000_lr10.01_lr20.004_202601282329_Details/worker_9_TimeAcc.png,plot_file,plot,,,,,,,False,1,93888,png
results/online_link_prediction/plots/202601291150_Batch_Output/Collab_PRB_alpha0.9_powT50_T5000_lr10.01_lr20.004_202601290042_Details/worker_0_TimeAcc.png,plot_file,plot,,,,,,,False,1,91300,png
results/online_link_prediction/plots/202601291150_Batch_Output/Collab_PRB_alpha0.9_powT50_T5000_lr10.01_lr20.004_202601290042_Details/worker_1_TimeAcc.png,plot_file,plot,,,,,,,False,1,90095,png
results/online_link_prediction/plots/202601291150_Batch_Output/Collab_PRB_alpha0.9_powT50_T5000_lr10.01_lr20.004_202601290042_Details/worker_2_TimeAcc.png,plot_file,plot,,,,,,,False,1,92311,png
results/online_link_prediction/plots/202601291150_Batch_Output/Collab_PRB_alpha0.9_powT50_T5000_lr10.01_lr20.004_202601290042_Details/worker_3_TimeAcc.png,plot_file,plot,,,,,,,False,1,90465,png
results/online_link_prediction/plots/202601291150_Batch_Output/Collab_PRB_alpha0.9_powT50_T5000_lr10.01_lr20.004_202601290042_Details/worker_4_TimeAcc.png,plot_file,plot,,,,,,,False,1,88665,png
results/online_link_prediction/plots/202601291150_Batch_Output/Collab_PRB_alpha0.9_powT50_T5000_lr10.01_lr20.004_202601290042_Details/worker_5_TimeAcc.png,plot_file,plot,,,,,,,False,1,97844,png
results/online_link_prediction/plots/202601291150_Batch_Output/Collab_PRB_alpha0.9_powT50_T5000_lr10.01_lr20.004_202601290042_Details/worker_6_TimeAcc.png,plot_file,plot,,,,,,,False,1,92762,png
results/online_link_prediction/plots/202601291150_Batch_Output/Collab_PRB_alpha0.9_powT50_T5000_lr10.01_lr20.004_202601290042_Details/worker_7_TimeAcc.png,plot_file,plot,,,,,,,False,1,92801,png
results/online_link_prediction/plots/202601291150_Batch_Output/Collab_PRB_alpha0.9_powT50_T5000_lr10.01_lr20.004_202601290042_Details/worker_8_TimeAcc.png,plot_file,plot,,,,,,,False,1,93618,png
results/online_link_prediction/plots/202601291150_Batch_Output/Collab_PRB_alpha0.9_powT50_T5000_lr10.01_lr20.004_202601290042_Details/worker_9_TimeAcc.png,plot_file,plot,,,,,,,False,1,93292,png
results/online_link_prediction/plots/202601291150_Batch_Output/ogbl-Collab_Regret_vs_Rounds.pdf,plot_file,plot,,,,,,,False,1,26246,pdf
results/online_link_prediction/plots/202601291150_Batch_Output/ogbl-Collab_Regret_vs_Rounds.png,plot_file,plot,,,,,,,False,1,275771,png
results/online_link_prediction/plots/202601291151_Batch_Output/Collab_FastPRB_alpha0.7_eps4.24e-06_T5000_lr10.01_lr20.004_202601282329_Details/worker_0_TimeAcc.png,plot_file,plot,,,,,,,False,1,89843,png
results/online_link_prediction/plots/202601291151_Batch_Output/Collab_FastPRB_alpha0.7_eps4.24e-06_T5000_lr10.01_lr20.004_202601282329_Details/worker_1_TimeAcc.png,plot_file,plot,,,,,,,False,1,88721,png
results/online_link_prediction/plots/202601291151_Batch_Output/Collab_FastPRB_alpha0.7_eps4.24e-06_T5000_lr10.01_lr20.004_202601282329_Details/worker_2_TimeAcc.png,plot_file,plot,,,,,,,False,1,88856,png
results/online_link_prediction/plots/202601291151_Batch_Output/Collab_FastPRB_alpha0.7_eps4.24e-06_T5000_lr10.01_lr20.004_202601282329_Details/worker_3_TimeAcc.png,plot_file,plot,,,,,,,False,1,93443,png
results/online_link_prediction/plots/202601291151_Batch_Output/Collab_FastPRB_alpha0.7_eps4.24e-06_T5000_lr10.01_lr20.004_202601282329_Details/worker_4_TimeAcc.png,plot_file,plot,,,,,,,False,1,92421,png
results/online_link_prediction/plots/202601291151_Batch_Output/Collab_FastPRB_alpha0.7_eps4.24e-06_T5000_lr10.01_lr20.004_202601282329_Details/worker_5_TimeAcc.png,plot_file,plot,,,,,,,False,1,98924,png
results/online_link_prediction/plots/202601291151_Batch_Output/Collab_FastPRB_alpha0.7_eps4.24e-06_T5000_lr10.01_lr20.004_202601282329_Details/worker_6_TimeAcc.png,plot_file,plot,,,,,,,False,1,94105,png
results/online_link_prediction/plots/202601291151_Batch_Output/Collab_FastPRB_alpha0.7_eps4.24e-06_T5000_lr10.01_lr20.004_202601282329_Details/worker_7_TimeAcc.png,plot_file,plot,,,,,,,False,1,95077,png
results/online_link_prediction/plots/202601291151_Batch_Output/Collab_FastPRB_alpha0.7_eps4.24e-06_T5000_lr10.01_lr20.004_202601282329_Details/worker_8_TimeAcc.png,plot_file,plot,,,,,,,False,1,93787,png
results/online_link_prediction/plots/202601291151_Batch_Output/Collab_FastPRB_alpha0.7_eps4.24e-06_T5000_lr10.01_lr20.004_202601282329_Details/worker_9_TimeAcc.png,plot_file,plot,,,,,,,False,1,96534,png
results/online_link_prediction/plots/202601291151_Batch_Output/Collab_PRB_alpha0.7_powT50_T5000_lr10.01_lr20.004_202601290033_Details/worker_0_TimeAcc.png,plot_file,plot,,,,,,,False,1,92408,png
results/online_link_prediction/plots/202601291151_Batch_Output/Collab_PRB_alpha0.7_powT50_T5000_lr10.01_lr20.004_202601290033_Details/worker_1_TimeAcc.png,plot_file,plot,,,,,,,False,1,89427,png
results/online_link_prediction/plots/202601291151_Batch_Output/Collab_PRB_alpha0.7_powT50_T5000_lr10.01_lr20.004_202601290033_Details/worker_2_TimeAcc.png,plot_file,plot,,,,,,,False,1,85364,png
results/online_link_prediction/plots/202601291151_Batch_Output/Collab_PRB_alpha0.7_powT50_T5000_lr10.01_lr20.004_202601290033_Details/worker_3_TimeAcc.png,plot_file,plot,,,,,,,False,1,90029,png
results/online_link_prediction/plots/202601291151_Batch_Output/Collab_PRB_alpha0.7_powT50_T5000_lr10.01_lr20.004_202601290033_Details/worker_4_TimeAcc.png,plot_file,plot,,,,,,,False,1,88187,png
results/online_link_prediction/plots/202601291151_Batch_Output/Collab_PRB_alpha0.7_powT50_T5000_lr10.01_lr20.004_202601290033_Details/worker_5_TimeAcc.png,plot_file,plot,,,,,,,False,1,95308,png
results/online_link_prediction/plots/202601291151_Batch_Output/Collab_PRB_alpha0.7_powT50_T5000_lr10.01_lr20.004_202601290033_Details/worker_6_TimeAcc.png,plot_file,plot,,,,,,,False,1,90935,png
results/online_link_prediction/plots/202601291151_Batch_Output/Collab_PRB_alpha0.7_powT50_T5000_lr10.01_lr20.004_202601290033_Details/worker_7_TimeAcc.png,plot_file,plot,,,,,,,False,1,91516,png
results/online_link_prediction/plots/202601291151_Batch_Output/Collab_PRB_alpha0.7_powT50_T5000_lr10.01_lr20.004_202601290033_Details/worker_8_TimeAcc.png,plot_file,plot,,,,,,,False,1,90988,png
results/online_link_prediction/plots/202601291151_Batch_Output/Collab_PRB_alpha0.7_powT50_T5000_lr10.01_lr20.004_202601290033_Details/worker_9_TimeAcc.png,plot_file,plot,,,,,,,False,1,93122,png
results/online_link_prediction/plots/202601291151_Batch_Output/ogbl-Collab_Regret_vs_Rounds.pdf,plot_file,plot,,,,,,,False,1,26387,pdf
results/online_link_prediction/plots/202601291151_Batch_Output/ogbl-Collab_Regret_vs_Rounds.png,plot_file,plot,,,,,,,False,1,269043,png
results/online_link_prediction/plots/202601291152_Batch_Output/Collab_FastPRB_alpha0.8_eps4.24e-06_T5000_lr10.01_lr20.004_202601282329_Details/worker_0_TimeAcc.png,plot_file,plot,,,,,,,False,1,92828,png
results/online_link_prediction/plots/202601291152_Batch_Output/Collab_FastPRB_alpha0.8_eps4.24e-06_T5000_lr10.01_lr20.004_202601282329_Details/worker_1_TimeAcc.png,plot_file,plot,,,,,,,False,1,91056,png
results/online_link_prediction/plots/202601291152_Batch_Output/Collab_FastPRB_alpha0.8_eps4.24e-06_T5000_lr10.01_lr20.004_202601282329_Details/worker_2_TimeAcc.png,plot_file,plot,,,,,,,False,1,92582,png
results/online_link_prediction/plots/202601291152_Batch_Output/Collab_FastPRB_alpha0.8_eps4.24e-06_T5000_lr10.01_lr20.004_202601282329_Details/worker_3_TimeAcc.png,plot_file,plot,,,,,,,False,1,93927,png
results/online_link_prediction/plots/202601291152_Batch_Output/Collab_FastPRB_alpha0.8_eps4.24e-06_T5000_lr10.01_lr20.004_202601282329_Details/worker_4_TimeAcc.png,plot_file,plot,,,,,,,False,1,90732,png
results/online_link_prediction/plots/202601291152_Batch_Output/Collab_FastPRB_alpha0.8_eps4.24e-06_T5000_lr10.01_lr20.004_202601282329_Details/worker_5_TimeAcc.png,plot_file,plot,,,,,,,False,1,94984,png
results/online_link_prediction/plots/202601291152_Batch_Output/Collab_FastPRB_alpha0.8_eps4.24e-06_T5000_lr10.01_lr20.004_202601282329_Details/worker_6_TimeAcc.png,plot_file,plot,,,,,,,False,1,93097,png
results/online_link_prediction/plots/202601291152_Batch_Output/Collab_FastPRB_alpha0.8_eps4.24e-06_T5000_lr10.01_lr20.004_202601282329_Details/worker_7_TimeAcc.png,plot_file,plot,,,,,,,False,1,94146,png
results/online_link_prediction/plots/202601291152_Batch_Output/Collab_FastPRB_alpha0.8_eps4.24e-06_T5000_lr10.01_lr20.004_202601282329_Details/worker_8_TimeAcc.png,plot_file,plot,,,,,,,False,1,94844,png
results/online_link_prediction/plots/202601291152_Batch_Output/Collab_FastPRB_alpha0.8_eps4.24e-06_T5000_lr10.01_lr20.004_202601282329_Details/worker_9_TimeAcc.png,plot_file,plot,,,,,,,False,1,90837,png
results/online_link_prediction/plots/202601291152_Batch_Output/Collab_PRB_alpha0.8_powT50_T5000_lr10.01_lr20.004_202601290033_Details/worker_0_TimeAcc.png,plot_file,plot,,,,,,,False,1,88996,png
results/online_link_prediction/plots/202601291152_Batch_Output/Collab_PRB_alpha0.8_powT50_T5000_lr10.01_lr20.004_202601290033_Details/worker_1_TimeAcc.png,plot_file,plot,,,,,,,False,1,92819,png
results/online_link_prediction/plots/202601291152_Batch_Output/Collab_PRB_alpha0.8_powT50_T5000_lr10.01_lr20.004_202601290033_Details/worker_2_TimeAcc.png,plot_file,plot,,,,,,,False,1,89406,png
results/online_link_prediction/plots/202601291152_Batch_Output/Collab_PRB_alpha0.8_powT50_T5000_lr10.01_lr20.004_202601290033_Details/worker_3_TimeAcc.png,plot_file,plot,,,,,,,False,1,93251,png
results/online_link_prediction/plots/202601291152_Batch_Output/Collab_PRB_alpha0.8_powT50_T5000_lr10.01_lr20.004_202601290033_Details/worker_4_TimeAcc.png,plot_file,plot,,,,,,,False,1,89844,png
results/online_link_prediction/plots/202601291152_Batch_Output/Collab_PRB_alpha0.8_powT50_T5000_lr10.01_lr20.004_202601290033_Details/worker_5_TimeAcc.png,plot_file,plot,,,,,,,False,1,93856,png
results/online_link_prediction/plots/202601291152_Batch_Output/Collab_PRB_alpha0.8_powT50_T5000_lr10.01_lr20.004_202601290033_Details/worker_6_TimeAcc.png,plot_file,plot,,,,,,,False,1,92383,png
results/online_link_prediction/plots/202601291152_Batch_Output/Collab_PRB_alpha0.8_powT50_T5000_lr10.01_lr20.004_202601290033_Details/worker_7_TimeAcc.png,plot_file,plot,,,,,,,False,1,93114,png
results/online_link_prediction/plots/202601291152_Batch_Output/Collab_PRB_alpha0.8_powT50_T5000_lr10.01_lr20.004_202601290033_Details/worker_8_TimeAcc.png,plot_file,plot,,,,,,,False,1,91603,png
results/online_link_prediction/plots/202601291152_Batch_Output/Collab_PRB_alpha0.8_powT50_T5000_lr10.01_lr20.004_202601290033_Details/worker_9_TimeAcc.png,plot_file,plot,,,,,,,False,1,89736,png
results/online_link_prediction/plots/202601291152_Batch_Output/ogbl-Collab_Regret_vs_Rounds.pdf,plot_file,plot,,,,,,,False,1,25374,pdf
results/online_link_prediction/plots/202601291152_Batch_Output/ogbl-Collab_Regret_vs_Rounds.png,plot_file,plot,,,,,,,False,1,267193,png
results/online_link_prediction/plots/202601291228_Batch_Output/Collab_FastPRB_alpha0.85_eps4.24e-06_T5000_lr10.01_lr20.004_202601290028_Details/worker_0_TimeAcc.png,plot_file,plot,,,,,,,False,1,92373,png
results/online_link_prediction/plots/202601291228_Batch_Output/Collab_FastPRB_alpha0.85_eps4.24e-06_T5000_lr10.01_lr20.004_202601290028_Details/worker_1_TimeAcc.png,plot_file,plot,,,,,,,False,1,91807,png
results/online_link_prediction/plots/202601291228_Batch_Output/Collab_FastPRB_alpha0.85_eps4.24e-06_T5000_lr10.01_lr20.004_202601290028_Details/worker_2_TimeAcc.png,plot_file,plot,,,,,,,False,1,93546,png
results/online_link_prediction/plots/202601291228_Batch_Output/Collab_FastPRB_alpha0.85_eps4.24e-06_T5000_lr10.01_lr20.004_202601290028_Details/worker_3_TimeAcc.png,plot_file,plot,,,,,,,False,1,91642,png
results/online_link_prediction/plots/202601291228_Batch_Output/Collab_FastPRB_alpha0.85_eps4.24e-06_T5000_lr10.01_lr20.004_202601290028_Details/worker_4_TimeAcc.png,plot_file,plot,,,,,,,False,1,94522,png
results/online_link_prediction/plots/202601291228_Batch_Output/Collab_FastPRB_alpha0.85_eps4.24e-06_T5000_lr10.01_lr20.004_202601290028_Details/worker_5_TimeAcc.png,plot_file,plot,,,,,,,False,1,94331,png
results/online_link_prediction/plots/202601291228_Batch_Output/Collab_FastPRB_alpha0.85_eps4.24e-06_T5000_lr10.01_lr20.004_202601290028_Details/worker_6_TimeAcc.png,plot_file,plot,,,,,,,False,1,93617,png
results/online_link_prediction/plots/202601291228_Batch_Output/Collab_FastPRB_alpha0.85_eps4.24e-06_T5000_lr10.01_lr20.004_202601290028_Details/worker_7_TimeAcc.png,plot_file,plot,,,,,,,False,1,91107,png
results/online_link_prediction/plots/202601291228_Batch_Output/Collab_FastPRB_alpha0.85_eps4.24e-06_T5000_lr10.01_lr20.004_202601290028_Details/worker_8_TimeAcc.png,plot_file,plot,,,,,,,False,1,91828,png
results/online_link_prediction/plots/202601291228_Batch_Output/Collab_FastPRB_alpha0.85_eps4.24e-06_T5000_lr10.01_lr20.004_202601290028_Details/worker_9_TimeAcc.png,plot_file,plot,,,,,,,False,1,94147,png
results/online_link_prediction/plots/202601291228_Batch_Output/Collab_PRB_alpha0.85_powT50_T5000_lr10.01_lr20.004_202601290026_Details/worker_0_TimeAcc.png,plot_file,plot,,,,,,,False,1,89140,png
results/online_link_prediction/plots/202601291228_Batch_Output/Collab_PRB_alpha0.85_powT50_T5000_lr10.01_lr20.004_202601290026_Details/worker_1_TimeAcc.png,plot_file,plot,,,,,,,False,1,86499,png
results/online_link_prediction/plots/202601291228_Batch_Output/Collab_PRB_alpha0.85_powT50_T5000_lr10.01_lr20.004_202601290026_Details/worker_2_TimeAcc.png,plot_file,plot,,,,,,,False,1,91331,png
results/online_link_prediction/plots/202601291228_Batch_Output/Collab_PRB_alpha0.85_powT50_T5000_lr10.01_lr20.004_202601290026_Details/worker_3_TimeAcc.png,plot_file,plot,,,,,,,False,1,91121,png
results/online_link_prediction/plots/202601291228_Batch_Output/Collab_PRB_alpha0.85_powT50_T5000_lr10.01_lr20.004_202601290026_Details/worker_4_TimeAcc.png,plot_file,plot,,,,,,,False,1,94475,png
results/online_link_prediction/plots/202601291228_Batch_Output/Collab_PRB_alpha0.85_powT50_T5000_lr10.01_lr20.004_202601290026_Details/worker_5_TimeAcc.png,plot_file,plot,,,,,,,False,1,90573,png
results/online_link_prediction/plots/202601291228_Batch_Output/Collab_PRB_alpha0.85_powT50_T5000_lr10.01_lr20.004_202601290026_Details/worker_6_TimeAcc.png,plot_file,plot,,,,,,,False,1,90947,png
results/online_link_prediction/plots/202601291228_Batch_Output/Collab_PRB_alpha0.85_powT50_T5000_lr10.01_lr20.004_202601290026_Details/worker_7_TimeAcc.png,plot_file,plot,,,,,,,False,1,90288,png
results/online_link_prediction/plots/202601291228_Batch_Output/Collab_PRB_alpha0.85_powT50_T5000_lr10.01_lr20.004_202601290026_Details/worker_8_TimeAcc.png,plot_file,plot,,,,,,,False,1,96134,png
results/online_link_prediction/plots/202601291228_Batch_Output/Collab_PRB_alpha0.85_powT50_T5000_lr10.01_lr20.004_202601290026_Details/worker_9_TimeAcc.png,plot_file,plot,,,,,,,False,1,93345,png
results/online_link_prediction/plots/202601291228_Batch_Output/ogbl-Collab_Regret_vs_Rounds.pdf,plot_file,plot,,,,,,,False,1,26456,pdf
results/online_link_prediction/plots/202601291228_Batch_Output/ogbl-Collab_Regret_vs_Rounds.png,plot_file,plot,,,,,,,False,1,273519,png
results/online_link_prediction/plots/202601291327_Batch_Output/MovieLens_FastPRB_alpha0.85_eps8.33e-05_T10000_lr10.0073_lr20.0004_202601291141_Details/worker_0_TimeAcc.png,plot_file,plot,,,,,,,False,1,85194,png
results/online_link_prediction/plots/202601291327_Batch_Output/MovieLens_FastPRB_alpha0.85_eps8.33e-05_T10000_lr10.0073_lr20.0004_202601291141_Details/worker_1_TimeAcc.png,plot_file,plot,,,,,,,False,1,82227,png
results/online_link_prediction/plots/202601291327_Batch_Output/MovieLens_FastPRB_alpha0.85_eps8.33e-05_T10000_lr10.0073_lr20.0004_202601291141_Details/worker_2_TimeAcc.png,plot_file,plot,,,,,,,False,1,82852,png
results/online_link_prediction/plots/202601291327_Batch_Output/MovieLens_FastPRB_alpha0.85_eps8.33e-05_T10000_lr10.0073_lr20.0004_202601291141_Details/worker_3_TimeAcc.png,plot_file,plot,,,,,,,False,1,85298,png
results/online_link_prediction/plots/202601291327_Batch_Output/MovieLens_FastPRB_alpha0.85_eps8.33e-05_T10000_lr10.0073_lr20.0004_202601291141_Details/worker_4_TimeAcc.png,plot_file,plot,,,,,,,False,1,84316,png
results/online_link_prediction/plots/202601291327_Batch_Output/MovieLens_FastPRB_alpha0.85_eps8.33e-05_T10000_lr10.0073_lr20.0004_202601291141_Details/worker_5_TimeAcc.png,plot_file,plot,,,,,,,False,1,85442,png
results/online_link_prediction/plots/202601291327_Batch_Output/MovieLens_FastPRB_alpha0.85_eps8.33e-05_T10000_lr10.0073_lr20.0004_202601291141_Details/worker_6_TimeAcc.png,plot_file,plot,,,,,,,False,1,83711,png
results/online_link_prediction/plots/202601291327_Batch_Output/MovieLens_FastPRB_alpha0.85_eps8.33e-05_T10000_lr10.0073_lr20.0004_202601291141_Details/worker_7_TimeAcc.png,plot_file,plot,,,,,,,False,1,83174,png
results/online_link_prediction/plots/202601291327_Batch_Output/MovieLens_FastPRB_alpha0.85_eps8.33e-05_T10000_lr10.0073_lr20.0004_202601291141_Details/worker_8_TimeAcc.png,plot_file,plot,,,,,,,False,1,81148,png
results/online_link_prediction/plots/202601291327_Batch_Output/MovieLens_FastPRB_alpha0.85_eps8.33e-05_T10000_lr10.0073_lr20.0004_202601291141_Details/worker_9_TimeAcc.png,plot_file,plot,,,,,,,False,1,83969,png
results/online_link_prediction/plots/202601291327_Batch_Output/MovieLens_PRB_alpha0.85_powT50_T10000_lr10.0073_lr20.0004_202601290025_Details/worker_0_TimeAcc.png,plot_file,plot,,,,,,,False,1,87238,png
results/online_link_prediction/plots/202601291327_Batch_Output/MovieLens_PRB_alpha0.85_powT50_T10000_lr10.0073_lr20.0004_202601290025_Details/worker_1_TimeAcc.png,plot_file,plot,,,,,,,False,1,84347,png
results/online_link_prediction/plots/202601291327_Batch_Output/MovieLens_PRB_alpha0.85_powT50_T10000_lr10.0073_lr20.0004_202601290025_Details/worker_2_TimeAcc.png,plot_file,plot,,,,,,,False,1,84831,png
results/online_link_prediction/plots/202601291327_Batch_Output/MovieLens_PRB_alpha0.85_powT50_T10000_lr10.0073_lr20.0004_202601290025_Details/worker_3_TimeAcc.png,plot_file,plot,,,,,,,False,1,87256,png
results/online_link_prediction/plots/202601291327_Batch_Output/MovieLens_PRB_alpha0.85_powT50_T10000_lr10.0073_lr20.0004_202601290025_Details/worker_4_TimeAcc.png,plot_file,plot,,,,,,,False,1,85822,png
results/online_link_prediction/plots/202601291327_Batch_Output/MovieLens_PRB_alpha0.85_powT50_T10000_lr10.0073_lr20.0004_202601290025_Details/worker_5_TimeAcc.png,plot_file,plot,,,,,,,False,1,87495,png
results/online_link_prediction/plots/202601291327_Batch_Output/MovieLens_PRB_alpha0.85_powT50_T10000_lr10.0073_lr20.0004_202601290025_Details/worker_6_TimeAcc.png,plot_file,plot,,,,,,,False,1,85981,png
results/online_link_prediction/plots/202601291327_Batch_Output/MovieLens_PRB_alpha0.85_powT50_T10000_lr10.0073_lr20.0004_202601290025_Details/worker_7_TimeAcc.png,plot_file,plot,,,,,,,False,1,84233,png
results/online_link_prediction/plots/202601291327_Batch_Output/MovieLens_PRB_alpha0.85_powT50_T10000_lr10.0073_lr20.0004_202601290025_Details/worker_8_TimeAcc.png,plot_file,plot,,,,,,,False,1,82057,png
results/online_link_prediction/plots/202601291327_Batch_Output/MovieLens_PRB_alpha0.85_powT50_T10000_lr10.0073_lr20.0004_202601290025_Details/worker_9_TimeAcc.png,plot_file,plot,,,,,,,False,1,86067,png
results/online_link_prediction/plots/202601291327_Batch_Output/MovieLens_Regret_vs_Rounds.pdf,plot_file,plot,,,,,,,False,1,23848,pdf
results/online_link_prediction/plots/202601291327_Batch_Output/MovieLens_Regret_vs_Rounds.png,plot_file,plot,,,,,,,False,1,259668,png
results/online_link_prediction/plots/202601291330_Batch_Output/Collab_FastPRB_alpha0.85_eps4.24e-06_T5000_lr10.01_lr20.004_202601290028_Details/worker_0_TimeAcc.png,plot_file,plot,,,,,,,False,1,92373,png
results/online_link_prediction/plots/202601291330_Batch_Output/Collab_FastPRB_alpha0.85_eps4.24e-06_T5000_lr10.01_lr20.004_202601290028_Details/worker_1_TimeAcc.png,plot_file,plot,,,,,,,False,1,91807,png
results/online_link_prediction/plots/202601291330_Batch_Output/Collab_FastPRB_alpha0.85_eps4.24e-06_T5000_lr10.01_lr20.004_202601290028_Details/worker_2_TimeAcc.png,plot_file,plot,,,,,,,False,1,93546,png
results/online_link_prediction/plots/202601291330_Batch_Output/Collab_FastPRB_alpha0.85_eps4.24e-06_T5000_lr10.01_lr20.004_202601290028_Details/worker_3_TimeAcc.png,plot_file,plot,,,,,,,False,1,91642,png
results/online_link_prediction/plots/202601291330_Batch_Output/Collab_FastPRB_alpha0.85_eps4.24e-06_T5000_lr10.01_lr20.004_202601290028_Details/worker_4_TimeAcc.png,plot_file,plot,,,,,,,False,1,94522,png
results/online_link_prediction/plots/202601291330_Batch_Output/Collab_FastPRB_alpha0.85_eps4.24e-06_T5000_lr10.01_lr20.004_202601290028_Details/worker_5_TimeAcc.png,plot_file,plot,,,,,,,False,1,94331,png
results/online_link_prediction/plots/202601291330_Batch_Output/Collab_FastPRB_alpha0.85_eps4.24e-06_T5000_lr10.01_lr20.004_202601290028_Details/worker_6_TimeAcc.png,plot_file,plot,,,,,,,False,1,93617,png
results/online_link_prediction/plots/202601291330_Batch_Output/Collab_FastPRB_alpha0.85_eps4.24e-06_T5000_lr10.01_lr20.004_202601290028_Details/worker_7_TimeAcc.png,plot_file,plot,,,,,,,False,1,91107,png
results/online_link_prediction/plots/202601291330_Batch_Output/Collab_FastPRB_alpha0.85_eps4.24e-06_T5000_lr10.01_lr20.004_202601290028_Details/worker_8_TimeAcc.png,plot_file,plot,,,,,,,False,1,91828,png
results/online_link_prediction/plots/202601291330_Batch_Output/Collab_FastPRB_alpha0.85_eps4.24e-06_T5000_lr10.01_lr20.004_202601290028_Details/worker_9_TimeAcc.png,plot_file,plot,,,,,,,False,1,94147,png
results/online_link_prediction/plots/202601291330_Batch_Output/Collab_FastPRB_alpha0.85_eps4.24e-06_T5000_lr10.01_lr20.004_202601291248_Details/worker_0_TimeAcc.png,plot_file,plot,,,,,,,False,1,91700,png
results/online_link_prediction/plots/202601291330_Batch_Output/Collab_FastPRB_alpha0.85_eps4.24e-06_T5000_lr10.01_lr20.004_202601291248_Details/worker_1_TimeAcc.png,plot_file,plot,,,,,,,False,1,90833,png
results/online_link_prediction/plots/202601291330_Batch_Output/Collab_FastPRB_alpha0.85_eps4.24e-06_T5000_lr10.01_lr20.004_202601291248_Details/worker_2_TimeAcc.png,plot_file,plot,,,,,,,False,1,92281,png
results/online_link_prediction/plots/202601291330_Batch_Output/Collab_FastPRB_alpha0.85_eps4.24e-06_T5000_lr10.01_lr20.004_202601291248_Details/worker_3_TimeAcc.png,plot_file,plot,,,,,,,False,1,90498,png
results/online_link_prediction/plots/202601291330_Batch_Output/Collab_FastPRB_alpha0.85_eps4.24e-06_T5000_lr10.01_lr20.004_202601291248_Details/worker_4_TimeAcc.png,plot_file,plot,,,,,,,False,1,94664,png
results/online_link_prediction/plots/202601291330_Batch_Output/Collab_FastPRB_alpha0.85_eps4.24e-06_T5000_lr10.01_lr20.004_202601291248_Details/worker_5_TimeAcc.png,plot_file,plot,,,,,,,False,1,94301,png
results/online_link_prediction/plots/202601291330_Batch_Output/Collab_FastPRB_alpha0.85_eps4.24e-06_T5000_lr10.01_lr20.004_202601291248_Details/worker_6_TimeAcc.png,plot_file,plot,,,,,,,False,1,94249,png
results/online_link_prediction/plots/202601291330_Batch_Output/Collab_FastPRB_alpha0.85_eps4.24e-06_T5000_lr10.01_lr20.004_202601291248_Details/worker_7_TimeAcc.png,plot_file,plot,,,,,,,False,1,91517,png
results/online_link_prediction/plots/202601291330_Batch_Output/Collab_FastPRB_alpha0.85_eps4.24e-06_T5000_lr10.01_lr20.004_202601291248_Details/worker_8_TimeAcc.png,plot_file,plot,,,,,,,False,1,92361,png
results/online_link_prediction/plots/202601291330_Batch_Output/Collab_FastPRB_alpha0.85_eps4.24e-06_T5000_lr10.01_lr20.004_202601291248_Details/worker_9_TimeAcc.png,plot_file,plot,,,,,,,False,1,94275,png
results/online_link_prediction/plots/202601291330_Batch_Output/Collab_PRB_alpha0.85_powT50_T5000_lr10.01_lr20.004_202601290026_Details/worker_0_TimeAcc.png,plot_file,plot,,,,,,,False,1,89140,png
results/online_link_prediction/plots/202601291330_Batch_Output/Collab_PRB_alpha0.85_powT50_T5000_lr10.01_lr20.004_202601290026_Details/worker_1_TimeAcc.png,plot_file,plot,,,,,,,False,1,86499,png
results/online_link_prediction/plots/202601291330_Batch_Output/Collab_PRB_alpha0.85_powT50_T5000_lr10.01_lr20.004_202601290026_Details/worker_2_TimeAcc.png,plot_file,plot,,,,,,,False,1,91331,png
results/online_link_prediction/plots/202601291330_Batch_Output/Collab_PRB_alpha0.85_powT50_T5000_lr10.01_lr20.004_202601290026_Details/worker_3_TimeAcc.png,plot_file,plot,,,,,,,False,1,91121,png
results/online_link_prediction/plots/202601291330_Batch_Output/Collab_PRB_alpha0.85_powT50_T5000_lr10.01_lr20.004_202601290026_Details/worker_4_TimeAcc.png,plot_file,plot,,,,,,,False,1,94475,png
results/online_link_prediction/plots/202601291330_Batch_Output/Collab_PRB_alpha0.85_powT50_T5000_lr10.01_lr20.004_202601290026_Details/worker_5_TimeAcc.png,plot_file,plot,,,,,,,False,1,90573,png
results/online_link_prediction/plots/202601291330_Batch_Output/Collab_PRB_alpha0.85_powT50_T5000_lr10.01_lr20.004_202601290026_Details/worker_6_TimeAcc.png,plot_file,plot,,,,,,,False,1,90947,png
results/online_link_prediction/plots/202601291330_Batch_Output/Collab_PRB_alpha0.85_powT50_T5000_lr10.01_lr20.004_202601290026_Details/worker_7_TimeAcc.png,plot_file,plot,,,,,,,False,1,90288,png
results/online_link_prediction/plots/202601291330_Batch_Output/Collab_PRB_alpha0.85_powT50_T5000_lr10.01_lr20.004_202601290026_Details/worker_8_TimeAcc.png,plot_file,plot,,,,,,,False,1,96134,png
results/online_link_prediction/plots/202601291330_Batch_Output/Collab_PRB_alpha0.85_powT50_T5000_lr10.01_lr20.004_202601290026_Details/worker_9_TimeAcc.png,plot_file,plot,,,,,,,False,1,93345,png
results/online_link_prediction/plots/202601291330_Batch_Output/ogbl-Collab_Regret_vs_Rounds.pdf,plot_file,plot,,,,,,,False,1,26658,pdf
results/online_link_prediction/plots/202601291330_Batch_Output/ogbl-Collab_Regret_vs_Rounds.png,plot_file,plot,,,,,,,False,1,285579,png
results/online_link_prediction/plots/202601291432_Batch_Output/Collab_FastPRB_alpha0.85_eps0.000424_T5000_lr10.01_lr20.004_202601291248_Details/worker_0_TimeAcc.png,plot_file,plot,,,,,,,False,1,91729,png
results/online_link_prediction/plots/202601291432_Batch_Output/Collab_FastPRB_alpha0.85_eps0.000424_T5000_lr10.01_lr20.004_202601291248_Details/worker_1_TimeAcc.png,plot_file,plot,,,,,,,False,1,91506,png
results/online_link_prediction/plots/202601291432_Batch_Output/Collab_FastPRB_alpha0.85_eps0.000424_T5000_lr10.01_lr20.004_202601291248_Details/worker_2_TimeAcc.png,plot_file,plot,,,,,,,False,1,92000,png
results/online_link_prediction/plots/202601291432_Batch_Output/Collab_FastPRB_alpha0.85_eps0.000424_T5000_lr10.01_lr20.004_202601291248_Details/worker_3_TimeAcc.png,plot_file,plot,,,,,,,False,1,93305,png
results/online_link_prediction/plots/202601291432_Batch_Output/Collab_FastPRB_alpha0.85_eps0.000424_T5000_lr10.01_lr20.004_202601291248_Details/worker_4_TimeAcc.png,plot_file,plot,,,,,,,False,1,89193,png
results/online_link_prediction/plots/202601291432_Batch_Output/Collab_FastPRB_alpha0.85_eps0.000424_T5000_lr10.01_lr20.004_202601291248_Details/worker_5_TimeAcc.png,plot_file,plot,,,,,,,False,1,91908,png
results/online_link_prediction/plots/202601291432_Batch_Output/Collab_FastPRB_alpha0.85_eps0.000424_T5000_lr10.01_lr20.004_202601291248_Details/worker_6_TimeAcc.png,plot_file,plot,,,,,,,False,1,91068,png
results/online_link_prediction/plots/202601291432_Batch_Output/Collab_FastPRB_alpha0.85_eps0.000424_T5000_lr10.01_lr20.004_202601291248_Details/worker_7_TimeAcc.png,plot_file,plot,,,,,,,False,1,92099,png
results/online_link_prediction/plots/202601291432_Batch_Output/Collab_FastPRB_alpha0.85_eps0.000424_T5000_lr10.01_lr20.004_202601291248_Details/worker_8_TimeAcc.png,plot_file,plot,,,,,,,False,1,92701,png
results/online_link_prediction/plots/202601291432_Batch_Output/Collab_FastPRB_alpha0.85_eps0.000424_T5000_lr10.01_lr20.004_202601291248_Details/worker_9_TimeAcc.png,plot_file,plot,,,,,,,False,1,93254,png
results/online_link_prediction/plots/202601291432_Batch_Output/Collab_FastPRB_alpha0.85_eps0.00424_T5000_lr10.01_lr20.004_202601291249_Details/worker_0_TimeAcc.png,plot_file,plot,,,,,,,False,1,91985,png
results/online_link_prediction/plots/202601291432_Batch_Output/Collab_FastPRB_alpha0.85_eps0.00424_T5000_lr10.01_lr20.004_202601291249_Details/worker_1_TimeAcc.png,plot_file,plot,,,,,,,False,1,92323,png
results/online_link_prediction/plots/202601291432_Batch_Output/Collab_FastPRB_alpha0.85_eps0.00424_T5000_lr10.01_lr20.004_202601291249_Details/worker_2_TimeAcc.png,plot_file,plot,,,,,,,False,1,91640,png
results/online_link_prediction/plots/202601291432_Batch_Output/Collab_FastPRB_alpha0.85_eps0.00424_T5000_lr10.01_lr20.004_202601291249_Details/worker_3_TimeAcc.png,plot_file,plot,,,,,,,False,1,91651,png
results/online_link_prediction/plots/202601291432_Batch_Output/Collab_FastPRB_alpha0.85_eps0.00424_T5000_lr10.01_lr20.004_202601291249_Details/worker_4_TimeAcc.png,plot_file,plot,,,,,,,False,1,91614,png
results/online_link_prediction/plots/202601291432_Batch_Output/Collab_FastPRB_alpha0.85_eps0.00424_T5000_lr10.01_lr20.004_202601291249_Details/worker_5_TimeAcc.png,plot_file,plot,,,,,,,False,1,97575,png
results/online_link_prediction/plots/202601291432_Batch_Output/Collab_FastPRB_alpha0.85_eps0.00424_T5000_lr10.01_lr20.004_202601291249_Details/worker_6_TimeAcc.png,plot_file,plot,,,,,,,False,1,94784,png
results/online_link_prediction/plots/202601291432_Batch_Output/Collab_FastPRB_alpha0.85_eps0.00424_T5000_lr10.01_lr20.004_202601291249_Details/worker_7_TimeAcc.png,plot_file,plot,,,,,,,False,1,96731,png
results/online_link_prediction/plots/202601291432_Batch_Output/Collab_FastPRB_alpha0.85_eps0.00424_T5000_lr10.01_lr20.004_202601291249_Details/worker_8_TimeAcc.png,plot_file,plot,,,,,,,False,1,90983,png
results/online_link_prediction/plots/202601291432_Batch_Output/Collab_FastPRB_alpha0.85_eps0.00424_T5000_lr10.01_lr20.004_202601291249_Details/worker_9_TimeAcc.png,plot_file,plot,,,,,,,False,1,93728,png
results/online_link_prediction/plots/202601291432_Batch_Output/Collab_FastPRB_alpha0.85_eps0.0424_T5000_lr10.01_lr20.004_202601291249_Details/worker_0_TimeAcc.png,plot_file,plot,,,,,,,False,1,86429,png
results/online_link_prediction/plots/202601291432_Batch_Output/Collab_FastPRB_alpha0.85_eps0.0424_T5000_lr10.01_lr20.004_202601291249_Details/worker_1_TimeAcc.png,plot_file,plot,,,,,,,False,1,98038,png
results/online_link_prediction/plots/202601291432_Batch_Output/Collab_FastPRB_alpha0.85_eps0.0424_T5000_lr10.01_lr20.004_202601291249_Details/worker_2_TimeAcc.png,plot_file,plot,,,,,,,False,1,100379,png
results/online_link_prediction/plots/202601291432_Batch_Output/Collab_FastPRB_alpha0.85_eps0.0424_T5000_lr10.01_lr20.004_202601291249_Details/worker_3_TimeAcc.png,plot_file,plot,,,,,,,False,1,91724,png
results/online_link_prediction/plots/202601291432_Batch_Output/Collab_FastPRB_alpha0.85_eps0.0424_T5000_lr10.01_lr20.004_202601291249_Details/worker_4_TimeAcc.png,plot_file,plot,,,,,,,False,1,87901,png
results/online_link_prediction/plots/202601291432_Batch_Output/Collab_FastPRB_alpha0.85_eps0.0424_T5000_lr10.01_lr20.004_202601291249_Details/worker_5_TimeAcc.png,plot_file,plot,,,,,,,False,1,82262,png
results/online_link_prediction/plots/202601291432_Batch_Output/Collab_FastPRB_alpha0.85_eps0.0424_T5000_lr10.01_lr20.004_202601291249_Details/worker_6_TimeAcc.png,plot_file,plot,,,,,,,False,1,89220,png
results/online_link_prediction/plots/202601291432_Batch_Output/Collab_FastPRB_alpha0.85_eps0.0424_T5000_lr10.01_lr20.004_202601291249_Details/worker_7_TimeAcc.png,plot_file,plot,,,,,,,False,1,96365,png
results/online_link_prediction/plots/202601291432_Batch_Output/Collab_FastPRB_alpha0.85_eps0.0424_T5000_lr10.01_lr20.004_202601291249_Details/worker_8_TimeAcc.png,plot_file,plot,,,,,,,False,1,84813,png
results/online_link_prediction/plots/202601291432_Batch_Output/Collab_FastPRB_alpha0.85_eps0.0424_T5000_lr10.01_lr20.004_202601291249_Details/worker_9_TimeAcc.png,plot_file,plot,,,,,,,False,1,97057,png
results/online_link_prediction/plots/202601291432_Batch_Output/Collab_FastPRB_alpha0.85_eps4.24e-05_T5000_lr10.01_lr20.004_202601291248_Details/worker_0_TimeAcc.png,plot_file,plot,,,,,,,False,1,91169,png
results/online_link_prediction/plots/202601291432_Batch_Output/Collab_FastPRB_alpha0.85_eps4.24e-05_T5000_lr10.01_lr20.004_202601291248_Details/worker_1_TimeAcc.png,plot_file,plot,,,,,,,False,1,87477,png
results/online_link_prediction/plots/202601291432_Batch_Output/Collab_FastPRB_alpha0.85_eps4.24e-05_T5000_lr10.01_lr20.004_202601291248_Details/worker_2_TimeAcc.png,plot_file,plot,,,,,,,False,1,92125,png
results/online_link_prediction/plots/202601291432_Batch_Output/Collab_FastPRB_alpha0.85_eps4.24e-05_T5000_lr10.01_lr20.004_202601291248_Details/worker_3_TimeAcc.png,plot_file,plot,,,,,,,False,1,93476,png
results/online_link_prediction/plots/202601291432_Batch_Output/Collab_FastPRB_alpha0.85_eps4.24e-05_T5000_lr10.01_lr20.004_202601291248_Details/worker_4_TimeAcc.png,plot_file,plot,,,,,,,False,1,91822,png
results/online_link_prediction/plots/202601291432_Batch_Output/Collab_FastPRB_alpha0.85_eps4.24e-05_T5000_lr10.01_lr20.004_202601291248_Details/worker_5_TimeAcc.png,plot_file,plot,,,,,,,False,1,95980,png
results/online_link_prediction/plots/202601291432_Batch_Output/Collab_FastPRB_alpha0.85_eps4.24e-05_T5000_lr10.01_lr20.004_202601291248_Details/worker_6_TimeAcc.png,plot_file,plot,,,,,,,False,1,91811,png
results/online_link_prediction/plots/202601291432_Batch_Output/Collab_FastPRB_alpha0.85_eps4.24e-05_T5000_lr10.01_lr20.004_202601291248_Details/worker_7_TimeAcc.png,plot_file,plot,,,,,,,False,1,94340,png
results/online_link_prediction/plots/202601291432_Batch_Output/Collab_FastPRB_alpha0.85_eps4.24e-05_T5000_lr10.01_lr20.004_202601291248_Details/worker_8_TimeAcc.png,plot_file,plot,,,,,,,False,1,90421,png
results/online_link_prediction/plots/202601291432_Batch_Output/Collab_FastPRB_alpha0.85_eps4.24e-05_T5000_lr10.01_lr20.004_202601291248_Details/worker_9_TimeAcc.png,plot_file,plot,,,,,,,False,1,93334,png
results/online_link_prediction/plots/202601291432_Batch_Output/Collab_FastPRB_alpha0.85_eps4.24e-06_T5000_lr10.01_lr20.004_202601291248_Details/worker_0_TimeAcc.png,plot_file,plot,,,,,,,False,1,91700,png
results/online_link_prediction/plots/202601291432_Batch_Output/Collab_FastPRB_alpha0.85_eps4.24e-06_T5000_lr10.01_lr20.004_202601291248_Details/worker_1_TimeAcc.png,plot_file,plot,,,,,,,False,1,90833,png
results/online_link_prediction/plots/202601291432_Batch_Output/Collab_FastPRB_alpha0.85_eps4.24e-06_T5000_lr10.01_lr20.004_202601291248_Details/worker_2_TimeAcc.png,plot_file,plot,,,,,,,False,1,92281,png
results/online_link_prediction/plots/202601291432_Batch_Output/Collab_FastPRB_alpha0.85_eps4.24e-06_T5000_lr10.01_lr20.004_202601291248_Details/worker_3_TimeAcc.png,plot_file,plot,,,,,,,False,1,90498,png
results/online_link_prediction/plots/202601291432_Batch_Output/Collab_FastPRB_alpha0.85_eps4.24e-06_T5000_lr10.01_lr20.004_202601291248_Details/worker_4_TimeAcc.png,plot_file,plot,,,,,,,False,1,94664,png
results/online_link_prediction/plots/202601291432_Batch_Output/Collab_FastPRB_alpha0.85_eps4.24e-06_T5000_lr10.01_lr20.004_202601291248_Details/worker_5_TimeAcc.png,plot_file,plot,,,,,,,False,1,94301,png
results/online_link_prediction/plots/202601291432_Batch_Output/Collab_FastPRB_alpha0.85_eps4.24e-06_T5000_lr10.01_lr20.004_202601291248_Details/worker_6_TimeAcc.png,plot_file,plot,,,,,,,False,1,94249,png
results/online_link_prediction/plots/202601291432_Batch_Output/Collab_FastPRB_alpha0.85_eps4.24e-06_T5000_lr10.01_lr20.004_202601291248_Details/worker_7_TimeAcc.png,plot_file,plot,,,,,,,False,1,91517,png
results/online_link_prediction/plots/202601291432_Batch_Output/Collab_FastPRB_alpha0.85_eps4.24e-06_T5000_lr10.01_lr20.004_202601291248_Details/worker_8_TimeAcc.png,plot_file,plot,,,,,,,False,1,92361,png
results/online_link_prediction/plots/202601291432_Batch_Output/Collab_FastPRB_alpha0.85_eps4.24e-06_T5000_lr10.01_lr20.004_202601291248_Details/worker_9_TimeAcc.png,plot_file,plot,,,,,,,False,1,94275,png
results/online_link_prediction/plots/202601291432_Batch_Output/Collab_FastPRB_alpha0.85_eps4.24e-07_T5000_lr10.01_lr20.004_202601291248_Details/worker_0_TimeAcc.png,plot_file,plot,,,,,,,False,1,90863,png
results/online_link_prediction/plots/202601291432_Batch_Output/Collab_FastPRB_alpha0.85_eps4.24e-07_T5000_lr10.01_lr20.004_202601291248_Details/worker_1_TimeAcc.png,plot_file,plot,,,,,,,False,1,86975,png
results/online_link_prediction/plots/202601291432_Batch_Output/Collab_FastPRB_alpha0.85_eps4.24e-07_T5000_lr10.01_lr20.004_202601291248_Details/worker_2_TimeAcc.png,plot_file,plot,,,,,,,False,1,92895,png
results/online_link_prediction/plots/202601291432_Batch_Output/Collab_FastPRB_alpha0.85_eps4.24e-07_T5000_lr10.01_lr20.004_202601291248_Details/worker_3_TimeAcc.png,plot_file,plot,,,,,,,False,1,90409,png
results/online_link_prediction/plots/202601291432_Batch_Output/Collab_FastPRB_alpha0.85_eps4.24e-07_T5000_lr10.01_lr20.004_202601291248_Details/worker_4_TimeAcc.png,plot_file,plot,,,,,,,False,1,96619,png
results/online_link_prediction/plots/202601291432_Batch_Output/Collab_FastPRB_alpha0.85_eps4.24e-07_T5000_lr10.01_lr20.004_202601291248_Details/worker_5_TimeAcc.png,plot_file,plot,,,,,,,False,1,91292,png
results/online_link_prediction/plots/202601291432_Batch_Output/Collab_FastPRB_alpha0.85_eps4.24e-07_T5000_lr10.01_lr20.004_202601291248_Details/worker_6_TimeAcc.png,plot_file,plot,,,,,,,False,1,91696,png
results/online_link_prediction/plots/202601291432_Batch_Output/Collab_FastPRB_alpha0.85_eps4.24e-07_T5000_lr10.01_lr20.004_202601291248_Details/worker_7_TimeAcc.png,plot_file,plot,,,,,,,False,1,91637,png
results/online_link_prediction/plots/202601291432_Batch_Output/Collab_FastPRB_alpha0.85_eps4.24e-07_T5000_lr10.01_lr20.004_202601291248_Details/worker_8_TimeAcc.png,plot_file,plot,,,,,,,False,1,96206,png
results/online_link_prediction/plots/202601291432_Batch_Output/Collab_FastPRB_alpha0.85_eps4.24e-07_T5000_lr10.01_lr20.004_202601291248_Details/worker_9_TimeAcc.png,plot_file,plot,,,,,,,False,1,94113,png
results/online_link_prediction/plots/202601291432_Batch_Output/ogbl-Collab_Regret_vs_Rounds.pdf,plot_file,plot,,,,,,,False,1,33175,pdf
results/online_link_prediction/plots/202601291432_Batch_Output/ogbl-Collab_Regret_vs_Rounds.png,plot_file,plot,,,,,,,False,1,378118,png
results/online_link_prediction/plots/202601291740_Batch_Output/AmazonFashion_Regret_vs_Rounds.pdf,plot_file,plot,,,,,,,False,1,22261,pdf
results/online_link_prediction/plots/202601291740_Batch_Output/AmazonFashion_Regret_vs_Rounds.png,plot_file,plot,,,,,,,False,1,272609,png
results/online_link_prediction/plots/202601291740_Batch_Output/Amazon_fashion_FastPRB_alpha0.85_eps0.000125_T5000_lr10.1_lr20.01_202601291452_Details/worker_0_TimeAcc.png,plot_file,plot,,,,,,,False,1,83557,png
results/online_link_prediction/plots/202601291740_Batch_Output/Amazon_fashion_FastPRB_alpha0.85_eps0.000125_T5000_lr10.1_lr20.01_202601291452_Details/worker_1_TimeAcc.png,plot_file,plot,,,,,,,False,1,67947,png
results/online_link_prediction/plots/202601291740_Batch_Output/Amazon_fashion_FastPRB_alpha0.85_eps0.000125_T5000_lr10.1_lr20.01_202601291452_Details/worker_2_TimeAcc.png,plot_file,plot,,,,,,,False,1,75778,png
results/online_link_prediction/plots/202601291740_Batch_Output/Amazon_fashion_FastPRB_alpha0.85_eps0.000125_T5000_lr10.1_lr20.01_202601291452_Details/worker_3_TimeAcc.png,plot_file,plot,,,,,,,False,1,69296,png
results/online_link_prediction/plots/202601291740_Batch_Output/Amazon_fashion_FastPRB_alpha0.85_eps0.000125_T5000_lr10.1_lr20.01_202601291452_Details/worker_4_TimeAcc.png,plot_file,plot,,,,,,,False,1,73832,png
results/online_link_prediction/plots/202601291740_Batch_Output/Amazon_fashion_FastPRB_alpha0.85_eps0.000125_T5000_lr10.1_lr20.01_202601291452_Details/worker_5_TimeAcc.png,plot_file,plot,,,,,,,False,1,72208,png
results/online_link_prediction/plots/202601291740_Batch_Output/Amazon_fashion_FastPRB_alpha0.85_eps0.000125_T5000_lr10.1_lr20.01_202601291452_Details/worker_6_TimeAcc.png,plot_file,plot,,,,,,,False,1,73761,png
results/online_link_prediction/plots/202601291740_Batch_Output/Amazon_fashion_FastPRB_alpha0.85_eps0.000125_T5000_lr10.1_lr20.01_202601291452_Details/worker_7_TimeAcc.png,plot_file,plot,,,,,,,False,1,67022,png
results/online_link_prediction/plots/202601291740_Batch_Output/Amazon_fashion_FastPRB_alpha0.85_eps0.000125_T5000_lr10.1_lr20.01_202601291452_Details/worker_8_TimeAcc.png,plot_file,plot,,,,,,,False,1,68961,png
results/online_link_prediction/plots/202601291740_Batch_Output/Amazon_fashion_FastPRB_alpha0.85_eps0.000125_T5000_lr10.1_lr20.01_202601291452_Details/worker_9_TimeAcc.png,plot_file,plot,,,,,,,False,1,68156,png
results/online_link_prediction/plots/202601291740_Batch_Output/Amazon_fashion_PRB_alpha0.85_powT50_T5000_lr10.1_lr20.01_202601291452_Details/worker_0_TimeAcc.png,plot_file,plot,,,,,,,False,1,83121,png
results/online_link_prediction/plots/202601291740_Batch_Output/Amazon_fashion_PRB_alpha0.85_powT50_T5000_lr10.1_lr20.01_202601291452_Details/worker_1_TimeAcc.png,plot_file,plot,,,,,,,False,1,68282,png
results/online_link_prediction/plots/202601291740_Batch_Output/Amazon_fashion_PRB_alpha0.85_powT50_T5000_lr10.1_lr20.01_202601291452_Details/worker_2_TimeAcc.png,plot_file,plot,,,,,,,False,1,76071,png
results/online_link_prediction/plots/202601291740_Batch_Output/Amazon_fashion_PRB_alpha0.85_powT50_T5000_lr10.1_lr20.01_202601291452_Details/worker_3_TimeAcc.png,plot_file,plot,,,,,,,False,1,69202,png
results/online_link_prediction/plots/202601291740_Batch_Output/Amazon_fashion_PRB_alpha0.85_powT50_T5000_lr10.1_lr20.01_202601291452_Details/worker_4_TimeAcc.png,plot_file,plot,,,,,,,False,1,73731,png
results/online_link_prediction/plots/202601291740_Batch_Output/Amazon_fashion_PRB_alpha0.85_powT50_T5000_lr10.1_lr20.01_202601291452_Details/worker_5_TimeAcc.png,plot_file,plot,,,,,,,False,1,71814,png
results/online_link_prediction/plots/202601291740_Batch_Output/Amazon_fashion_PRB_alpha0.85_powT50_T5000_lr10.1_lr20.01_202601291452_Details/worker_6_TimeAcc.png,plot_file,plot,,,,,,,False,1,72805,png
results/online_link_prediction/plots/202601291740_Batch_Output/Amazon_fashion_PRB_alpha0.85_powT50_T5000_lr10.1_lr20.01_202601291452_Details/worker_7_TimeAcc.png,plot_file,plot,,,,,,,False,1,66690,png
results/online_link_prediction/plots/202601291740_Batch_Output/Amazon_fashion_PRB_alpha0.85_powT50_T5000_lr10.1_lr20.01_202601291452_Details/worker_8_TimeAcc.png,plot_file,plot,,,,,,,False,1,68999,png
results/online_link_prediction/plots/202601291740_Batch_Output/Amazon_fashion_PRB_alpha0.85_powT50_T5000_lr10.1_lr20.01_202601291452_Details/worker_9_TimeAcc.png,plot_file,plot,,,,,,,False,1,68055,png
results/online_link_prediction/plots/202601291740_Batch_Output/Facebook_FastPRB_alpha0.85_eps0.000248_T10000_lr10.06_lr20.02_202601291452_Details/worker_0_TimeAcc.png,plot_file,plot,,,,,,,False,1,86984,png
results/online_link_prediction/plots/202601291740_Batch_Output/Facebook_FastPRB_alpha0.85_eps0.000248_T10000_lr10.06_lr20.02_202601291452_Details/worker_1_TimeAcc.png,plot_file,plot,,,,,,,False,1,83178,png
results/online_link_prediction/plots/202601291740_Batch_Output/Facebook_FastPRB_alpha0.85_eps0.000248_T10000_lr10.06_lr20.02_202601291452_Details/worker_2_TimeAcc.png,plot_file,plot,,,,,,,False,1,84236,png
results/online_link_prediction/plots/202601291740_Batch_Output/Facebook_FastPRB_alpha0.85_eps0.000248_T10000_lr10.06_lr20.02_202601291452_Details/worker_3_TimeAcc.png,plot_file,plot,,,,,,,False,1,88641,png
results/online_link_prediction/plots/202601291740_Batch_Output/Facebook_FastPRB_alpha0.85_eps0.000248_T10000_lr10.06_lr20.02_202601291452_Details/worker_4_TimeAcc.png,plot_file,plot,,,,,,,False,1,86702,png
results/online_link_prediction/plots/202601291740_Batch_Output/Facebook_FastPRB_alpha0.85_eps0.000248_T10000_lr10.06_lr20.02_202601291452_Details/worker_5_TimeAcc.png,plot_file,plot,,,,,,,False,1,86421,png
results/online_link_prediction/plots/202601291740_Batch_Output/Facebook_FastPRB_alpha0.85_eps0.000248_T10000_lr10.06_lr20.02_202601291452_Details/worker_6_TimeAcc.png,plot_file,plot,,,,,,,False,1,92220,png
results/online_link_prediction/plots/202601291740_Batch_Output/Facebook_FastPRB_alpha0.85_eps0.000248_T10000_lr10.06_lr20.02_202601291452_Details/worker_7_TimeAcc.png,plot_file,plot,,,,,,,False,1,84397,png
results/online_link_prediction/plots/202601291740_Batch_Output/Facebook_FastPRB_alpha0.85_eps0.000248_T10000_lr10.06_lr20.02_202601291452_Details/worker_8_TimeAcc.png,plot_file,plot,,,,,,,False,1,86225,png
results/online_link_prediction/plots/202601291740_Batch_Output/Facebook_FastPRB_alpha0.85_eps0.000248_T10000_lr10.06_lr20.02_202601291452_Details/worker_9_TimeAcc.png,plot_file,plot,,,,,,,False,1,89460,png
results/online_link_prediction/plots/202601291740_Batch_Output/Facebook_PRB_alpha0.85_powT50_T10000_lr10.06_lr20.02_202601291452_Details/worker_0_TimeAcc.png,plot_file,plot,,,,,,,False,1,83584,png
results/online_link_prediction/plots/202601291740_Batch_Output/Facebook_PRB_alpha0.85_powT50_T10000_lr10.06_lr20.02_202601291452_Details/worker_1_TimeAcc.png,plot_file,plot,,,,,,,False,1,85959,png
results/online_link_prediction/plots/202601291740_Batch_Output/Facebook_PRB_alpha0.85_powT50_T10000_lr10.06_lr20.02_202601291452_Details/worker_2_TimeAcc.png,plot_file,plot,,,,,,,False,1,82328,png
results/online_link_prediction/plots/202601291740_Batch_Output/Facebook_PRB_alpha0.85_powT50_T10000_lr10.06_lr20.02_202601291452_Details/worker_3_TimeAcc.png,plot_file,plot,,,,,,,False,1,87715,png
results/online_link_prediction/plots/202601291740_Batch_Output/Facebook_PRB_alpha0.85_powT50_T10000_lr10.06_lr20.02_202601291452_Details/worker_4_TimeAcc.png,plot_file,plot,,,,,,,False,1,85768,png
results/online_link_prediction/plots/202601291740_Batch_Output/Facebook_PRB_alpha0.85_powT50_T10000_lr10.06_lr20.02_202601291452_Details/worker_5_TimeAcc.png,plot_file,plot,,,,,,,False,1,87939,png
results/online_link_prediction/plots/202601291740_Batch_Output/Facebook_PRB_alpha0.85_powT50_T10000_lr10.06_lr20.02_202601291452_Details/worker_6_TimeAcc.png,plot_file,plot,,,,,,,False,1,85989,png
results/online_link_prediction/plots/202601291740_Batch_Output/Facebook_PRB_alpha0.85_powT50_T10000_lr10.06_lr20.02_202601291452_Details/worker_7_TimeAcc.png,plot_file,plot,,,,,,,False,1,83801,png
results/online_link_prediction/plots/202601291740_Batch_Output/Facebook_PRB_alpha0.85_powT50_T10000_lr10.06_lr20.02_202601291452_Details/worker_8_TimeAcc.png,plot_file,plot,,,,,,,False,1,90192,png
results/online_link_prediction/plots/202601291740_Batch_Output/Facebook_PRB_alpha0.85_powT50_T10000_lr10.06_lr20.02_202601291452_Details/worker_9_TimeAcc.png,plot_file,plot,,,,,,,False,1,91272,png
results/online_link_prediction/plots/202601291740_Batch_Output/Facebook_Regret_vs_Rounds.pdf,plot_file,plot,,,,,,,False,1,33685,pdf
results/online_link_prediction/plots/202601291740_Batch_Output/Facebook_Regret_vs_Rounds.png,plot_file,plot,,,,,,,False,1,277145,png
results/online_link_prediction/plots/202601291740_Batch_Output/GrQc_Regret_vs_Rounds.pdf,plot_file,plot,,,,,,,False,1,26570,pdf
results/online_link_prediction/plots/202601291740_Batch_Output/GrQc_Regret_vs_Rounds.png,plot_file,plot,,,,,,,False,1,276325,png
results/online_link_prediction/plots/202601291740_Batch_Output/Grqc_FastPRB_alpha0.85_eps0.000191_T10000_lr10.01_lr20.004_202601291452_Details/worker_0_TimeAcc.png,plot_file,plot,,,,,,,False,1,91828,png
results/online_link_prediction/plots/202601291740_Batch_Output/Grqc_FastPRB_alpha0.85_eps0.000191_T10000_lr10.01_lr20.004_202601291452_Details/worker_1_TimeAcc.png,plot_file,plot,,,,,,,False,1,89701,png
results/online_link_prediction/plots/202601291740_Batch_Output/Grqc_FastPRB_alpha0.85_eps0.000191_T10000_lr10.01_lr20.004_202601291452_Details/worker_2_TimeAcc.png,plot_file,plot,,,,,,,False,1,93404,png
results/online_link_prediction/plots/202601291740_Batch_Output/Grqc_FastPRB_alpha0.85_eps0.000191_T10000_lr10.01_lr20.004_202601291452_Details/worker_3_TimeAcc.png,plot_file,plot,,,,,,,False,1,97652,png
results/online_link_prediction/plots/202601291740_Batch_Output/Grqc_FastPRB_alpha0.85_eps0.000191_T10000_lr10.01_lr20.004_202601291452_Details/worker_4_TimeAcc.png,plot_file,plot,,,,,,,False,1,98776,png
results/online_link_prediction/plots/202601291740_Batch_Output/Grqc_FastPRB_alpha0.85_eps0.000191_T10000_lr10.01_lr20.004_202601291452_Details/worker_5_TimeAcc.png,plot_file,plot,,,,,,,False,1,94656,png
results/online_link_prediction/plots/202601291740_Batch_Output/Grqc_FastPRB_alpha0.85_eps0.000191_T10000_lr10.01_lr20.004_202601291452_Details/worker_6_TimeAcc.png,plot_file,plot,,,,,,,False,1,101699,png
results/online_link_prediction/plots/202601291740_Batch_Output/Grqc_FastPRB_alpha0.85_eps0.000191_T10000_lr10.01_lr20.004_202601291452_Details/worker_7_TimeAcc.png,plot_file,plot,,,,,,,False,1,95875,png
results/online_link_prediction/plots/202601291740_Batch_Output/Grqc_FastPRB_alpha0.85_eps0.000191_T10000_lr10.01_lr20.004_202601291452_Details/worker_8_TimeAcc.png,plot_file,plot,,,,,,,False,1,90842,png
results/online_link_prediction/plots/202601291740_Batch_Output/Grqc_FastPRB_alpha0.85_eps0.000191_T10000_lr10.01_lr20.004_202601291452_Details/worker_9_TimeAcc.png,plot_file,plot,,,,,,,False,1,98669,png
results/online_link_prediction/plots/202601291740_Batch_Output/Grqc_PRB_alpha0.85_powT50_T10000_lr10.01_lr20.004_202601291452_Details/worker_0_TimeAcc.png,plot_file,plot,,,,,,,False,1,101979,png
results/online_link_prediction/plots/202601291740_Batch_Output/Grqc_PRB_alpha0.85_powT50_T10000_lr10.01_lr20.004_202601291452_Details/worker_1_TimeAcc.png,plot_file,plot,,,,,,,False,1,95981,png
results/online_link_prediction/plots/202601291740_Batch_Output/Grqc_PRB_alpha0.85_powT50_T10000_lr10.01_lr20.004_202601291452_Details/worker_2_TimeAcc.png,plot_file,plot,,,,,,,False,1,93710,png
results/online_link_prediction/plots/202601291740_Batch_Output/Grqc_PRB_alpha0.85_powT50_T10000_lr10.01_lr20.004_202601291452_Details/worker_3_TimeAcc.png,plot_file,plot,,,,,,,False,1,95609,png
results/online_link_prediction/plots/202601291740_Batch_Output/Grqc_PRB_alpha0.85_powT50_T10000_lr10.01_lr20.004_202601291452_Details/worker_4_TimeAcc.png,plot_file,plot,,,,,,,False,1,92986,png
results/online_link_prediction/plots/202601291740_Batch_Output/Grqc_PRB_alpha0.85_powT50_T10000_lr10.01_lr20.004_202601291452_Details/worker_5_TimeAcc.png,plot_file,plot,,,,,,,False,1,97618,png
results/online_link_prediction/plots/202601291740_Batch_Output/Grqc_PRB_alpha0.85_powT50_T10000_lr10.01_lr20.004_202601291452_Details/worker_6_TimeAcc.png,plot_file,plot,,,,,,,False,1,96454,png
results/online_link_prediction/plots/202601291740_Batch_Output/Grqc_PRB_alpha0.85_powT50_T10000_lr10.01_lr20.004_202601291452_Details/worker_7_TimeAcc.png,plot_file,plot,,,,,,,False,1,92196,png
results/online_link_prediction/plots/202601291740_Batch_Output/Grqc_PRB_alpha0.85_powT50_T10000_lr10.01_lr20.004_202601291452_Details/worker_8_TimeAcc.png,plot_file,plot,,,,,,,False,1,89399,png
results/online_link_prediction/plots/202601291740_Batch_Output/Grqc_PRB_alpha0.85_powT50_T10000_lr10.01_lr20.004_202601291452_Details/worker_9_TimeAcc.png,plot_file,plot,,,,,,,False,1,96594,png
results/online_link_prediction/plots/202601291827_Batch_Output/AmazonFashion_Regret_vs_Rounds.pdf,plot_file,plot,,,,,,,False,1,22261,pdf
results/online_link_prediction/plots/202601291827_Batch_Output/AmazonFashion_Regret_vs_Rounds.png,plot_file,plot,,,,,,,False,1,272609,png
results/online_link_prediction/plots/202601291827_Batch_Output/Amazon_fashion_FastPRB_alpha0.85_eps0.000125_T5000_lr10.1_lr20.01_202601291742_Details/worker_0_TimeAcc.png,plot_file,plot,,,,,,,False,1,87565,png
results/online_link_prediction/plots/202601291827_Batch_Output/Amazon_fashion_FastPRB_alpha0.85_eps0.000125_T5000_lr10.1_lr20.01_202601291742_Details/worker_1_TimeAcc.png,plot_file,plot,,,,,,,False,1,71427,png
results/online_link_prediction/plots/202601291827_Batch_Output/Amazon_fashion_FastPRB_alpha0.85_eps0.000125_T5000_lr10.1_lr20.01_202601291742_Details/worker_2_TimeAcc.png,plot_file,plot,,,,,,,False,1,79791,png
results/online_link_prediction/plots/202601291827_Batch_Output/Amazon_fashion_FastPRB_alpha0.85_eps0.000125_T5000_lr10.1_lr20.01_202601291742_Details/worker_3_TimeAcc.png,plot_file,plot,,,,,,,False,1,73220,png
results/online_link_prediction/plots/202601291827_Batch_Output/Amazon_fashion_FastPRB_alpha0.85_eps0.000125_T5000_lr10.1_lr20.01_202601291742_Details/worker_4_TimeAcc.png,plot_file,plot,,,,,,,False,1,77687,png
results/online_link_prediction/plots/202601291827_Batch_Output/Amazon_fashion_FastPRB_alpha0.85_eps0.000125_T5000_lr10.1_lr20.01_202601291742_Details/worker_5_TimeAcc.png,plot_file,plot,,,,,,,False,1,76337,png
results/online_link_prediction/plots/202601291827_Batch_Output/Amazon_fashion_FastPRB_alpha0.85_eps0.000125_T5000_lr10.1_lr20.01_202601291742_Details/worker_6_TimeAcc.png,plot_file,plot,,,,,,,False,1,76503,png
results/online_link_prediction/plots/202601291827_Batch_Output/Amazon_fashion_FastPRB_alpha0.85_eps0.000125_T5000_lr10.1_lr20.01_202601291742_Details/worker_7_TimeAcc.png,plot_file,plot,,,,,,,False,1,70748,png
results/online_link_prediction/plots/202601291827_Batch_Output/Amazon_fashion_FastPRB_alpha0.85_eps0.000125_T5000_lr10.1_lr20.01_202601291742_Details/worker_8_TimeAcc.png,plot_file,plot,,,,,,,False,1,70293,png
results/online_link_prediction/plots/202601291827_Batch_Output/Amazon_fashion_FastPRB_alpha0.85_eps0.000125_T5000_lr10.1_lr20.01_202601291742_Details/worker_9_TimeAcc.png,plot_file,plot,,,,,,,False,1,72245,png
results/online_link_prediction/plots/202601291827_Batch_Output/Amazon_fashion_PRB_alpha0.85_powT50_T5000_lr10.1_lr20.01_202601291452_Details/worker_0_TimeAcc.png,plot_file,plot,,,,,,,False,1,83121,png
results/online_link_prediction/plots/202601291827_Batch_Output/Amazon_fashion_PRB_alpha0.85_powT50_T5000_lr10.1_lr20.01_202601291452_Details/worker_1_TimeAcc.png,plot_file,plot,,,,,,,False,1,68282,png
results/online_link_prediction/plots/202601291827_Batch_Output/Amazon_fashion_PRB_alpha0.85_powT50_T5000_lr10.1_lr20.01_202601291452_Details/worker_2_TimeAcc.png,plot_file,plot,,,,,,,False,1,76071,png
results/online_link_prediction/plots/202601291827_Batch_Output/Amazon_fashion_PRB_alpha0.85_powT50_T5000_lr10.1_lr20.01_202601291452_Details/worker_3_TimeAcc.png,plot_file,plot,,,,,,,False,1,69202,png
results/online_link_prediction/plots/202601291827_Batch_Output/Amazon_fashion_PRB_alpha0.85_powT50_T5000_lr10.1_lr20.01_202601291452_Details/worker_4_TimeAcc.png,plot_file,plot,,,,,,,False,1,73731,png
results/online_link_prediction/plots/202601291827_Batch_Output/Amazon_fashion_PRB_alpha0.85_powT50_T5000_lr10.1_lr20.01_202601291452_Details/worker_5_TimeAcc.png,plot_file,plot,,,,,,,False,1,71814,png
results/online_link_prediction/plots/202601291827_Batch_Output/Amazon_fashion_PRB_alpha0.85_powT50_T5000_lr10.1_lr20.01_202601291452_Details/worker_6_TimeAcc.png,plot_file,plot,,,,,,,False,1,72805,png
results/online_link_prediction/plots/202601291827_Batch_Output/Amazon_fashion_PRB_alpha0.85_powT50_T5000_lr10.1_lr20.01_202601291452_Details/worker_7_TimeAcc.png,plot_file,plot,,,,,,,False,1,66690,png
results/online_link_prediction/plots/202601291827_Batch_Output/Amazon_fashion_PRB_alpha0.85_powT50_T5000_lr10.1_lr20.01_202601291452_Details/worker_8_TimeAcc.png,plot_file,plot,,,,,,,False,1,68999,png
results/online_link_prediction/plots/202601291827_Batch_Output/Amazon_fashion_PRB_alpha0.85_powT50_T5000_lr10.1_lr20.01_202601291452_Details/worker_9_TimeAcc.png,plot_file,plot,,,,,,,False,1,68055,png
results/online_link_prediction/plots/202601291827_Batch_Output/Facebook_FastPRB_alpha0.85_eps0.000248_T10000_lr10.06_lr20.02_202601291743_Details/worker_0_TimeAcc.png,plot_file,plot,,,,,,,False,1,86631,png
results/online_link_prediction/plots/202601291827_Batch_Output/Facebook_FastPRB_alpha0.85_eps0.000248_T10000_lr10.06_lr20.02_202601291743_Details/worker_1_TimeAcc.png,plot_file,plot,,,,,,,False,1,83269,png
results/online_link_prediction/plots/202601291827_Batch_Output/Facebook_FastPRB_alpha0.85_eps0.000248_T10000_lr10.06_lr20.02_202601291743_Details/worker_2_TimeAcc.png,plot_file,plot,,,,,,,False,1,84996,png
results/online_link_prediction/plots/202601291827_Batch_Output/Facebook_FastPRB_alpha0.85_eps0.000248_T10000_lr10.06_lr20.02_202601291743_Details/worker_3_TimeAcc.png,plot_file,plot,,,,,,,False,1,86469,png
results/online_link_prediction/plots/202601291827_Batch_Output/Facebook_FastPRB_alpha0.85_eps0.000248_T10000_lr10.06_lr20.02_202601291743_Details/worker_4_TimeAcc.png,plot_file,plot,,,,,,,False,1,87402,png
results/online_link_prediction/plots/202601291827_Batch_Output/Facebook_FastPRB_alpha0.85_eps0.000248_T10000_lr10.06_lr20.02_202601291743_Details/worker_5_TimeAcc.png,plot_file,plot,,,,,,,False,1,84129,png
results/online_link_prediction/plots/202601291827_Batch_Output/Facebook_FastPRB_alpha0.85_eps0.000248_T10000_lr10.06_lr20.02_202601291743_Details/worker_6_TimeAcc.png,plot_file,plot,,,,,,,False,1,91139,png
results/online_link_prediction/plots/202601291827_Batch_Output/Facebook_FastPRB_alpha0.85_eps0.000248_T10000_lr10.06_lr20.02_202601291743_Details/worker_7_TimeAcc.png,plot_file,plot,,,,,,,False,1,82393,png
results/online_link_prediction/plots/202601291827_Batch_Output/Facebook_FastPRB_alpha0.85_eps0.000248_T10000_lr10.06_lr20.02_202601291743_Details/worker_8_TimeAcc.png,plot_file,plot,,,,,,,False,1,86368,png
results/online_link_prediction/plots/202601291827_Batch_Output/Facebook_FastPRB_alpha0.85_eps0.000248_T10000_lr10.06_lr20.02_202601291743_Details/worker_9_TimeAcc.png,plot_file,plot,,,,,,,False,1,88928,png
results/online_link_prediction/plots/202601291827_Batch_Output/Facebook_PRB_alpha0.85_powT50_T10000_lr10.06_lr20.02_202601291452_Details/worker_0_TimeAcc.png,plot_file,plot,,,,,,,False,1,83584,png
results/online_link_prediction/plots/202601291827_Batch_Output/Facebook_PRB_alpha0.85_powT50_T10000_lr10.06_lr20.02_202601291452_Details/worker_1_TimeAcc.png,plot_file,plot,,,,,,,False,1,85959,png
results/online_link_prediction/plots/202601291827_Batch_Output/Facebook_PRB_alpha0.85_powT50_T10000_lr10.06_lr20.02_202601291452_Details/worker_2_TimeAcc.png,plot_file,plot,,,,,,,False,1,82328,png
results/online_link_prediction/plots/202601291827_Batch_Output/Facebook_PRB_alpha0.85_powT50_T10000_lr10.06_lr20.02_202601291452_Details/worker_3_TimeAcc.png,plot_file,plot,,,,,,,False,1,87715,png
results/online_link_prediction/plots/202601291827_Batch_Output/Facebook_PRB_alpha0.85_powT50_T10000_lr10.06_lr20.02_202601291452_Details/worker_4_TimeAcc.png,plot_file,plot,,,,,,,False,1,85768,png
results/online_link_prediction/plots/202601291827_Batch_Output/Facebook_PRB_alpha0.85_powT50_T10000_lr10.06_lr20.02_202601291452_Details/worker_5_TimeAcc.png,plot_file,plot,,,,,,,False,1,87939,png
results/online_link_prediction/plots/202601291827_Batch_Output/Facebook_PRB_alpha0.85_powT50_T10000_lr10.06_lr20.02_202601291452_Details/worker_6_TimeAcc.png,plot_file,plot,,,,,,,False,1,85989,png
results/online_link_prediction/plots/202601291827_Batch_Output/Facebook_PRB_alpha0.85_powT50_T10000_lr10.06_lr20.02_202601291452_Details/worker_7_TimeAcc.png,plot_file,plot,,,,,,,False,1,83801,png
results/online_link_prediction/plots/202601291827_Batch_Output/Facebook_PRB_alpha0.85_powT50_T10000_lr10.06_lr20.02_202601291452_Details/worker_8_TimeAcc.png,plot_file,plot,,,,,,,False,1,90192,png
results/online_link_prediction/plots/202601291827_Batch_Output/Facebook_PRB_alpha0.85_powT50_T10000_lr10.06_lr20.02_202601291452_Details/worker_9_TimeAcc.png,plot_file,plot,,,,,,,False,1,91272,png
results/online_link_prediction/plots/202601291827_Batch_Output/Facebook_Regret_vs_Rounds.pdf,plot_file,plot,,,,,,,False,1,33685,pdf
results/online_link_prediction/plots/202601291827_Batch_Output/Facebook_Regret_vs_Rounds.png,plot_file,plot,,,,,,,False,1,277145,png
results/online_link_prediction/plots/202601291827_Batch_Output/GrQc_Regret_vs_Rounds.pdf,plot_file,plot,,,,,,,False,1,26570,pdf
results/online_link_prediction/plots/202601291827_Batch_Output/GrQc_Regret_vs_Rounds.png,plot_file,plot,,,,,,,False,1,276325,png
results/online_link_prediction/plots/202601291827_Batch_Output/Grqc_FastPRB_alpha0.85_eps0.000191_T10000_lr10.01_lr20.004_202601291743_Details/worker_0_TimeAcc.png,plot_file,plot,,,,,,,False,1,89571,png
results/online_link_prediction/plots/202601291827_Batch_Output/Grqc_FastPRB_alpha0.85_eps0.000191_T10000_lr10.01_lr20.004_202601291743_Details/worker_1_TimeAcc.png,plot_file,plot,,,,,,,False,1,88378,png
results/online_link_prediction/plots/202601291827_Batch_Output/Grqc_FastPRB_alpha0.85_eps0.000191_T10000_lr10.01_lr20.004_202601291743_Details/worker_2_TimeAcc.png,plot_file,plot,,,,,,,False,1,91052,png
results/online_link_prediction/plots/202601291827_Batch_Output/Grqc_FastPRB_alpha0.85_eps0.000191_T10000_lr10.01_lr20.004_202601291743_Details/worker_3_TimeAcc.png,plot_file,plot,,,,,,,False,1,95014,png
results/online_link_prediction/plots/202601291827_Batch_Output/Grqc_FastPRB_alpha0.85_eps0.000191_T10000_lr10.01_lr20.004_202601291743_Details/worker_4_TimeAcc.png,plot_file,plot,,,,,,,False,1,96666,png
results/online_link_prediction/plots/202601291827_Batch_Output/Grqc_FastPRB_alpha0.85_eps0.000191_T10000_lr10.01_lr20.004_202601291743_Details/worker_5_TimeAcc.png,plot_file,plot,,,,,,,False,1,93077,png
results/online_link_prediction/plots/202601291827_Batch_Output/Grqc_FastPRB_alpha0.85_eps0.000191_T10000_lr10.01_lr20.004_202601291743_Details/worker_6_TimeAcc.png,plot_file,plot,,,,,,,False,1,99507,png
results/online_link_prediction/plots/202601291827_Batch_Output/Grqc_FastPRB_alpha0.85_eps0.000191_T10000_lr10.01_lr20.004_202601291743_Details/worker_7_TimeAcc.png,plot_file,plot,,,,,,,False,1,93374,png
results/online_link_prediction/plots/202601291827_Batch_Output/Grqc_FastPRB_alpha0.85_eps0.000191_T10000_lr10.01_lr20.004_202601291743_Details/worker_8_TimeAcc.png,plot_file,plot,,,,,,,False,1,87990,png
results/online_link_prediction/plots/202601291827_Batch_Output/Grqc_FastPRB_alpha0.85_eps0.000191_T10000_lr10.01_lr20.004_202601291743_Details/worker_9_TimeAcc.png,plot_file,plot,,,,,,,False,1,97400,png
results/online_link_prediction/plots/202601291827_Batch_Output/Grqc_PRB_alpha0.85_powT50_T10000_lr10.01_lr20.004_202601291452_Details/worker_0_TimeAcc.png,plot_file,plot,,,,,,,False,1,101979,png
results/online_link_prediction/plots/202601291827_Batch_Output/Grqc_PRB_alpha0.85_powT50_T10000_lr10.01_lr20.004_202601291452_Details/worker_1_TimeAcc.png,plot_file,plot,,,,,,,False,1,95981,png
results/online_link_prediction/plots/202601291827_Batch_Output/Grqc_PRB_alpha0.85_powT50_T10000_lr10.01_lr20.004_202601291452_Details/worker_2_TimeAcc.png,plot_file,plot,,,,,,,False,1,93710,png
results/online_link_prediction/plots/202601291827_Batch_Output/Grqc_PRB_alpha0.85_powT50_T10000_lr10.01_lr20.004_202601291452_Details/worker_3_TimeAcc.png,plot_file,plot,,,,,,,False,1,95609,png
results/online_link_prediction/plots/202601291827_Batch_Output/Grqc_PRB_alpha0.85_powT50_T10000_lr10.01_lr20.004_202601291452_Details/worker_4_TimeAcc.png,plot_file,plot,,,,,,,False,1,92986,png
results/online_link_prediction/plots/202601291827_Batch_Output/Grqc_PRB_alpha0.85_powT50_T10000_lr10.01_lr20.004_202601291452_Details/worker_5_TimeAcc.png,plot_file,plot,,,,,,,False,1,97618,png
results/online_link_prediction/plots/202601291827_Batch_Output/Grqc_PRB_alpha0.85_powT50_T10000_lr10.01_lr20.004_202601291452_Details/worker_6_TimeAcc.png,plot_file,plot,,,,,,,False,1,96454,png
results/online_link_prediction/plots/202601291827_Batch_Output/Grqc_PRB_alpha0.85_powT50_T10000_lr10.01_lr20.004_202601291452_Details/worker_7_TimeAcc.png,plot_file,plot,,,,,,,False,1,92196,png
results/online_link_prediction/plots/202601291827_Batch_Output/Grqc_PRB_alpha0.85_powT50_T10000_lr10.01_lr20.004_202601291452_Details/worker_8_TimeAcc.png,plot_file,plot,,,,,,,False,1,89399,png
results/online_link_prediction/plots/202601291827_Batch_Output/Grqc_PRB_alpha0.85_powT50_T10000_lr10.01_lr20.004_202601291452_Details/worker_9_TimeAcc.png,plot_file,plot,,,,,,,False,1,96594,png
results/online_link_prediction/plots/202603230039_Batch_Output/MovieLens_FastPRB_alpha0.85_eps8.33e-05_T10000_lr10.0073_lr20.0004_h128_ks40_202603220013_Details/worker_0_TimeAcc.png,plot_file,plot,,,,,,,False,1,87748,png
results/online_link_prediction/plots/202603230039_Batch_Output/MovieLens_FastPRB_alpha0.85_eps8.33e-05_T10000_lr10.0073_lr20.0004_h128_ks40_202603220013_Details/worker_1_TimeAcc.png,plot_file,plot,,,,,,,False,1,81127,png
results/online_link_prediction/plots/202603230039_Batch_Output/MovieLens_FastPRB_alpha0.85_eps8.33e-05_T10000_lr10.0073_lr20.0004_h128_ks40_202603220013_Details/worker_2_TimeAcc.png,plot_file,plot,,,,,,,False,1,85294,png
results/online_link_prediction/plots/202603230039_Batch_Output/MovieLens_FastPRB_alpha0.85_eps8.33e-05_T10000_lr10.0073_lr20.0004_h128_ks40_202603220013_Details/worker_3_TimeAcc.png,plot_file,plot,,,,,,,False,1,85328,png
results/online_link_prediction/plots/202603230039_Batch_Output/MovieLens_FastPRB_alpha0.85_eps8.33e-05_T10000_lr10.0073_lr20.0004_h128_ks40_202603220013_Details/worker_4_TimeAcc.png,plot_file,plot,,,,,,,False,1,86352,png
results/online_link_prediction/plots/202603230039_Batch_Output/MovieLens_FastPRB_alpha0.85_eps8.33e-05_T10000_lr10.0073_lr20.0004_h128_ks40_202603220013_Details/worker_5_TimeAcc.png,plot_file,plot,,,,,,,False,1,87842,png
results/online_link_prediction/plots/202603230039_Batch_Output/MovieLens_FastPRB_alpha0.85_eps8.33e-05_T10000_lr10.0073_lr20.0004_h128_ks40_202603220013_Details/worker_6_TimeAcc.png,plot_file,plot,,,,,,,False,1,83933,png
results/online_link_prediction/plots/202603230039_Batch_Output/MovieLens_FastPRB_alpha0.85_eps8.33e-05_T10000_lr10.0073_lr20.0004_h128_ks40_202603220013_Details/worker_7_TimeAcc.png,plot_file,plot,,,,,,,False,1,84359,png
results/online_link_prediction/plots/202603230039_Batch_Output/MovieLens_FastPRB_alpha0.85_eps8.33e-05_T10000_lr10.0073_lr20.0004_h128_ks40_202603220013_Details/worker_8_TimeAcc.png,plot_file,plot,,,,,,,False,1,81562,png
results/online_link_prediction/plots/202603230039_Batch_Output/MovieLens_FastPRB_alpha0.85_eps8.33e-05_T10000_lr10.0073_lr20.0004_h128_ks40_202603220013_Details/worker_9_TimeAcc.png,plot_file,plot,,,,,,,False,1,86980,png
results/online_link_prediction/plots/202603230039_Batch_Output/MovieLens_FastPRB_alpha0.85_eps8.33e-05_T10000_lr10.0073_lr20.0004_h128_ks50_202603220014_Details/worker_0_TimeAcc.png,plot_file,plot,,,,,,,False,1,84649,png
results/online_link_prediction/plots/202603230039_Batch_Output/MovieLens_FastPRB_alpha0.85_eps8.33e-05_T10000_lr10.0073_lr20.0004_h128_ks50_202603220014_Details/worker_1_TimeAcc.png,plot_file,plot,,,,,,,False,1,80282,png
results/online_link_prediction/plots/202603230039_Batch_Output/MovieLens_FastPRB_alpha0.85_eps8.33e-05_T10000_lr10.0073_lr20.0004_h128_ks50_202603220014_Details/worker_2_TimeAcc.png,plot_file,plot,,,,,,,False,1,84441,png
results/online_link_prediction/plots/202603230039_Batch_Output/MovieLens_FastPRB_alpha0.85_eps8.33e-05_T10000_lr10.0073_lr20.0004_h128_ks50_202603220014_Details/worker_3_TimeAcc.png,plot_file,plot,,,,,,,False,1,83299,png
results/online_link_prediction/plots/202603230039_Batch_Output/MovieLens_FastPRB_alpha0.85_eps8.33e-05_T10000_lr10.0073_lr20.0004_h128_ks50_202603220014_Details/worker_4_TimeAcc.png,plot_file,plot,,,,,,,False,1,86657,png
results/online_link_prediction/plots/202603230039_Batch_Output/MovieLens_FastPRB_alpha0.85_eps8.33e-05_T10000_lr10.0073_lr20.0004_h128_ks50_202603220014_Details/worker_5_TimeAcc.png,plot_file,plot,,,,,,,False,1,86291,png
results/online_link_prediction/plots/202603230039_Batch_Output/MovieLens_FastPRB_alpha0.85_eps8.33e-05_T10000_lr10.0073_lr20.0004_h128_ks50_202603220014_Details/worker_6_TimeAcc.png,plot_file,plot,,,,,,,False,1,87460,png
results/online_link_prediction/plots/202603230039_Batch_Output/MovieLens_FastPRB_alpha0.85_eps8.33e-05_T10000_lr10.0073_lr20.0004_h128_ks50_202603220014_Details/worker_7_TimeAcc.png,plot_file,plot,,,,,,,False,1,85799,png
results/online_link_prediction/plots/202603230039_Batch_Output/MovieLens_FastPRB_alpha0.85_eps8.33e-05_T10000_lr10.0073_lr20.0004_h128_ks50_202603220014_Details/worker_8_TimeAcc.png,plot_file,plot,,,,,,,False,1,79715,png
results/online_link_prediction/plots/202603230039_Batch_Output/MovieLens_FastPRB_alpha0.85_eps8.33e-05_T10000_lr10.0073_lr20.0004_h128_ks50_202603220014_Details/worker_9_TimeAcc.png,plot_file,plot,,,,,,,False,1,87125,png
results/online_link_prediction/plots/202603230039_Batch_Output/MovieLens_Regret_vs_Rounds.pdf,plot_file,plot,,,,,,,False,1,32691,pdf
results/online_link_prediction/plots/202603230039_Batch_Output/MovieLens_Regret_vs_Rounds.png,plot_file,plot,,,,,,,False,1,252464,png
results/online_link_prediction/plots/202603231500_Batch_Output/MovieLens_FastPRB_alpha0.85_eps8.33e-05_T10000_lr10.0073_lr20.0004_h128_ks40_202603220013_Details/worker_0_TimeAcc.png,plot_file,plot,,,,,,,False,1,87748,png
results/online_link_prediction/plots/202603231500_Batch_Output/MovieLens_FastPRB_alpha0.85_eps8.33e-05_T10000_lr10.0073_lr20.0004_h128_ks40_202603220013_Details/worker_1_TimeAcc.png,plot_file,plot,,,,,,,False,1,81127,png
results/online_link_prediction/plots/202603231500_Batch_Output/MovieLens_FastPRB_alpha0.85_eps8.33e-05_T10000_lr10.0073_lr20.0004_h128_ks40_202603220013_Details/worker_2_TimeAcc.png,plot_file,plot,,,,,,,False,1,85294,png
results/online_link_prediction/plots/202603231500_Batch_Output/MovieLens_FastPRB_alpha0.85_eps8.33e-05_T10000_lr10.0073_lr20.0004_h128_ks40_202603220013_Details/worker_3_TimeAcc.png,plot_file,plot,,,,,,,False,1,85328,png
results/online_link_prediction/plots/202603231500_Batch_Output/MovieLens_FastPRB_alpha0.85_eps8.33e-05_T10000_lr10.0073_lr20.0004_h128_ks40_202603220013_Details/worker_4_TimeAcc.png,plot_file,plot,,,,,,,False,1,86352,png
results/online_link_prediction/plots/202603231500_Batch_Output/MovieLens_FastPRB_alpha0.85_eps8.33e-05_T10000_lr10.0073_lr20.0004_h128_ks40_202603220013_Details/worker_5_TimeAcc.png,plot_file,plot,,,,,,,False,1,87842,png
results/online_link_prediction/plots/202603231500_Batch_Output/MovieLens_FastPRB_alpha0.85_eps8.33e-05_T10000_lr10.0073_lr20.0004_h128_ks40_202603220013_Details/worker_6_TimeAcc.png,plot_file,plot,,,,,,,False,1,83933,png
results/online_link_prediction/plots/202603231500_Batch_Output/MovieLens_FastPRB_alpha0.85_eps8.33e-05_T10000_lr10.0073_lr20.0004_h128_ks40_202603220013_Details/worker_7_TimeAcc.png,plot_file,plot,,,,,,,False,1,84359,png
results/online_link_prediction/plots/202603231500_Batch_Output/MovieLens_FastPRB_alpha0.85_eps8.33e-05_T10000_lr10.0073_lr20.0004_h128_ks40_202603220013_Details/worker_8_TimeAcc.png,plot_file,plot,,,,,,,False,1,81562,png
results/online_link_prediction/plots/202603231500_Batch_Output/MovieLens_FastPRB_alpha0.85_eps8.33e-05_T10000_lr10.0073_lr20.0004_h128_ks40_202603220013_Details/worker_9_TimeAcc.png,plot_file,plot,,,,,,,False,1,86980,png
results/online_link_prediction/plots/202603231500_Batch_Output/MovieLens_FastPRB_alpha0.85_eps8.33e-05_T10000_lr10.0073_lr20.0004_h128_ks50_202603220014_Details/worker_0_TimeAcc.png,plot_file,plot,,,,,,,False,1,84649,png
results/online_link_prediction/plots/202603231500_Batch_Output/MovieLens_FastPRB_alpha0.85_eps8.33e-05_T10000_lr10.0073_lr20.0004_h128_ks50_202603220014_Details/worker_1_TimeAcc.png,plot_file,plot,,,,,,,False,1,80282,png
results/online_link_prediction/plots/202603231500_Batch_Output/MovieLens_FastPRB_alpha0.85_eps8.33e-05_T10000_lr10.0073_lr20.0004_h128_ks50_202603220014_Details/worker_2_TimeAcc.png,plot_file,plot,,,,,,,False,1,84441,png
results/online_link_prediction/plots/202603231500_Batch_Output/MovieLens_FastPRB_alpha0.85_eps8.33e-05_T10000_lr10.0073_lr20.0004_h128_ks50_202603220014_Details/worker_3_TimeAcc.png,plot_file,plot,,,,,,,False,1,83299,png
results/online_link_prediction/plots/202603231500_Batch_Output/MovieLens_FastPRB_alpha0.85_eps8.33e-05_T10000_lr10.0073_lr20.0004_h128_ks50_202603220014_Details/worker_4_TimeAcc.png,plot_file,plot,,,,,,,False,1,86657,png
results/online_link_prediction/plots/202603231500_Batch_Output/MovieLens_FastPRB_alpha0.85_eps8.33e-05_T10000_lr10.0073_lr20.0004_h128_ks50_202603220014_Details/worker_5_TimeAcc.png,plot_file,plot,,,,,,,False,1,86291,png
results/online_link_prediction/plots/202603231500_Batch_Output/MovieLens_FastPRB_alpha0.85_eps8.33e-05_T10000_lr10.0073_lr20.0004_h128_ks50_202603220014_Details/worker_6_TimeAcc.png,plot_file,plot,,,,,,,False,1,87460,png
results/online_link_prediction/plots/202603231500_Batch_Output/MovieLens_FastPRB_alpha0.85_eps8.33e-05_T10000_lr10.0073_lr20.0004_h128_ks50_202603220014_Details/worker_7_TimeAcc.png,plot_file,plot,,,,,,,False,1,85799,png
results/online_link_prediction/plots/202603231500_Batch_Output/MovieLens_FastPRB_alpha0.85_eps8.33e-05_T10000_lr10.0073_lr20.0004_h128_ks50_202603220014_Details/worker_8_TimeAcc.png,plot_file,plot,,,,,,,False,1,79715,png
results/online_link_prediction/plots/202603231500_Batch_Output/MovieLens_FastPRB_alpha0.85_eps8.33e-05_T10000_lr10.0073_lr20.0004_h128_ks50_202603220014_Details/worker_9_TimeAcc.png,plot_file,plot,,,,,,,False,1,87125,png
results/online_link_prediction/plots/202603231500_Batch_Output/MovieLens_FastPRB_alpha0.85_eps8.33e-05_T10000_lr10.0073_lr20.0004_h256_ks113_202603230044_Details/worker_0_TimeAcc.png,plot_file,plot,,,,,,,False,1,86575,png
results/online_link_prediction/plots/202603231500_Batch_Output/MovieLens_FastPRB_alpha0.85_eps8.33e-05_T10000_lr10.0073_lr20.0004_h256_ks113_202603230044_Details/worker_1_TimeAcc.png,plot_file,plot,,,,,,,False,1,84630,png
results/online_link_prediction/plots/202603231500_Batch_Output/MovieLens_FastPRB_alpha0.85_eps8.33e-05_T10000_lr10.0073_lr20.0004_h256_ks113_202603230044_Details/worker_2_TimeAcc.png,plot_file,plot,,,,,,,False,1,92194,png
results/online_link_prediction/plots/202603231500_Batch_Output/MovieLens_FastPRB_alpha0.85_eps8.33e-05_T10000_lr10.0073_lr20.0004_h256_ks113_202603230044_Details/worker_3_TimeAcc.png,plot_file,plot,,,,,,,False,1,85658,png
results/online_link_prediction/plots/202603231500_Batch_Output/MovieLens_FastPRB_alpha0.85_eps8.33e-05_T10000_lr10.0073_lr20.0004_h256_ks113_202603230044_Details/worker_4_TimeAcc.png,plot_file,plot,,,,,,,False,1,86750,png
results/online_link_prediction/plots/202603231500_Batch_Output/MovieLens_FastPRB_alpha0.85_eps8.33e-05_T10000_lr10.0073_lr20.0004_h256_ks113_202603230044_Details/worker_5_TimeAcc.png,plot_file,plot,,,,,,,False,1,88183,png
results/online_link_prediction/plots/202603231500_Batch_Output/MovieLens_FastPRB_alpha0.85_eps8.33e-05_T10000_lr10.0073_lr20.0004_h256_ks113_202603230044_Details/worker_6_TimeAcc.png,plot_file,plot,,,,,,,False,1,86821,png
results/online_link_prediction/plots/202603231500_Batch_Output/MovieLens_FastPRB_alpha0.85_eps8.33e-05_T10000_lr10.0073_lr20.0004_h256_ks113_202603230044_Details/worker_7_TimeAcc.png,plot_file,plot,,,,,,,False,1,87206,png
results/online_link_prediction/plots/202603231500_Batch_Output/MovieLens_FastPRB_alpha0.85_eps8.33e-05_T10000_lr10.0073_lr20.0004_h256_ks113_202603230044_Details/worker_8_TimeAcc.png,plot_file,plot,,,,,,,False,1,84989,png
results/online_link_prediction/plots/202603231500_Batch_Output/MovieLens_FastPRB_alpha0.85_eps8.33e-05_T10000_lr10.0073_lr20.0004_h256_ks113_202603230044_Details/worker_9_TimeAcc.png,plot_file,plot,,,,,,,False,1,87550,png
results/online_link_prediction/plots/202603231500_Batch_Output/MovieLens_FastPRB_alpha0.85_eps8.33e-05_T10000_lr10.0073_lr20.0004_h512_ks220_202603230044_Details/worker_0_TimeAcc.png,plot_file,plot,,,,,,,False,1,88208,png
results/online_link_prediction/plots/202603231500_Batch_Output/MovieLens_FastPRB_alpha0.85_eps8.33e-05_T10000_lr10.0073_lr20.0004_h512_ks220_202603230044_Details/worker_1_TimeAcc.png,plot_file,plot,,,,,,,False,1,89231,png
results/online_link_prediction/plots/202603231500_Batch_Output/MovieLens_FastPRB_alpha0.85_eps8.33e-05_T10000_lr10.0073_lr20.0004_h512_ks220_202603230044_Details/worker_2_TimeAcc.png,plot_file,plot,,,,,,,False,1,87499,png
results/online_link_prediction/plots/202603231500_Batch_Output/MovieLens_FastPRB_alpha0.85_eps8.33e-05_T10000_lr10.0073_lr20.0004_h512_ks220_202603230044_Details/worker_3_TimeAcc.png,plot_file,plot,,,,,,,False,1,85445,png
results/online_link_prediction/plots/202603231500_Batch_Output/MovieLens_FastPRB_alpha0.85_eps8.33e-05_T10000_lr10.0073_lr20.0004_h512_ks220_202603230044_Details/worker_4_TimeAcc.png,plot_file,plot,,,,,,,False,1,87975,png
results/online_link_prediction/plots/202603231500_Batch_Output/MovieLens_FastPRB_alpha0.85_eps8.33e-05_T10000_lr10.0073_lr20.0004_h512_ks220_202603230044_Details/worker_5_TimeAcc.png,plot_file,plot,,,,,,,False,1,89570,png
results/online_link_prediction/plots/202603231500_Batch_Output/MovieLens_FastPRB_alpha0.85_eps8.33e-05_T10000_lr10.0073_lr20.0004_h512_ks220_202603230044_Details/worker_6_TimeAcc.png,plot_file,plot,,,,,,,False,1,85340,png
results/online_link_prediction/plots/202603231500_Batch_Output/MovieLens_FastPRB_alpha0.85_eps8.33e-05_T10000_lr10.0073_lr20.0004_h512_ks220_202603230044_Details/worker_7_TimeAcc.png,plot_file,plot,,,,,,,False,1,84165,png
results/online_link_prediction/plots/202603231500_Batch_Output/MovieLens_FastPRB_alpha0.85_eps8.33e-05_T10000_lr10.0073_lr20.0004_h512_ks220_202603230044_Details/worker_8_TimeAcc.png,plot_file,plot,,,,,,,False,1,88383,png
results/online_link_prediction/plots/202603231500_Batch_Output/MovieLens_FastPRB_alpha0.85_eps8.33e-05_T10000_lr10.0073_lr20.0004_h512_ks220_202603230044_Details/worker_9_TimeAcc.png,plot_file,plot,,,,,,,False,1,85565,png
results/online_link_prediction/plots/202603231500_Batch_Output/MovieLens_FastPRB_alpha0.85_eps8.33e-05_T10000_lr10.0073_lr20.0004_h80_ks30_202603230045_Details/worker_0_TimeAcc.png,plot_file,plot,,,,,,,False,1,82812,png
results/online_link_prediction/plots/202603231500_Batch_Output/MovieLens_FastPRB_alpha0.85_eps8.33e-05_T10000_lr10.0073_lr20.0004_h80_ks30_202603230045_Details/worker_1_TimeAcc.png,plot_file,plot,,,,,,,False,1,87067,png
results/online_link_prediction/plots/202603231500_Batch_Output/MovieLens_FastPRB_alpha0.85_eps8.33e-05_T10000_lr10.0073_lr20.0004_h80_ks30_202603230045_Details/worker_2_TimeAcc.png,plot_file,plot,,,,,,,False,1,88376,png
results/online_link_prediction/plots/202603231500_Batch_Output/MovieLens_FastPRB_alpha0.85_eps8.33e-05_T10000_lr10.0073_lr20.0004_h80_ks30_202603230045_Details/worker_3_TimeAcc.png,plot_file,plot,,,,,,,False,1,84909,png
results/online_link_prediction/plots/202603231500_Batch_Output/MovieLens_FastPRB_alpha0.85_eps8.33e-05_T10000_lr10.0073_lr20.0004_h80_ks30_202603230045_Details/worker_4_TimeAcc.png,plot_file,plot,,,,,,,False,1,87670,png
results/online_link_prediction/plots/202603231500_Batch_Output/MovieLens_FastPRB_alpha0.85_eps8.33e-05_T10000_lr10.0073_lr20.0004_h80_ks30_202603230045_Details/worker_5_TimeAcc.png,plot_file,plot,,,,,,,False,1,85577,png
results/online_link_prediction/plots/202603231500_Batch_Output/MovieLens_FastPRB_alpha0.85_eps8.33e-05_T10000_lr10.0073_lr20.0004_h80_ks30_202603230045_Details/worker_6_TimeAcc.png,plot_file,plot,,,,,,,False,1,91880,png
results/online_link_prediction/plots/202603231500_Batch_Output/MovieLens_FastPRB_alpha0.85_eps8.33e-05_T10000_lr10.0073_lr20.0004_h80_ks30_202603230045_Details/worker_7_TimeAcc.png,plot_file,plot,,,,,,,False,1,86336,png
results/online_link_prediction/plots/202603231500_Batch_Output/MovieLens_FastPRB_alpha0.85_eps8.33e-05_T10000_lr10.0073_lr20.0004_h80_ks30_202603230045_Details/worker_8_TimeAcc.png,plot_file,plot,,,,,,,False,1,83615,png
results/online_link_prediction/plots/202603231500_Batch_Output/MovieLens_FastPRB_alpha0.85_eps8.33e-05_T10000_lr10.0073_lr20.0004_h80_ks30_202603230045_Details/worker_9_TimeAcc.png,plot_file,plot,,,,,,,False,1,86185,png
results/online_link_prediction/plots/202603231500_Batch_Output/MovieLens_Regret_vs_Rounds.pdf,plot_file,plot,,,,,,,False,1,57902,pdf
results/online_link_prediction/plots/202603231500_Batch_Output/MovieLens_Regret_vs_Rounds.png,plot_file,plot,,,,,,,False,1,291421,png
results/online_link_prediction/plots/202603231507_Batch_Output/MovieLens_FastPRB_alpha0.85_eps8.33e-05_T10000_lr10.0073_lr20.0004_202601291141_Details/worker_0_TimeAcc.png,plot_file,plot,,,,,,,False,1,85194,png
results/online_link_prediction/plots/202603231507_Batch_Output/MovieLens_FastPRB_alpha0.85_eps8.33e-05_T10000_lr10.0073_lr20.0004_202601291141_Details/worker_1_TimeAcc.png,plot_file,plot,,,,,,,False,1,82227,png
results/online_link_prediction/plots/202603231507_Batch_Output/MovieLens_FastPRB_alpha0.85_eps8.33e-05_T10000_lr10.0073_lr20.0004_202601291141_Details/worker_2_TimeAcc.png,plot_file,plot,,,,,,,False,1,82852,png
results/online_link_prediction/plots/202603231507_Batch_Output/MovieLens_FastPRB_alpha0.85_eps8.33e-05_T10000_lr10.0073_lr20.0004_202601291141_Details/worker_3_TimeAcc.png,plot_file,plot,,,,,,,False,1,85298,png
results/online_link_prediction/plots/202603231507_Batch_Output/MovieLens_FastPRB_alpha0.85_eps8.33e-05_T10000_lr10.0073_lr20.0004_202601291141_Details/worker_4_TimeAcc.png,plot_file,plot,,,,,,,False,1,84316,png
results/online_link_prediction/plots/202603231507_Batch_Output/MovieLens_FastPRB_alpha0.85_eps8.33e-05_T10000_lr10.0073_lr20.0004_202601291141_Details/worker_5_TimeAcc.png,plot_file,plot,,,,,,,False,1,85442,png
results/online_link_prediction/plots/202603231507_Batch_Output/MovieLens_FastPRB_alpha0.85_eps8.33e-05_T10000_lr10.0073_lr20.0004_202601291141_Details/worker_6_TimeAcc.png,plot_file,plot,,,,,,,False,1,83711,png
results/online_link_prediction/plots/202603231507_Batch_Output/MovieLens_FastPRB_alpha0.85_eps8.33e-05_T10000_lr10.0073_lr20.0004_202601291141_Details/worker_7_TimeAcc.png,plot_file,plot,,,,,,,False,1,83174,png
results/online_link_prediction/plots/202603231507_Batch_Output/MovieLens_FastPRB_alpha0.85_eps8.33e-05_T10000_lr10.0073_lr20.0004_202601291141_Details/worker_8_TimeAcc.png,plot_file,plot,,,,,,,False,1,81148,png
results/online_link_prediction/plots/202603231507_Batch_Output/MovieLens_FastPRB_alpha0.85_eps8.33e-05_T10000_lr10.0073_lr20.0004_202601291141_Details/worker_9_TimeAcc.png,plot_file,plot,,,,,,,False,1,83969,png
results/online_link_prediction/plots/202603231507_Batch_Output/MovieLens_Regret_vs_Rounds.pdf,plot_file,plot,,,,,,,False,1,23484,pdf
results/online_link_prediction/plots/202603231507_Batch_Output/MovieLens_Regret_vs_Rounds.png,plot_file,plot,,,,,,,False,1,239107,png
results/online_link_prediction/plots/202603231632_Batch_Output/MovieLens_FastPRB_alpha0.85_eps8.33e-05_T10000_lr10.0073_lr20.0004_h20_ks9_202603231522_Details/worker_0_TimeAcc.png,plot_file,plot,,,,,,,False,1,83284,png
results/online_link_prediction/plots/202603231632_Batch_Output/MovieLens_FastPRB_alpha0.85_eps8.33e-05_T10000_lr10.0073_lr20.0004_h20_ks9_202603231522_Details/worker_1_TimeAcc.png,plot_file,plot,,,,,,,False,1,80954,png
results/online_link_prediction/plots/202603231632_Batch_Output/MovieLens_FastPRB_alpha0.85_eps8.33e-05_T10000_lr10.0073_lr20.0004_h20_ks9_202603231522_Details/worker_2_TimeAcc.png,plot_file,plot,,,,,,,False,1,83027,png
results/online_link_prediction/plots/202603231632_Batch_Output/MovieLens_FastPRB_alpha0.85_eps8.33e-05_T10000_lr10.0073_lr20.0004_h20_ks9_202603231522_Details/worker_3_TimeAcc.png,plot_file,plot,,,,,,,False,1,83675,png
results/online_link_prediction/plots/202603231632_Batch_Output/MovieLens_FastPRB_alpha0.85_eps8.33e-05_T10000_lr10.0073_lr20.0004_h20_ks9_202603231522_Details/worker_4_TimeAcc.png,plot_file,plot,,,,,,,False,1,80864,png
results/online_link_prediction/plots/202603231632_Batch_Output/MovieLens_FastPRB_alpha0.85_eps8.33e-05_T10000_lr10.0073_lr20.0004_h20_ks9_202603231522_Details/worker_5_TimeAcc.png,plot_file,plot,,,,,,,False,1,85582,png
results/online_link_prediction/plots/202603231632_Batch_Output/MovieLens_FastPRB_alpha0.85_eps8.33e-05_T10000_lr10.0073_lr20.0004_h20_ks9_202603231522_Details/worker_6_TimeAcc.png,plot_file,plot,,,,,,,False,1,85769,png
results/online_link_prediction/plots/202603231632_Batch_Output/MovieLens_FastPRB_alpha0.85_eps8.33e-05_T10000_lr10.0073_lr20.0004_h20_ks9_202603231522_Details/worker_7_TimeAcc.png,plot_file,plot,,,,,,,False,1,80161,png
results/online_link_prediction/plots/202603231632_Batch_Output/MovieLens_FastPRB_alpha0.85_eps8.33e-05_T10000_lr10.0073_lr20.0004_h20_ks9_202603231522_Details/worker_8_TimeAcc.png,plot_file,plot,,,,,,,False,1,81048,png
results/online_link_prediction/plots/202603231632_Batch_Output/MovieLens_FastPRB_alpha0.85_eps8.33e-05_T10000_lr10.0073_lr20.0004_h20_ks9_202603231522_Details/worker_9_TimeAcc.png,plot_file,plot,,,,,,,False,1,81308,png
results/online_link_prediction/plots/202603231632_Batch_Output/MovieLens_FastPRB_alpha0.85_eps8.33e-05_T10000_lr10.0073_lr20.0004_h44_ks20_202603231522_Details/worker_0_TimeAcc.png,plot_file,plot,,,,,,,False,1,82415,png
results/online_link_prediction/plots/202603231632_Batch_Output/MovieLens_FastPRB_alpha0.85_eps8.33e-05_T10000_lr10.0073_lr20.0004_h44_ks20_202603231522_Details/worker_1_TimeAcc.png,plot_file,plot,,,,,,,False,1,82959,png
results/online_link_prediction/plots/202603231632_Batch_Output/MovieLens_FastPRB_alpha0.85_eps8.33e-05_T10000_lr10.0073_lr20.0004_h44_ks20_202603231522_Details/worker_2_TimeAcc.png,plot_file,plot,,,,,,,False,1,84362,png
results/online_link_prediction/plots/202603231632_Batch_Output/MovieLens_FastPRB_alpha0.85_eps8.33e-05_T10000_lr10.0073_lr20.0004_h44_ks20_202603231522_Details/worker_3_TimeAcc.png,plot_file,plot,,,,,,,False,1,81005,png
results/online_link_prediction/plots/202603231632_Batch_Output/MovieLens_FastPRB_alpha0.85_eps8.33e-05_T10000_lr10.0073_lr20.0004_h44_ks20_202603231522_Details/worker_4_TimeAcc.png,plot_file,plot,,,,,,,False,1,81764,png
results/online_link_prediction/plots/202603231632_Batch_Output/MovieLens_FastPRB_alpha0.85_eps8.33e-05_T10000_lr10.0073_lr20.0004_h44_ks20_202603231522_Details/worker_5_TimeAcc.png,plot_file,plot,,,,,,,False,1,83329,png
results/online_link_prediction/plots/202603231632_Batch_Output/MovieLens_FastPRB_alpha0.85_eps8.33e-05_T10000_lr10.0073_lr20.0004_h44_ks20_202603231522_Details/worker_6_TimeAcc.png,plot_file,plot,,,,,,,False,1,84196,png
results/online_link_prediction/plots/202603231632_Batch_Output/MovieLens_FastPRB_alpha0.85_eps8.33e-05_T10000_lr10.0073_lr20.0004_h44_ks20_202603231522_Details/worker_7_TimeAcc.png,plot_file,plot,,,,,,,False,1,80469,png
results/online_link_prediction/plots/202603231632_Batch_Output/MovieLens_FastPRB_alpha0.85_eps8.33e-05_T10000_lr10.0073_lr20.0004_h44_ks20_202603231522_Details/worker_8_TimeAcc.png,plot_file,plot,,,,,,,False,1,82081,png
results/online_link_prediction/plots/202603231632_Batch_Output/MovieLens_FastPRB_alpha0.85_eps8.33e-05_T10000_lr10.0073_lr20.0004_h44_ks20_202603231522_Details/worker_9_TimeAcc.png,plot_file,plot,,,,,,,False,1,82012,png
results/online_link_prediction/plots/202603231632_Batch_Output/MovieLens_Regret_vs_Rounds.pdf,plot_file,plot,,,,,,,False,1,31635,pdf
results/online_link_prediction/plots/202603231632_Batch_Output/MovieLens_Regret_vs_Rounds.png,plot_file,plot,,,,,,,False,1,274955,png
results/online_link_prediction/plots/202603252004_Batch_Output/MovieLens_FastPRB_alpha0.85_eps8.33e-05_T10000_lr10.0073_lr20.0004_202601282237_Details/worker_0_TimeAcc.png,plot_file,plot,,,,,,,False,1,85583,png
results/online_link_prediction/plots/202603252004_Batch_Output/MovieLens_FastPRB_alpha0.85_eps8.33e-05_T10000_lr10.0073_lr20.0004_202601282237_Details/worker_1_TimeAcc.png,plot_file,plot,,,,,,,False,1,81371,png
results/online_link_prediction/plots/202603252004_Batch_Output/MovieLens_FastPRB_alpha0.85_eps8.33e-05_T10000_lr10.0073_lr20.0004_202601282237_Details/worker_2_TimeAcc.png,plot_file,plot,,,,,,,False,1,82214,png
results/online_link_prediction/plots/202603252004_Batch_Output/MovieLens_FastPRB_alpha0.85_eps8.33e-05_T10000_lr10.0073_lr20.0004_202601282237_Details/worker_3_TimeAcc.png,plot_file,plot,,,,,,,False,1,84571,png
results/online_link_prediction/plots/202603252004_Batch_Output/MovieLens_FastPRB_alpha0.85_eps8.33e-05_T10000_lr10.0073_lr20.0004_202601282237_Details/worker_4_TimeAcc.png,plot_file,plot,,,,,,,False,1,84352,png
results/online_link_prediction/plots/202603252004_Batch_Output/MovieLens_FastPRB_alpha0.85_eps8.33e-05_T10000_lr10.0073_lr20.0004_202601282237_Details/worker_5_TimeAcc.png,plot_file,plot,,,,,,,False,1,84964,png
results/online_link_prediction/plots/202603252004_Batch_Output/MovieLens_FastPRB_alpha0.85_eps8.33e-05_T10000_lr10.0073_lr20.0004_202601282237_Details/worker_6_TimeAcc.png,plot_file,plot,,,,,,,False,1,83655,png
results/online_link_prediction/plots/202603252004_Batch_Output/MovieLens_FastPRB_alpha0.85_eps8.33e-05_T10000_lr10.0073_lr20.0004_202601282237_Details/worker_7_TimeAcc.png,plot_file,plot,,,,,,,False,1,82815,png
results/online_link_prediction/plots/202603252004_Batch_Output/MovieLens_FastPRB_alpha0.85_eps8.33e-05_T10000_lr10.0073_lr20.0004_202601282237_Details/worker_8_TimeAcc.png,plot_file,plot,,,,,,,False,1,81153,png
results/online_link_prediction/plots/202603252004_Batch_Output/MovieLens_FastPRB_alpha0.85_eps8.33e-05_T10000_lr10.0073_lr20.0004_202601282237_Details/worker_9_TimeAcc.png,plot_file,plot,,,,,,,False,1,83543,png
results/online_link_prediction/plots/202603252004_Batch_Output/MovieLens_Regret_vs_Rounds.pdf,plot_file,plot,,,,,,,False,1,18450,pdf
results/online_link_prediction/plots/202603252004_Batch_Output/MovieLens_Regret_vs_Rounds.png,plot_file,plot,,,,,,,False,1,247804,png
results/online_link_prediction/plots/202603252005_Batch_Output/MovieLens_FastPRB_alpha0.85_eps8.33e-05_T10000_lr10.0073_lr20.0004_202601282237_Details/worker_0_TimeAcc.png,plot_file,plot,,,,,,,False,1,85583,png
results/online_link_prediction/plots/202603252005_Batch_Output/MovieLens_FastPRB_alpha0.85_eps8.33e-05_T10000_lr10.0073_lr20.0004_202601282237_Details/worker_1_TimeAcc.png,plot_file,plot,,,,,,,False,1,81371,png
results/online_link_prediction/plots/202603252005_Batch_Output/MovieLens_FastPRB_alpha0.85_eps8.33e-05_T10000_lr10.0073_lr20.0004_202601282237_Details/worker_2_TimeAcc.png,plot_file,plot,,,,,,,False,1,82214,png
results/online_link_prediction/plots/202603252005_Batch_Output/MovieLens_FastPRB_alpha0.85_eps8.33e-05_T10000_lr10.0073_lr20.0004_202601282237_Details/worker_3_TimeAcc.png,plot_file,plot,,,,,,,False,1,84571,png
results/online_link_prediction/plots/202603252005_Batch_Output/MovieLens_FastPRB_alpha0.85_eps8.33e-05_T10000_lr10.0073_lr20.0004_202601282237_Details/worker_4_TimeAcc.png,plot_file,plot,,,,,,,False,1,84352,png
results/online_link_prediction/plots/202603252005_Batch_Output/MovieLens_FastPRB_alpha0.85_eps8.33e-05_T10000_lr10.0073_lr20.0004_202601282237_Details/worker_5_TimeAcc.png,plot_file,plot,,,,,,,False,1,84964,png
results/online_link_prediction/plots/202603252005_Batch_Output/MovieLens_FastPRB_alpha0.85_eps8.33e-05_T10000_lr10.0073_lr20.0004_202601282237_Details/worker_6_TimeAcc.png,plot_file,plot,,,,,,,False,1,83655,png
results/online_link_prediction/plots/202603252005_Batch_Output/MovieLens_FastPRB_alpha0.85_eps8.33e-05_T10000_lr10.0073_lr20.0004_202601282237_Details/worker_7_TimeAcc.png,plot_file,plot,,,,,,,False,1,82815,png
results/online_link_prediction/plots/202603252005_Batch_Output/MovieLens_FastPRB_alpha0.85_eps8.33e-05_T10000_lr10.0073_lr20.0004_202601282237_Details/worker_8_TimeAcc.png,plot_file,plot,,,,,,,False,1,81153,png
results/online_link_prediction/plots/202603252005_Batch_Output/MovieLens_FastPRB_alpha0.85_eps8.33e-05_T10000_lr10.0073_lr20.0004_202601282237_Details/worker_9_TimeAcc.png,plot_file,plot,,,,,,,False,1,83543,png
results/online_link_prediction/plots/202603252005_Batch_Output/MovieLens_PRB_alpha0.85_powT50_T10000_lr10.0073_lr20.0004_202601290025_Details/worker_0_TimeAcc.png,plot_file,plot,,,,,,,False,1,87238,png
results/online_link_prediction/plots/202603252005_Batch_Output/MovieLens_PRB_alpha0.85_powT50_T10000_lr10.0073_lr20.0004_202601290025_Details/worker_1_TimeAcc.png,plot_file,plot,,,,,,,False,1,84347,png
results/online_link_prediction/plots/202603252005_Batch_Output/MovieLens_PRB_alpha0.85_powT50_T10000_lr10.0073_lr20.0004_202601290025_Details/worker_2_TimeAcc.png,plot_file,plot,,,,,,,False,1,84831,png
results/online_link_prediction/plots/202603252005_Batch_Output/MovieLens_PRB_alpha0.85_powT50_T10000_lr10.0073_lr20.0004_202601290025_Details/worker_3_TimeAcc.png,plot_file,plot,,,,,,,False,1,87256,png
results/online_link_prediction/plots/202603252005_Batch_Output/MovieLens_PRB_alpha0.85_powT50_T10000_lr10.0073_lr20.0004_202601290025_Details/worker_4_TimeAcc.png,plot_file,plot,,,,,,,False,1,85822,png
results/online_link_prediction/plots/202603252005_Batch_Output/MovieLens_PRB_alpha0.85_powT50_T10000_lr10.0073_lr20.0004_202601290025_Details/worker_5_TimeAcc.png,plot_file,plot,,,,,,,False,1,87495,png
results/online_link_prediction/plots/202603252005_Batch_Output/MovieLens_PRB_alpha0.85_powT50_T10000_lr10.0073_lr20.0004_202601290025_Details/worker_6_TimeAcc.png,plot_file,plot,,,,,,,False,1,85981,png
results/online_link_prediction/plots/202603252005_Batch_Output/MovieLens_PRB_alpha0.85_powT50_T10000_lr10.0073_lr20.0004_202601290025_Details/worker_7_TimeAcc.png,plot_file,plot,,,,,,,False,1,84233,png
results/online_link_prediction/plots/202603252005_Batch_Output/MovieLens_PRB_alpha0.85_powT50_T10000_lr10.0073_lr20.0004_202601290025_Details/worker_8_TimeAcc.png,plot_file,plot,,,,,,,False,1,82057,png
results/online_link_prediction/plots/202603252005_Batch_Output/MovieLens_PRB_alpha0.85_powT50_T10000_lr10.0073_lr20.0004_202601290025_Details/worker_9_TimeAcc.png,plot_file,plot,,,,,,,False,1,86067,png
results/online_link_prediction/plots/202603252005_Batch_Output/MovieLens_Regret_vs_Rounds.pdf,plot_file,plot,,,,,,,False,1,16170,pdf
results/online_link_prediction/plots/202603252005_Batch_Output/MovieLens_Regret_vs_Rounds.png,plot_file,plot,,,,,,,False,1,243215,png
results/online_link_prediction/plots/202603252007_Batch_Output/Collab_FastPRB_alpha0.85_eps4.24e-06_T5000_lr10.01_lr20.004_202601290028_Details/worker_0_TimeAcc.png,plot_file,plot,,,,,,,False,1,92373,png
results/online_link_prediction/plots/202603252007_Batch_Output/Collab_FastPRB_alpha0.85_eps4.24e-06_T5000_lr10.01_lr20.004_202601290028_Details/worker_1_TimeAcc.png,plot_file,plot,,,,,,,False,1,91807,png
results/online_link_prediction/plots/202603252007_Batch_Output/Collab_FastPRB_alpha0.85_eps4.24e-06_T5000_lr10.01_lr20.004_202601290028_Details/worker_2_TimeAcc.png,plot_file,plot,,,,,,,False,1,93546,png
results/online_link_prediction/plots/202603252007_Batch_Output/Collab_FastPRB_alpha0.85_eps4.24e-06_T5000_lr10.01_lr20.004_202601290028_Details/worker_3_TimeAcc.png,plot_file,plot,,,,,,,False,1,91642,png
results/online_link_prediction/plots/202603252007_Batch_Output/Collab_FastPRB_alpha0.85_eps4.24e-06_T5000_lr10.01_lr20.004_202601290028_Details/worker_4_TimeAcc.png,plot_file,plot,,,,,,,False,1,94522,png
results/online_link_prediction/plots/202603252007_Batch_Output/Collab_FastPRB_alpha0.85_eps4.24e-06_T5000_lr10.01_lr20.004_202601290028_Details/worker_5_TimeAcc.png,plot_file,plot,,,,,,,False,1,94331,png
results/online_link_prediction/plots/202603252007_Batch_Output/Collab_FastPRB_alpha0.85_eps4.24e-06_T5000_lr10.01_lr20.004_202601290028_Details/worker_6_TimeAcc.png,plot_file,plot,,,,,,,False,1,93617,png
results/online_link_prediction/plots/202603252007_Batch_Output/Collab_FastPRB_alpha0.85_eps4.24e-06_T5000_lr10.01_lr20.004_202601290028_Details/worker_7_TimeAcc.png,plot_file,plot,,,,,,,False,1,91107,png
results/online_link_prediction/plots/202603252007_Batch_Output/Collab_FastPRB_alpha0.85_eps4.24e-06_T5000_lr10.01_lr20.004_202601290028_Details/worker_8_TimeAcc.png,plot_file,plot,,,,,,,False,1,91828,png
results/online_link_prediction/plots/202603252007_Batch_Output/Collab_FastPRB_alpha0.85_eps4.24e-06_T5000_lr10.01_lr20.004_202601290028_Details/worker_9_TimeAcc.png,plot_file,plot,,,,,,,False,1,94147,png
results/online_link_prediction/plots/202603252007_Batch_Output/Collab_PRB_alpha0.85_powT50_T5000_lr10.01_lr20.004_202601290026_Details/worker_0_TimeAcc.png,plot_file,plot,,,,,,,False,1,89140,png
results/online_link_prediction/plots/202603252007_Batch_Output/Collab_PRB_alpha0.85_powT50_T5000_lr10.01_lr20.004_202601290026_Details/worker_1_TimeAcc.png,plot_file,plot,,,,,,,False,1,86499,png
results/online_link_prediction/plots/202603252007_Batch_Output/Collab_PRB_alpha0.85_powT50_T5000_lr10.01_lr20.004_202601290026_Details/worker_2_TimeAcc.png,plot_file,plot,,,,,,,False,1,91331,png
results/online_link_prediction/plots/202603252007_Batch_Output/Collab_PRB_alpha0.85_powT50_T5000_lr10.01_lr20.004_202601290026_Details/worker_3_TimeAcc.png,plot_file,plot,,,,,,,False,1,91121,png
results/online_link_prediction/plots/202603252007_Batch_Output/Collab_PRB_alpha0.85_powT50_T5000_lr10.01_lr20.004_202601290026_Details/worker_4_TimeAcc.png,plot_file,plot,,,,,,,False,1,94475,png
results/online_link_prediction/plots/202603252007_Batch_Output/Collab_PRB_alpha0.85_powT50_T5000_lr10.01_lr20.004_202601290026_Details/worker_5_TimeAcc.png,plot_file,plot,,,,,,,False,1,90573,png
results/online_link_prediction/plots/202603252007_Batch_Output/Collab_PRB_alpha0.85_powT50_T5000_lr10.01_lr20.004_202601290026_Details/worker_6_TimeAcc.png,plot_file,plot,,,,,,,False,1,90947,png
results/online_link_prediction/plots/202603252007_Batch_Output/Collab_PRB_alpha0.85_powT50_T5000_lr10.01_lr20.004_202601290026_Details/worker_7_TimeAcc.png,plot_file,plot,,,,,,,False,1,90288,png
results/online_link_prediction/plots/202603252007_Batch_Output/Collab_PRB_alpha0.85_powT50_T5000_lr10.01_lr20.004_202601290026_Details/worker_8_TimeAcc.png,plot_file,plot,,,,,,,False,1,96134,png
results/online_link_prediction/plots/202603252007_Batch_Output/Collab_PRB_alpha0.85_powT50_T5000_lr10.01_lr20.004_202601290026_Details/worker_9_TimeAcc.png,plot_file,plot,,,,,,,False,1,93345,png
results/online_link_prediction/plots/202603252007_Batch_Output/ogbl-Collab_Regret_vs_Rounds.pdf,plot_file,plot,,,,,,,False,1,20407,pdf
results/online_link_prediction/plots/202603252007_Batch_Output/ogbl-Collab_Regret_vs_Rounds.png,plot_file,plot,,,,,,,False,1,262654,png
results/online_link_prediction/plots/202603252010_Batch_Output/PPA_FastPRB_alpha0.85_eps1.74e-06_T5000_lr10.01_lr20.004_202601291141_Details/worker_0_TimeAcc.png,plot_file,plot,,,,,,,False,1,91434,png
results/online_link_prediction/plots/202603252010_Batch_Output/PPA_FastPRB_alpha0.85_eps1.74e-06_T5000_lr10.01_lr20.004_202601291141_Details/worker_1_TimeAcc.png,plot_file,plot,,,,,,,False,1,92002,png
results/online_link_prediction/plots/202603252010_Batch_Output/PPA_FastPRB_alpha0.85_eps1.74e-06_T5000_lr10.01_lr20.004_202601291141_Details/worker_2_TimeAcc.png,plot_file,plot,,,,,,,False,1,90420,png
results/online_link_prediction/plots/202603252010_Batch_Output/PPA_FastPRB_alpha0.85_eps1.74e-06_T5000_lr10.01_lr20.004_202601291141_Details/worker_3_TimeAcc.png,plot_file,plot,,,,,,,False,1,92442,png
results/online_link_prediction/plots/202603252010_Batch_Output/PPA_FastPRB_alpha0.85_eps1.74e-06_T5000_lr10.01_lr20.004_202601291141_Details/worker_4_TimeAcc.png,plot_file,plot,,,,,,,False,1,94840,png
results/online_link_prediction/plots/202603252010_Batch_Output/PPA_FastPRB_alpha0.85_eps1.74e-06_T5000_lr10.01_lr20.004_202601291141_Details/worker_5_TimeAcc.png,plot_file,plot,,,,,,,False,1,89700,png
results/online_link_prediction/plots/202603252010_Batch_Output/PPA_FastPRB_alpha0.85_eps1.74e-06_T5000_lr10.01_lr20.004_202601291141_Details/worker_6_TimeAcc.png,plot_file,plot,,,,,,,False,1,87840,png
results/online_link_prediction/plots/202603252010_Batch_Output/PPA_FastPRB_alpha0.85_eps1.74e-06_T5000_lr10.01_lr20.004_202601291141_Details/worker_7_TimeAcc.png,plot_file,plot,,,,,,,False,1,90348,png
results/online_link_prediction/plots/202603252010_Batch_Output/PPA_FastPRB_alpha0.85_eps1.74e-06_T5000_lr10.01_lr20.004_202601291141_Details/worker_8_TimeAcc.png,plot_file,plot,,,,,,,False,1,64478,png
results/online_link_prediction/plots/202603252010_Batch_Output/PPA_FastPRB_alpha0.85_eps1.74e-06_T5000_lr10.01_lr20.004_202601291141_Details/worker_9_TimeAcc.png,plot_file,plot,,,,,,,False,1,91899,png
results/online_link_prediction/plots/202603252010_Batch_Output/ogbl-PPA_Regret_vs_Rounds.pdf,plot_file,plot,,,,,,,False,1,19425,pdf
results/online_link_prediction/plots/202603252010_Batch_Output/ogbl-PPA_Regret_vs_Rounds.png,plot_file,plot,,,,,,,False,1,290998,png
results/online_link_prediction/plots/202603252011_Batch_Output/ogbl-PPA_Regret_vs_Rounds.pdf,plot_file,plot,,,,,,,False,1,18360,pdf
results/online_link_prediction/plots/202603252011_Batch_Output/ogbl-PPA_Regret_vs_Rounds.png,plot_file,plot,,,,,,,False,1,274097,png
results/online_link_prediction/plots/202603252012_Batch_Output/ogbl-PPA_Regret_vs_Rounds.pdf,plot_file,plot,,,,,,,False,1,15603,pdf
results/online_link_prediction/plots/202603252012_Batch_Output/ogbl-PPA_Regret_vs_Rounds.png,plot_file,plot,,,,,,,False,1,238311,png
results/online_link_prediction/plots/202603252012_Batch_Output/ogbl-Vessel_Regret_vs_Rounds.pdf,plot_file,plot,,,,,,,False,1,14979,pdf
results/online_link_prediction/plots/202603252012_Batch_Output/ogbl-Vessel_Regret_vs_Rounds.png,plot_file,plot,,,,,,,False,1,219439,png
results/online_link_prediction/plots/202603252013_Batch_Output/ogbl-PPA_Regret_vs_Rounds.pdf,plot_file,plot,,,,,,,False,1,19235,pdf
results/online_link_prediction/plots/202603252013_Batch_Output/ogbl-PPA_Regret_vs_Rounds.png,plot_file,plot,,,,,,,False,1,269629,png
results/online_link_prediction/plots/202603252016_Batch_Output/ogbl-Vessel_Regret_vs_Rounds.pdf,plot_file,plot,,,,,,,False,1,16086,pdf
results/online_link_prediction/plots/202603252016_Batch_Output/ogbl-Vessel_Regret_vs_Rounds.png,plot_file,plot,,,,,,,False,1,284904,png
results/online_link_prediction/plots/202603262125_Batch_Output/Collab_FastPRB_alpha0.85_eps0.000424_T5000_lr10.01_lr20.004_h100_ks40_202603262012_Details/worker_0_TimeAcc.png,plot_file,plot,,,,,,,False,1,91757,png
results/online_link_prediction/plots/202603262125_Batch_Output/Collab_FastPRB_alpha0.85_eps0.000424_T5000_lr10.01_lr20.004_h100_ks40_202603262012_Details/worker_1_TimeAcc.png,plot_file,plot,,,,,,,False,1,91276,png
results/online_link_prediction/plots/202603262125_Batch_Output/Collab_FastPRB_alpha0.85_eps0.000424_T5000_lr10.01_lr20.004_h100_ks40_202603262012_Details/worker_2_TimeAcc.png,plot_file,plot,,,,,,,False,1,92686,png
results/online_link_prediction/plots/202603262125_Batch_Output/Collab_FastPRB_alpha0.85_eps0.000424_T5000_lr10.01_lr20.004_h100_ks40_202603262012_Details/worker_3_TimeAcc.png,plot_file,plot,,,,,,,False,1,93935,png
results/online_link_prediction/plots/202603262125_Batch_Output/Collab_FastPRB_alpha0.85_eps0.000424_T5000_lr10.01_lr20.004_h100_ks40_202603262012_Details/worker_4_TimeAcc.png,plot_file,plot,,,,,,,False,1,90074,png
results/online_link_prediction/plots/202603262125_Batch_Output/Collab_FastPRB_alpha0.85_eps0.000424_T5000_lr10.01_lr20.004_h100_ks40_202603262012_Details/worker_5_TimeAcc.png,plot_file,plot,,,,,,,False,1,92865,png
results/online_link_prediction/plots/202603262125_Batch_Output/Collab_FastPRB_alpha0.85_eps0.000424_T5000_lr10.01_lr20.004_h100_ks40_202603262012_Details/worker_6_TimeAcc.png,plot_file,plot,,,,,,,False,1,90727,png
results/online_link_prediction/plots/202603262125_Batch_Output/Collab_FastPRB_alpha0.85_eps0.000424_T5000_lr10.01_lr20.004_h100_ks40_202603262012_Details/worker_7_TimeAcc.png,plot_file,plot,,,,,,,False,1,92702,png
results/online_link_prediction/plots/202603262125_Batch_Output/Collab_FastPRB_alpha0.85_eps0.000424_T5000_lr10.01_lr20.004_h100_ks40_202603262012_Details/worker_8_TimeAcc.png,plot_file,plot,,,,,,,False,1,92781,png
results/online_link_prediction/plots/202603262125_Batch_Output/Collab_FastPRB_alpha0.85_eps0.000424_T5000_lr10.01_lr20.004_h100_ks40_202603262012_Details/worker_9_TimeAcc.png,plot_file,plot,,,,,,,False,1,93821,png
results/online_link_prediction/plots/202603262125_Batch_Output/Collab_FastPRB_alpha0.85_eps0.00424_T5000_lr10.01_lr20.004_h100_ks40_202603262012_Details/worker_0_TimeAcc.png,plot_file,plot,,,,,,,False,1,92349,png
results/online_link_prediction/plots/202603262125_Batch_Output/Collab_FastPRB_alpha0.85_eps0.00424_T5000_lr10.01_lr20.004_h100_ks40_202603262012_Details/worker_1_TimeAcc.png,plot_file,plot,,,,,,,False,1,92338,png
results/online_link_prediction/plots/202603262125_Batch_Output/Collab_FastPRB_alpha0.85_eps0.00424_T5000_lr10.01_lr20.004_h100_ks40_202603262012_Details/worker_2_TimeAcc.png,plot_file,plot,,,,,,,False,1,91202,png
results/online_link_prediction/plots/202603262125_Batch_Output/Collab_FastPRB_alpha0.85_eps0.00424_T5000_lr10.01_lr20.004_h100_ks40_202603262012_Details/worker_3_TimeAcc.png,plot_file,plot,,,,,,,False,1,92009,png
results/online_link_prediction/plots/202603262125_Batch_Output/Collab_FastPRB_alpha0.85_eps0.00424_T5000_lr10.01_lr20.004_h100_ks40_202603262012_Details/worker_4_TimeAcc.png,plot_file,plot,,,,,,,False,1,92099,png
results/online_link_prediction/plots/202603262125_Batch_Output/Collab_FastPRB_alpha0.85_eps0.00424_T5000_lr10.01_lr20.004_h100_ks40_202603262012_Details/worker_5_TimeAcc.png,plot_file,plot,,,,,,,False,1,98063,png
results/online_link_prediction/plots/202603262125_Batch_Output/Collab_FastPRB_alpha0.85_eps0.00424_T5000_lr10.01_lr20.004_h100_ks40_202603262012_Details/worker_6_TimeAcc.png,plot_file,plot,,,,,,,False,1,94722,png
results/online_link_prediction/plots/202603262125_Batch_Output/Collab_FastPRB_alpha0.85_eps0.00424_T5000_lr10.01_lr20.004_h100_ks40_202603262012_Details/worker_7_TimeAcc.png,plot_file,plot,,,,,,,False,1,96986,png
results/online_link_prediction/plots/202603262125_Batch_Output/Collab_FastPRB_alpha0.85_eps0.00424_T5000_lr10.01_lr20.004_h100_ks40_202603262012_Details/worker_8_TimeAcc.png,plot_file,plot,,,,,,,False,1,90803,png
results/online_link_prediction/plots/202603262125_Batch_Output/Collab_FastPRB_alpha0.85_eps0.00424_T5000_lr10.01_lr20.004_h100_ks40_202603262012_Details/worker_9_TimeAcc.png,plot_file,plot,,,,,,,False,1,94081,png
results/online_link_prediction/plots/202603262125_Batch_Output/Collab_FastPRB_alpha0.85_eps0.0424_T5000_lr10.01_lr20.004_h100_ks40_202603262012_Details/worker_0_TimeAcc.png,plot_file,plot,,,,,,,False,1,87329,png
results/online_link_prediction/plots/202603262125_Batch_Output/Collab_FastPRB_alpha0.85_eps0.0424_T5000_lr10.01_lr20.004_h100_ks40_202603262012_Details/worker_1_TimeAcc.png,plot_file,plot,,,,,,,False,1,98439,png
results/online_link_prediction/plots/202603262125_Batch_Output/Collab_FastPRB_alpha0.85_eps0.0424_T5000_lr10.01_lr20.004_h100_ks40_202603262012_Details/worker_2_TimeAcc.png,plot_file,plot,,,,,,,False,1,101479,png
results/online_link_prediction/plots/202603262125_Batch_Output/Collab_FastPRB_alpha0.85_eps0.0424_T5000_lr10.01_lr20.004_h100_ks40_202603262012_Details/worker_3_TimeAcc.png,plot_file,plot,,,,,,,False,1,92310,png
results/online_link_prediction/plots/202603262125_Batch_Output/Collab_FastPRB_alpha0.85_eps0.0424_T5000_lr10.01_lr20.004_h100_ks40_202603262012_Details/worker_4_TimeAcc.png,plot_file,plot,,,,,,,False,1,88281,png
results/online_link_prediction/plots/202603262125_Batch_Output/Collab_FastPRB_alpha0.85_eps0.0424_T5000_lr10.01_lr20.004_h100_ks40_202603262012_Details/worker_5_TimeAcc.png,plot_file,plot,,,,,,,False,1,83024,png
results/online_link_prediction/plots/202603262125_Batch_Output/Collab_FastPRB_alpha0.85_eps0.0424_T5000_lr10.01_lr20.004_h100_ks40_202603262012_Details/worker_6_TimeAcc.png,plot_file,plot,,,,,,,False,1,90860,png
results/online_link_prediction/plots/202603262125_Batch_Output/Collab_FastPRB_alpha0.85_eps0.0424_T5000_lr10.01_lr20.004_h100_ks40_202603262012_Details/worker_7_TimeAcc.png,plot_file,plot,,,,,,,False,1,97537,png
results/online_link_prediction/plots/202603262125_Batch_Output/Collab_FastPRB_alpha0.85_eps0.0424_T5000_lr10.01_lr20.004_h100_ks40_202603262012_Details/worker_8_TimeAcc.png,plot_file,plot,,,,,,,False,1,86069,png
results/online_link_prediction/plots/202603262125_Batch_Output/Collab_FastPRB_alpha0.85_eps0.0424_T5000_lr10.01_lr20.004_h100_ks40_202603262012_Details/worker_9_TimeAcc.png,plot_file,plot,,,,,,,False,1,97979,png
results/online_link_prediction/plots/202603262125_Batch_Output/Collab_FastPRB_alpha0.85_eps4.24e-05_T5000_lr10.01_lr20.004_h100_ks40_202603262013_Details/worker_0_TimeAcc.png,plot_file,plot,,,,,,,False,1,91724,png
results/online_link_prediction/plots/202603262125_Batch_Output/Collab_FastPRB_alpha0.85_eps4.24e-05_T5000_lr10.01_lr20.004_h100_ks40_202603262013_Details/worker_1_TimeAcc.png,plot_file,plot,,,,,,,False,1,87807,png
results/online_link_prediction/plots/202603262125_Batch_Output/Collab_FastPRB_alpha0.85_eps4.24e-05_T5000_lr10.01_lr20.004_h100_ks40_202603262013_Details/worker_2_TimeAcc.png,plot_file,plot,,,,,,,False,1,92635,png
results/online_link_prediction/plots/202603262125_Batch_Output/Collab_FastPRB_alpha0.85_eps4.24e-05_T5000_lr10.01_lr20.004_h100_ks40_202603262013_Details/worker_3_TimeAcc.png,plot_file,plot,,,,,,,False,1,93779,png
results/online_link_prediction/plots/202603262125_Batch_Output/Collab_FastPRB_alpha0.85_eps4.24e-05_T5000_lr10.01_lr20.004_h100_ks40_202603262013_Details/worker_4_TimeAcc.png,plot_file,plot,,,,,,,False,1,91790,png
results/online_link_prediction/plots/202603262125_Batch_Output/Collab_FastPRB_alpha0.85_eps4.24e-05_T5000_lr10.01_lr20.004_h100_ks40_202603262013_Details/worker_5_TimeAcc.png,plot_file,plot,,,,,,,False,1,96014,png
results/online_link_prediction/plots/202603262125_Batch_Output/Collab_FastPRB_alpha0.85_eps4.24e-05_T5000_lr10.01_lr20.004_h100_ks40_202603262013_Details/worker_6_TimeAcc.png,plot_file,plot,,,,,,,False,1,92042,png
results/online_link_prediction/plots/202603262125_Batch_Output/Collab_FastPRB_alpha0.85_eps4.24e-05_T5000_lr10.01_lr20.004_h100_ks40_202603262013_Details/worker_7_TimeAcc.png,plot_file,plot,,,,,,,False,1,94097,png
results/online_link_prediction/plots/202603262125_Batch_Output/Collab_FastPRB_alpha0.85_eps4.24e-05_T5000_lr10.01_lr20.004_h100_ks40_202603262013_Details/worker_8_TimeAcc.png,plot_file,plot,,,,,,,False,1,90985,png
results/online_link_prediction/plots/202603262125_Batch_Output/Collab_FastPRB_alpha0.85_eps4.24e-05_T5000_lr10.01_lr20.004_h100_ks40_202603262013_Details/worker_9_TimeAcc.png,plot_file,plot,,,,,,,False,1,93242,png
results/online_link_prediction/plots/202603262125_Batch_Output/Collab_FastPRB_alpha0.85_eps4.24e-06_T5000_lr10.01_lr20.004_h100_ks40_202603262013_Details/worker_0_TimeAcc.png,plot_file,plot,,,,,,,False,1,92605,png
results/online_link_prediction/plots/202603262125_Batch_Output/Collab_FastPRB_alpha0.85_eps4.24e-06_T5000_lr10.01_lr20.004_h100_ks40_202603262013_Details/worker_1_TimeAcc.png,plot_file,plot,,,,,,,False,1,91262,png
results/online_link_prediction/plots/202603262125_Batch_Output/Collab_FastPRB_alpha0.85_eps4.24e-06_T5000_lr10.01_lr20.004_h100_ks40_202603262013_Details/worker_2_TimeAcc.png,plot_file,plot,,,,,,,False,1,92945,png
results/online_link_prediction/plots/202603262125_Batch_Output/Collab_FastPRB_alpha0.85_eps4.24e-06_T5000_lr10.01_lr20.004_h100_ks40_202603262013_Details/worker_3_TimeAcc.png,plot_file,plot,,,,,,,False,1,91499,png
results/online_link_prediction/plots/202603262125_Batch_Output/Collab_FastPRB_alpha0.85_eps4.24e-06_T5000_lr10.01_lr20.004_h100_ks40_202603262013_Details/worker_4_TimeAcc.png,plot_file,plot,,,,,,,False,1,95198,png
results/online_link_prediction/plots/202603262125_Batch_Output/Collab_FastPRB_alpha0.85_eps4.24e-06_T5000_lr10.01_lr20.004_h100_ks40_202603262013_Details/worker_5_TimeAcc.png,plot_file,plot,,,,,,,False,1,94437,png
results/online_link_prediction/plots/202603262125_Batch_Output/Collab_FastPRB_alpha0.85_eps4.24e-06_T5000_lr10.01_lr20.004_h100_ks40_202603262013_Details/worker_6_TimeAcc.png,plot_file,plot,,,,,,,False,1,94742,png
results/online_link_prediction/plots/202603262125_Batch_Output/Collab_FastPRB_alpha0.85_eps4.24e-06_T5000_lr10.01_lr20.004_h100_ks40_202603262013_Details/worker_7_TimeAcc.png,plot_file,plot,,,,,,,False,1,91750,png
results/online_link_prediction/plots/202603262125_Batch_Output/Collab_FastPRB_alpha0.85_eps4.24e-06_T5000_lr10.01_lr20.004_h100_ks40_202603262013_Details/worker_8_TimeAcc.png,plot_file,plot,,,,,,,False,1,93231,png
results/online_link_prediction/plots/202603262125_Batch_Output/Collab_FastPRB_alpha0.85_eps4.24e-06_T5000_lr10.01_lr20.004_h100_ks40_202603262013_Details/worker_9_TimeAcc.png,plot_file,plot,,,,,,,False,1,95320,png
results/online_link_prediction/plots/202603262125_Batch_Output/Collab_FastPRB_alpha0.85_eps4.24e-07_T5000_lr10.01_lr20.004_h100_ks40_202603262013_Details/worker_0_TimeAcc.png,plot_file,plot,,,,,,,False,1,91516,png
results/online_link_prediction/plots/202603262125_Batch_Output/Collab_FastPRB_alpha0.85_eps4.24e-07_T5000_lr10.01_lr20.004_h100_ks40_202603262013_Details/worker_1_TimeAcc.png,plot_file,plot,,,,,,,False,1,87580,png
results/online_link_prediction/plots/202603262125_Batch_Output/Collab_FastPRB_alpha0.85_eps4.24e-07_T5000_lr10.01_lr20.004_h100_ks40_202603262013_Details/worker_2_TimeAcc.png,plot_file,plot,,,,,,,False,1,92815,png
results/online_link_prediction/plots/202603262125_Batch_Output/Collab_FastPRB_alpha0.85_eps4.24e-07_T5000_lr10.01_lr20.004_h100_ks40_202603262013_Details/worker_3_TimeAcc.png,plot_file,plot,,,,,,,False,1,92622,png
results/online_link_prediction/plots/202603262125_Batch_Output/Collab_FastPRB_alpha0.85_eps4.24e-07_T5000_lr10.01_lr20.004_h100_ks40_202603262013_Details/worker_4_TimeAcc.png,plot_file,plot,,,,,,,False,1,94386,png
results/online_link_prediction/plots/202603262125_Batch_Output/Collab_FastPRB_alpha0.85_eps4.24e-07_T5000_lr10.01_lr20.004_h100_ks40_202603262013_Details/worker_5_TimeAcc.png,plot_file,plot,,,,,,,False,1,91576,png
results/online_link_prediction/plots/202603262125_Batch_Output/Collab_FastPRB_alpha0.85_eps4.24e-07_T5000_lr10.01_lr20.004_h100_ks40_202603262013_Details/worker_6_TimeAcc.png,plot_file,plot,,,,,,,False,1,92970,png
results/online_link_prediction/plots/202603262125_Batch_Output/Collab_FastPRB_alpha0.85_eps4.24e-07_T5000_lr10.01_lr20.004_h100_ks40_202603262013_Details/worker_7_TimeAcc.png,plot_file,plot,,,,,,,False,1,92257,png
results/online_link_prediction/plots/202603262125_Batch_Output/Collab_FastPRB_alpha0.85_eps4.24e-07_T5000_lr10.01_lr20.004_h100_ks40_202603262013_Details/worker_8_TimeAcc.png,plot_file,plot,,,,,,,False,1,97375,png
results/online_link_prediction/plots/202603262125_Batch_Output/Collab_FastPRB_alpha0.85_eps4.24e-07_T5000_lr10.01_lr20.004_h100_ks40_202603262013_Details/worker_9_TimeAcc.png,plot_file,plot,,,,,,,False,1,94364,png
results/online_link_prediction/plots/202603262125_Batch_Output/ogbl-Collab_Regret_vs_Rounds.pdf,plot_file,plot,,,,,,,False,1,30038,pdf
results/online_link_prediction/plots/202603262125_Batch_Output/ogbl-Collab_Regret_vs_Rounds.png,plot_file,plot,,,,,,,False,1,382067,png
results/online_link_prediction/plots/202603262207_Batch_Output/Collab_FastPRB_alpha0.85_eps0.000424_T5000_k10_lr10.01_lr20.004_h100_ks40_202603262127_Details/worker_0_TimeAcc.png,plot_file,plot,,,,,,,False,1,96444,png
results/online_link_prediction/plots/202603262207_Batch_Output/Collab_FastPRB_alpha0.85_eps0.000424_T5000_k10_lr10.01_lr20.004_h100_ks40_202603262127_Details/worker_1_TimeAcc.png,plot_file,plot,,,,,,,False,1,95943,png
results/online_link_prediction/plots/202603262207_Batch_Output/Collab_FastPRB_alpha0.85_eps0.000424_T5000_k10_lr10.01_lr20.004_h100_ks40_202603262127_Details/worker_2_TimeAcc.png,plot_file,plot,,,,,,,False,1,96766,png
results/online_link_prediction/plots/202603262207_Batch_Output/Collab_FastPRB_alpha0.85_eps0.000424_T5000_k10_lr10.01_lr20.004_h100_ks40_202603262127_Details/worker_3_TimeAcc.png,plot_file,plot,,,,,,,False,1,97848,png
results/online_link_prediction/plots/202603262207_Batch_Output/Collab_FastPRB_alpha0.85_eps0.000424_T5000_k10_lr10.01_lr20.004_h100_ks40_202603262127_Details/worker_4_TimeAcc.png,plot_file,plot,,,,,,,False,1,94043,png
results/online_link_prediction/plots/202603262207_Batch_Output/Collab_FastPRB_alpha0.85_eps0.000424_T5000_k10_lr10.01_lr20.004_h100_ks40_202603262127_Details/worker_5_TimeAcc.png,plot_file,plot,,,,,,,False,1,96930,png
results/online_link_prediction/plots/202603262207_Batch_Output/Collab_FastPRB_alpha0.85_eps0.000424_T5000_k10_lr10.01_lr20.004_h100_ks40_202603262127_Details/worker_6_TimeAcc.png,plot_file,plot,,,,,,,False,1,95470,png
results/online_link_prediction/plots/202603262207_Batch_Output/Collab_FastPRB_alpha0.85_eps0.000424_T5000_k10_lr10.01_lr20.004_h100_ks40_202603262127_Details/worker_7_TimeAcc.png,plot_file,plot,,,,,,,False,1,96576,png
results/online_link_prediction/plots/202603262207_Batch_Output/Collab_FastPRB_alpha0.85_eps0.000424_T5000_k10_lr10.01_lr20.004_h100_ks40_202603262127_Details/worker_8_TimeAcc.png,plot_file,plot,,,,,,,False,1,97342,png
results/online_link_prediction/plots/202603262207_Batch_Output/Collab_FastPRB_alpha0.85_eps0.000424_T5000_k10_lr10.01_lr20.004_h100_ks40_202603262127_Details/worker_9_TimeAcc.png,plot_file,plot,,,,,,,False,1,98186,png
results/online_link_prediction/plots/202603262207_Batch_Output/Collab_FastPRB_alpha0.85_eps0.00424_T5000_k10_lr10.01_lr20.004_h100_ks40_202603262127_Details/worker_0_TimeAcc.png,plot_file,plot,,,,,,,False,1,96209,png
results/online_link_prediction/plots/202603262207_Batch_Output/Collab_FastPRB_alpha0.85_eps0.00424_T5000_k10_lr10.01_lr20.004_h100_ks40_202603262127_Details/worker_1_TimeAcc.png,plot_file,plot,,,,,,,False,1,96514,png
results/online_link_prediction/plots/202603262207_Batch_Output/Collab_FastPRB_alpha0.85_eps0.00424_T5000_k10_lr10.01_lr20.004_h100_ks40_202603262127_Details/worker_2_TimeAcc.png,plot_file,plot,,,,,,,False,1,95499,png
results/online_link_prediction/plots/202603262207_Batch_Output/Collab_FastPRB_alpha0.85_eps0.00424_T5000_k10_lr10.01_lr20.004_h100_ks40_202603262127_Details/worker_3_TimeAcc.png,plot_file,plot,,,,,,,False,1,95454,png
results/online_link_prediction/plots/202603262207_Batch_Output/Collab_FastPRB_alpha0.85_eps0.00424_T5000_k10_lr10.01_lr20.004_h100_ks40_202603262127_Details/worker_4_TimeAcc.png,plot_file,plot,,,,,,,False,1,96006,png
results/online_link_prediction/plots/202603262207_Batch_Output/Collab_FastPRB_alpha0.85_eps0.00424_T5000_k10_lr10.01_lr20.004_h100_ks40_202603262127_Details/worker_5_TimeAcc.png,plot_file,plot,,,,,,,False,1,102366,png
results/online_link_prediction/plots/202603262207_Batch_Output/Collab_FastPRB_alpha0.85_eps0.00424_T5000_k10_lr10.01_lr20.004_h100_ks40_202603262127_Details/worker_6_TimeAcc.png,plot_file,plot,,,,,,,False,1,99504,png
results/online_link_prediction/plots/202603262207_Batch_Output/Collab_FastPRB_alpha0.85_eps0.00424_T5000_k10_lr10.01_lr20.004_h100_ks40_202603262127_Details/worker_7_TimeAcc.png,plot_file,plot,,,,,,,False,1,101624,png
results/online_link_prediction/plots/202603262207_Batch_Output/Collab_FastPRB_alpha0.85_eps0.00424_T5000_k10_lr10.01_lr20.004_h100_ks40_202603262127_Details/worker_8_TimeAcc.png,plot_file,plot,,,,,,,False,1,95362,png
results/online_link_prediction/plots/202603262207_Batch_Output/Collab_FastPRB_alpha0.85_eps0.00424_T5000_k10_lr10.01_lr20.004_h100_ks40_202603262127_Details/worker_9_TimeAcc.png,plot_file,plot,,,,,,,False,1,98313,png
results/online_link_prediction/plots/202603262207_Batch_Output/Collab_FastPRB_alpha0.85_eps0.0424_T5000_k10_lr10.01_lr20.004_h100_ks40_202603262126_Details/worker_0_TimeAcc.png,plot_file,plot,,,,,,,False,1,87624,png
results/online_link_prediction/plots/202603262207_Batch_Output/Collab_FastPRB_alpha0.85_eps0.0424_T5000_k10_lr10.01_lr20.004_h100_ks40_202603262126_Details/worker_1_TimeAcc.png,plot_file,plot,,,,,,,False,1,98443,png
results/online_link_prediction/plots/202603262207_Batch_Output/Collab_FastPRB_alpha0.85_eps0.0424_T5000_k10_lr10.01_lr20.004_h100_ks40_202603262126_Details/worker_2_TimeAcc.png,plot_file,plot,,,,,,,False,1,101549,png
results/online_link_prediction/plots/202603262207_Batch_Output/Collab_FastPRB_alpha0.85_eps0.0424_T5000_k10_lr10.01_lr20.004_h100_ks40_202603262126_Details/worker_3_TimeAcc.png,plot_file,plot,,,,,,,False,1,92476,png
results/online_link_prediction/plots/202603262207_Batch_Output/Collab_FastPRB_alpha0.85_eps0.0424_T5000_k10_lr10.01_lr20.004_h100_ks40_202603262126_Details/worker_4_TimeAcc.png,plot_file,plot,,,,,,,False,1,88871,png
results/online_link_prediction/plots/202603262207_Batch_Output/Collab_FastPRB_alpha0.85_eps0.0424_T5000_k10_lr10.01_lr20.004_h100_ks40_202603262126_Details/worker_5_TimeAcc.png,plot_file,plot,,,,,,,False,1,83345,png
results/online_link_prediction/plots/202603262207_Batch_Output/Collab_FastPRB_alpha0.85_eps0.0424_T5000_k10_lr10.01_lr20.004_h100_ks40_202603262126_Details/worker_6_TimeAcc.png,plot_file,plot,,,,,,,False,1,90188,png
results/online_link_prediction/plots/202603262207_Batch_Output/Collab_FastPRB_alpha0.85_eps0.0424_T5000_k10_lr10.01_lr20.004_h100_ks40_202603262126_Details/worker_7_TimeAcc.png,plot_file,plot,,,,,,,False,1,97508,png
results/online_link_prediction/plots/202603262207_Batch_Output/Collab_FastPRB_alpha0.85_eps0.0424_T5000_k10_lr10.01_lr20.004_h100_ks40_202603262126_Details/worker_8_TimeAcc.png,plot_file,plot,,,,,,,False,1,85982,png
results/online_link_prediction/plots/202603262207_Batch_Output/Collab_FastPRB_alpha0.85_eps0.0424_T5000_k10_lr10.01_lr20.004_h100_ks40_202603262126_Details/worker_9_TimeAcc.png,plot_file,plot,,,,,,,False,1,98343,png
results/online_link_prediction/plots/202603262207_Batch_Output/Collab_FastPRB_alpha0.85_eps4.24e-05_T5000_lr10.01_lr20.004_h100_ks40_202603262013_Details/worker_0_TimeAcc.png,plot_file,plot,,,,,,,False,1,91724,png
results/online_link_prediction/plots/202603262207_Batch_Output/Collab_FastPRB_alpha0.85_eps4.24e-05_T5000_lr10.01_lr20.004_h100_ks40_202603262013_Details/worker_1_TimeAcc.png,plot_file,plot,,,,,,,False,1,87807,png
results/online_link_prediction/plots/202603262207_Batch_Output/Collab_FastPRB_alpha0.85_eps4.24e-05_T5000_lr10.01_lr20.004_h100_ks40_202603262013_Details/worker_2_TimeAcc.png,plot_file,plot,,,,,,,False,1,92635,png
results/online_link_prediction/plots/202603262207_Batch_Output/Collab_FastPRB_alpha0.85_eps4.24e-05_T5000_lr10.01_lr20.004_h100_ks40_202603262013_Details/worker_3_TimeAcc.png,plot_file,plot,,,,,,,False,1,93779,png
results/online_link_prediction/plots/202603262207_Batch_Output/Collab_FastPRB_alpha0.85_eps4.24e-05_T5000_lr10.01_lr20.004_h100_ks40_202603262013_Details/worker_4_TimeAcc.png,plot_file,plot,,,,,,,False,1,91790,png
results/online_link_prediction/plots/202603262207_Batch_Output/Collab_FastPRB_alpha0.85_eps4.24e-05_T5000_lr10.01_lr20.004_h100_ks40_202603262013_Details/worker_5_TimeAcc.png,plot_file,plot,,,,,,,False,1,96014,png
results/online_link_prediction/plots/202603262207_Batch_Output/Collab_FastPRB_alpha0.85_eps4.24e-05_T5000_lr10.01_lr20.004_h100_ks40_202603262013_Details/worker_6_TimeAcc.png,plot_file,plot,,,,,,,False,1,92042,png
results/online_link_prediction/plots/202603262207_Batch_Output/Collab_FastPRB_alpha0.85_eps4.24e-05_T5000_lr10.01_lr20.004_h100_ks40_202603262013_Details/worker_7_TimeAcc.png,plot_file,plot,,,,,,,False,1,94097,png
results/online_link_prediction/plots/202603262207_Batch_Output/Collab_FastPRB_alpha0.85_eps4.24e-05_T5000_lr10.01_lr20.004_h100_ks40_202603262013_Details/worker_8_TimeAcc.png,plot_file,plot,,,,,,,False,1,90985,png
results/online_link_prediction/plots/202603262207_Batch_Output/Collab_FastPRB_alpha0.85_eps4.24e-05_T5000_lr10.01_lr20.004_h100_ks40_202603262013_Details/worker_9_TimeAcc.png,plot_file,plot,,,,,,,False,1,93242,png
results/online_link_prediction/plots/202603262207_Batch_Output/Collab_FastPRB_alpha0.85_eps4.24e-06_T5000_lr10.01_lr20.004_h100_ks40_202603262013_Details/worker_0_TimeAcc.png,plot_file,plot,,,,,,,False,1,92605,png
results/online_link_prediction/plots/202603262207_Batch_Output/Collab_FastPRB_alpha0.85_eps4.24e-06_T5000_lr10.01_lr20.004_h100_ks40_202603262013_Details/worker_1_TimeAcc.png,plot_file,plot,,,,,,,False,1,91262,png
results/online_link_prediction/plots/202603262207_Batch_Output/Collab_FastPRB_alpha0.85_eps4.24e-06_T5000_lr10.01_lr20.004_h100_ks40_202603262013_Details/worker_2_TimeAcc.png,plot_file,plot,,,,,,,False,1,92945,png
results/online_link_prediction/plots/202603262207_Batch_Output/Collab_FastPRB_alpha0.85_eps4.24e-06_T5000_lr10.01_lr20.004_h100_ks40_202603262013_Details/worker_3_TimeAcc.png,plot_file,plot,,,,,,,False,1,91499,png
results/online_link_prediction/plots/202603262207_Batch_Output/Collab_FastPRB_alpha0.85_eps4.24e-06_T5000_lr10.01_lr20.004_h100_ks40_202603262013_Details/worker_4_TimeAcc.png,plot_file,plot,,,,,,,False,1,95198,png
results/online_link_prediction/plots/202603262207_Batch_Output/Collab_FastPRB_alpha0.85_eps4.24e-06_T5000_lr10.01_lr20.004_h100_ks40_202603262013_Details/worker_5_TimeAcc.png,plot_file,plot,,,,,,,False,1,94437,png
results/online_link_prediction/plots/202603262207_Batch_Output/Collab_FastPRB_alpha0.85_eps4.24e-06_T5000_lr10.01_lr20.004_h100_ks40_202603262013_Details/worker_6_TimeAcc.png,plot_file,plot,,,,,,,False,1,94742,png
results/online_link_prediction/plots/202603262207_Batch_Output/Collab_FastPRB_alpha0.85_eps4.24e-06_T5000_lr10.01_lr20.004_h100_ks40_202603262013_Details/worker_7_TimeAcc.png,plot_file,plot,,,,,,,False,1,91750,png
results/online_link_prediction/plots/202603262207_Batch_Output/Collab_FastPRB_alpha0.85_eps4.24e-06_T5000_lr10.01_lr20.004_h100_ks40_202603262013_Details/worker_8_TimeAcc.png,plot_file,plot,,,,,,,False,1,93231,png
results/online_link_prediction/plots/202603262207_Batch_Output/Collab_FastPRB_alpha0.85_eps4.24e-06_T5000_lr10.01_lr20.004_h100_ks40_202603262013_Details/worker_9_TimeAcc.png,plot_file,plot,,,,,,,False,1,95320,png
results/online_link_prediction/plots/202603262207_Batch_Output/Collab_FastPRB_alpha0.85_eps4.24e-07_T5000_lr10.01_lr20.004_h100_ks40_202603262013_Details/worker_0_TimeAcc.png,plot_file,plot,,,,,,,False,1,91516,png
results/online_link_prediction/plots/202603262207_Batch_Output/Collab_FastPRB_alpha0.85_eps4.24e-07_T5000_lr10.01_lr20.004_h100_ks40_202603262013_Details/worker_1_TimeAcc.png,plot_file,plot,,,,,,,False,1,87580,png
results/online_link_prediction/plots/202603262207_Batch_Output/Collab_FastPRB_alpha0.85_eps4.24e-07_T5000_lr10.01_lr20.004_h100_ks40_202603262013_Details/worker_2_TimeAcc.png,plot_file,plot,,,,,,,False,1,92815,png
results/online_link_prediction/plots/202603262207_Batch_Output/Collab_FastPRB_alpha0.85_eps4.24e-07_T5000_lr10.01_lr20.004_h100_ks40_202603262013_Details/worker_3_TimeAcc.png,plot_file,plot,,,,,,,False,1,92622,png
results/online_link_prediction/plots/202603262207_Batch_Output/Collab_FastPRB_alpha0.85_eps4.24e-07_T5000_lr10.01_lr20.004_h100_ks40_202603262013_Details/worker_4_TimeAcc.png,plot_file,plot,,,,,,,False,1,94386,png
results/online_link_prediction/plots/202603262207_Batch_Output/Collab_FastPRB_alpha0.85_eps4.24e-07_T5000_lr10.01_lr20.004_h100_ks40_202603262013_Details/worker_5_TimeAcc.png,plot_file,plot,,,,,,,False,1,91576,png
results/online_link_prediction/plots/202603262207_Batch_Output/Collab_FastPRB_alpha0.85_eps4.24e-07_T5000_lr10.01_lr20.004_h100_ks40_202603262013_Details/worker_6_TimeAcc.png,plot_file,plot,,,,,,,False,1,92970,png
results/online_link_prediction/plots/202603262207_Batch_Output/Collab_FastPRB_alpha0.85_eps4.24e-07_T5000_lr10.01_lr20.004_h100_ks40_202603262013_Details/worker_7_TimeAcc.png,plot_file,plot,,,,,,,False,1,92257,png
results/online_link_prediction/plots/202603262207_Batch_Output/Collab_FastPRB_alpha0.85_eps4.24e-07_T5000_lr10.01_lr20.004_h100_ks40_202603262013_Details/worker_8_TimeAcc.png,plot_file,plot,,,,,,,False,1,97375,png
results/online_link_prediction/plots/202603262207_Batch_Output/Collab_FastPRB_alpha0.85_eps4.24e-07_T5000_lr10.01_lr20.004_h100_ks40_202603262013_Details/worker_9_TimeAcc.png,plot_file,plot,,,,,,,False,1,94364,png
results/online_link_prediction/plots/202603262207_Batch_Output/ogbl-Collab_Regret_vs_Rounds.pdf,plot_file,plot,,,,,,,False,1,30038,pdf
results/online_link_prediction/plots/202603262207_Batch_Output/ogbl-Collab_Regret_vs_Rounds.png,plot_file,plot,,,,,,,False,1,382067,png
results/online_link_prediction/plots/202603262235_Batch_Output/MovieLens_FastPRB_alpha0.85_eps8.33e-05_T10000_k20_lr10.0073_lr20.0004_h100_ks40_202603262118_Details/worker_0_TimeAcc.png,plot_file,plot,,,,,,,False,1,84299,png
results/online_link_prediction/plots/202603262235_Batch_Output/MovieLens_FastPRB_alpha0.85_eps8.33e-05_T10000_k20_lr10.0073_lr20.0004_h100_ks40_202603262118_Details/worker_1_TimeAcc.png,plot_file,plot,,,,,,,False,1,90304,png
results/online_link_prediction/plots/202603262235_Batch_Output/MovieLens_FastPRB_alpha0.85_eps8.33e-05_T10000_k20_lr10.0073_lr20.0004_h100_ks40_202603262118_Details/worker_2_TimeAcc.png,plot_file,plot,,,,,,,False,1,86076,png
results/online_link_prediction/plots/202603262235_Batch_Output/MovieLens_FastPRB_alpha0.85_eps8.33e-05_T10000_k20_lr10.0073_lr20.0004_h100_ks40_202603262118_Details/worker_3_TimeAcc.png,plot_file,plot,,,,,,,False,1,86238,png
results/online_link_prediction/plots/202603262235_Batch_Output/MovieLens_FastPRB_alpha0.85_eps8.33e-05_T10000_k20_lr10.0073_lr20.0004_h100_ks40_202603262118_Details/worker_4_TimeAcc.png,plot_file,plot,,,,,,,False,1,85145,png
results/online_link_prediction/plots/202603262235_Batch_Output/MovieLens_FastPRB_alpha0.85_eps8.33e-05_T10000_k20_lr10.0073_lr20.0004_h100_ks40_202603262118_Details/worker_5_TimeAcc.png,plot_file,plot,,,,,,,False,1,85268,png
results/online_link_prediction/plots/202603262235_Batch_Output/MovieLens_FastPRB_alpha0.85_eps8.33e-05_T10000_k20_lr10.0073_lr20.0004_h100_ks40_202603262118_Details/worker_6_TimeAcc.png,plot_file,plot,,,,,,,False,1,86308,png
results/online_link_prediction/plots/202603262235_Batch_Output/MovieLens_FastPRB_alpha0.85_eps8.33e-05_T10000_k20_lr10.0073_lr20.0004_h100_ks40_202603262118_Details/worker_7_TimeAcc.png,plot_file,plot,,,,,,,False,1,84967,png
results/online_link_prediction/plots/202603262235_Batch_Output/MovieLens_FastPRB_alpha0.85_eps8.33e-05_T10000_k20_lr10.0073_lr20.0004_h100_ks40_202603262118_Details/worker_8_TimeAcc.png,plot_file,plot,,,,,,,False,1,85745,png
results/online_link_prediction/plots/202603262235_Batch_Output/MovieLens_FastPRB_alpha0.85_eps8.33e-05_T10000_k20_lr10.0073_lr20.0004_h100_ks40_202603262118_Details/worker_9_TimeAcc.png,plot_file,plot,,,,,,,False,1,85580,png
results/online_link_prediction/plots/202603262235_Batch_Output/MovieLens_FastPRB_alpha0.85_eps8.33e-05_T10000_k5_lr10.0073_lr20.0004_h100_ks40_202603262118_Details/worker_0_TimeAcc.png,plot_file,plot,,,,,,,False,1,80000,png
results/online_link_prediction/plots/202603262235_Batch_Output/MovieLens_FastPRB_alpha0.85_eps8.33e-05_T10000_k5_lr10.0073_lr20.0004_h100_ks40_202603262118_Details/worker_1_TimeAcc.png,plot_file,plot,,,,,,,False,1,85473,png
results/online_link_prediction/plots/202603262235_Batch_Output/MovieLens_FastPRB_alpha0.85_eps8.33e-05_T10000_k5_lr10.0073_lr20.0004_h100_ks40_202603262118_Details/worker_2_TimeAcc.png,plot_file,plot,,,,,,,False,1,83861,png
results/online_link_prediction/plots/202603262235_Batch_Output/MovieLens_FastPRB_alpha0.85_eps8.33e-05_T10000_k5_lr10.0073_lr20.0004_h100_ks40_202603262118_Details/worker_3_TimeAcc.png,plot_file,plot,,,,,,,False,1,79906,png
results/online_link_prediction/plots/202603262235_Batch_Output/MovieLens_FastPRB_alpha0.85_eps8.33e-05_T10000_k5_lr10.0073_lr20.0004_h100_ks40_202603262118_Details/worker_4_TimeAcc.png,plot_file,plot,,,,,,,False,1,79359,png
results/online_link_prediction/plots/202603262235_Batch_Output/MovieLens_FastPRB_alpha0.85_eps8.33e-05_T10000_k5_lr10.0073_lr20.0004_h100_ks40_202603262118_Details/worker_5_TimeAcc.png,plot_file,plot,,,,,,,False,1,84566,png
results/online_link_prediction/plots/202603262235_Batch_Output/MovieLens_FastPRB_alpha0.85_eps8.33e-05_T10000_k5_lr10.0073_lr20.0004_h100_ks40_202603262118_Details/worker_6_TimeAcc.png,plot_file,plot,,,,,,,False,1,82062,png
results/online_link_prediction/plots/202603262235_Batch_Output/MovieLens_FastPRB_alpha0.85_eps8.33e-05_T10000_k5_lr10.0073_lr20.0004_h100_ks40_202603262118_Details/worker_7_TimeAcc.png,plot_file,plot,,,,,,,False,1,77421,png
results/online_link_prediction/plots/202603262235_Batch_Output/MovieLens_FastPRB_alpha0.85_eps8.33e-05_T10000_k5_lr10.0073_lr20.0004_h100_ks40_202603262118_Details/worker_8_TimeAcc.png,plot_file,plot,,,,,,,False,1,79401,png
results/online_link_prediction/plots/202603262235_Batch_Output/MovieLens_FastPRB_alpha0.85_eps8.33e-05_T10000_k5_lr10.0073_lr20.0004_h100_ks40_202603262118_Details/worker_9_TimeAcc.png,plot_file,plot,,,,,,,False,1,79719,png
results/online_link_prediction/plots/202603262235_Batch_Output/MovieLens_FastPRB_alpha0.85_eps8.33e-05_T10000_lr10.0073_lr20.0004_202601282237_Details/worker_0_TimeAcc.png,plot_file,plot,,,,,,,False,1,85583,png
results/online_link_prediction/plots/202603262235_Batch_Output/MovieLens_FastPRB_alpha0.85_eps8.33e-05_T10000_lr10.0073_lr20.0004_202601282237_Details/worker_1_TimeAcc.png,plot_file,plot,,,,,,,False,1,81371,png
results/online_link_prediction/plots/202603262235_Batch_Output/MovieLens_FastPRB_alpha0.85_eps8.33e-05_T10000_lr10.0073_lr20.0004_202601282237_Details/worker_2_TimeAcc.png,plot_file,plot,,,,,,,False,1,82214,png
results/online_link_prediction/plots/202603262235_Batch_Output/MovieLens_FastPRB_alpha0.85_eps8.33e-05_T10000_lr10.0073_lr20.0004_202601282237_Details/worker_3_TimeAcc.png,plot_file,plot,,,,,,,False,1,84571,png
results/online_link_prediction/plots/202603262235_Batch_Output/MovieLens_FastPRB_alpha0.85_eps8.33e-05_T10000_lr10.0073_lr20.0004_202601282237_Details/worker_4_TimeAcc.png,plot_file,plot,,,,,,,False,1,84352,png
results/online_link_prediction/plots/202603262235_Batch_Output/MovieLens_FastPRB_alpha0.85_eps8.33e-05_T10000_lr10.0073_lr20.0004_202601282237_Details/worker_5_TimeAcc.png,plot_file,plot,,,,,,,False,1,84964,png
results/online_link_prediction/plots/202603262235_Batch_Output/MovieLens_FastPRB_alpha0.85_eps8.33e-05_T10000_lr10.0073_lr20.0004_202601282237_Details/worker_6_TimeAcc.png,plot_file,plot,,,,,,,False,1,83655,png
results/online_link_prediction/plots/202603262235_Batch_Output/MovieLens_FastPRB_alpha0.85_eps8.33e-05_T10000_lr10.0073_lr20.0004_202601282237_Details/worker_7_TimeAcc.png,plot_file,plot,,,,,,,False,1,82815,png
results/online_link_prediction/plots/202603262235_Batch_Output/MovieLens_FastPRB_alpha0.85_eps8.33e-05_T10000_lr10.0073_lr20.0004_202601282237_Details/worker_8_TimeAcc.png,plot_file,plot,,,,,,,False,1,81153,png
results/online_link_prediction/plots/202603262235_Batch_Output/MovieLens_FastPRB_alpha0.85_eps8.33e-05_T10000_lr10.0073_lr20.0004_202601282237_Details/worker_9_TimeAcc.png,plot_file,plot,,,,,,,False,1,83543,png
results/online_link_prediction/plots/202603262235_Batch_Output/MovieLens_Regret_vs_Rounds.pdf,plot_file,plot,,,,,,,False,1,21366,pdf
results/online_link_prediction/plots/202603262235_Batch_Output/MovieLens_Regret_vs_Rounds.png,plot_file,plot,,,,,,,False,1,291575,png
results/online_link_prediction/plots/202603262240_Batch_Output/Collab_FastPRB_alpha0.85_eps0.000424_T5000_k10_lr10.01_lr20.004_h100_ks40_202603262127_Details/worker_0_TimeAcc.png,plot_file,plot,,,,,,,False,1,96444,png
results/online_link_prediction/plots/202603262240_Batch_Output/Collab_FastPRB_alpha0.85_eps0.000424_T5000_k10_lr10.01_lr20.004_h100_ks40_202603262127_Details/worker_1_TimeAcc.png,plot_file,plot,,,,,,,False,1,95943,png
results/online_link_prediction/plots/202603262240_Batch_Output/Collab_FastPRB_alpha0.85_eps0.000424_T5000_k10_lr10.01_lr20.004_h100_ks40_202603262127_Details/worker_2_TimeAcc.png,plot_file,plot,,,,,,,False,1,96766,png
results/online_link_prediction/plots/202603262240_Batch_Output/Collab_FastPRB_alpha0.85_eps0.000424_T5000_k10_lr10.01_lr20.004_h100_ks40_202603262127_Details/worker_3_TimeAcc.png,plot_file,plot,,,,,,,False,1,97848,png
results/online_link_prediction/plots/202603262240_Batch_Output/Collab_FastPRB_alpha0.85_eps0.000424_T5000_k10_lr10.01_lr20.004_h100_ks40_202603262127_Details/worker_4_TimeAcc.png,plot_file,plot,,,,,,,False,1,94043,png
results/online_link_prediction/plots/202603262240_Batch_Output/Collab_FastPRB_alpha0.85_eps0.000424_T5000_k10_lr10.01_lr20.004_h100_ks40_202603262127_Details/worker_5_TimeAcc.png,plot_file,plot,,,,,,,False,1,96930,png
results/online_link_prediction/plots/202603262240_Batch_Output/Collab_FastPRB_alpha0.85_eps0.000424_T5000_k10_lr10.01_lr20.004_h100_ks40_202603262127_Details/worker_6_TimeAcc.png,plot_file,plot,,,,,,,False,1,95470,png
results/online_link_prediction/plots/202603262240_Batch_Output/Collab_FastPRB_alpha0.85_eps0.000424_T5000_k10_lr10.01_lr20.004_h100_ks40_202603262127_Details/worker_7_TimeAcc.png,plot_file,plot,,,,,,,False,1,96576,png
results/online_link_prediction/plots/202603262240_Batch_Output/Collab_FastPRB_alpha0.85_eps0.000424_T5000_k10_lr10.01_lr20.004_h100_ks40_202603262127_Details/worker_8_TimeAcc.png,plot_file,plot,,,,,,,False,1,97342,png
results/online_link_prediction/plots/202603262240_Batch_Output/Collab_FastPRB_alpha0.85_eps0.000424_T5000_k10_lr10.01_lr20.004_h100_ks40_202603262127_Details/worker_9_TimeAcc.png,plot_file,plot,,,,,,,False,1,98186,png
results/online_link_prediction/plots/202603262240_Batch_Output/Collab_FastPRB_alpha0.85_eps0.00424_T5000_k10_lr10.01_lr20.004_h100_ks40_202603262127_Details/worker_0_TimeAcc.png,plot_file,plot,,,,,,,False,1,96209,png
results/online_link_prediction/plots/202603262240_Batch_Output/Collab_FastPRB_alpha0.85_eps0.00424_T5000_k10_lr10.01_lr20.004_h100_ks40_202603262127_Details/worker_1_TimeAcc.png,plot_file,plot,,,,,,,False,1,96514,png
results/online_link_prediction/plots/202603262240_Batch_Output/Collab_FastPRB_alpha0.85_eps0.00424_T5000_k10_lr10.01_lr20.004_h100_ks40_202603262127_Details/worker_2_TimeAcc.png,plot_file,plot,,,,,,,False,1,95499,png
results/online_link_prediction/plots/202603262240_Batch_Output/Collab_FastPRB_alpha0.85_eps0.00424_T5000_k10_lr10.01_lr20.004_h100_ks40_202603262127_Details/worker_3_TimeAcc.png,plot_file,plot,,,,,,,False,1,95454,png
results/online_link_prediction/plots/202603262240_Batch_Output/Collab_FastPRB_alpha0.85_eps0.00424_T5000_k10_lr10.01_lr20.004_h100_ks40_202603262127_Details/worker_4_TimeAcc.png,plot_file,plot,,,,,,,False,1,96006,png
results/online_link_prediction/plots/202603262240_Batch_Output/Collab_FastPRB_alpha0.85_eps0.00424_T5000_k10_lr10.01_lr20.004_h100_ks40_202603262127_Details/worker_5_TimeAcc.png,plot_file,plot,,,,,,,False,1,102366,png
results/online_link_prediction/plots/202603262240_Batch_Output/Collab_FastPRB_alpha0.85_eps0.00424_T5000_k10_lr10.01_lr20.004_h100_ks40_202603262127_Details/worker_6_TimeAcc.png,plot_file,plot,,,,,,,False,1,99504,png
results/online_link_prediction/plots/202603262240_Batch_Output/Collab_FastPRB_alpha0.85_eps0.00424_T5000_k10_lr10.01_lr20.004_h100_ks40_202603262127_Details/worker_7_TimeAcc.png,plot_file,plot,,,,,,,False,1,101624,png
results/online_link_prediction/plots/202603262240_Batch_Output/Collab_FastPRB_alpha0.85_eps0.00424_T5000_k10_lr10.01_lr20.004_h100_ks40_202603262127_Details/worker_8_TimeAcc.png,plot_file,plot,,,,,,,False,1,95362,png
results/online_link_prediction/plots/202603262240_Batch_Output/Collab_FastPRB_alpha0.85_eps0.00424_T5000_k10_lr10.01_lr20.004_h100_ks40_202603262127_Details/worker_9_TimeAcc.png,plot_file,plot,,,,,,,False,1,98313,png
results/online_link_prediction/plots/202603262240_Batch_Output/Collab_FastPRB_alpha0.85_eps0.0424_T5000_k10_lr10.01_lr20.004_h100_ks40_202603262208_Details/worker_0_TimeAcc.png,plot_file,plot,,,,,,,False,1,90600,png
results/online_link_prediction/plots/202603262240_Batch_Output/Collab_FastPRB_alpha0.85_eps0.0424_T5000_k10_lr10.01_lr20.004_h100_ks40_202603262208_Details/worker_1_TimeAcc.png,plot_file,plot,,,,,,,False,1,101275,png
results/online_link_prediction/plots/202603262240_Batch_Output/Collab_FastPRB_alpha0.85_eps0.0424_T5000_k10_lr10.01_lr20.004_h100_ks40_202603262208_Details/worker_2_TimeAcc.png,plot_file,plot,,,,,,,False,1,104839,png
results/online_link_prediction/plots/202603262240_Batch_Output/Collab_FastPRB_alpha0.85_eps0.0424_T5000_k10_lr10.01_lr20.004_h100_ks40_202603262208_Details/worker_3_TimeAcc.png,plot_file,plot,,,,,,,False,1,95395,png
results/online_link_prediction/plots/202603262240_Batch_Output/Collab_FastPRB_alpha0.85_eps0.0424_T5000_k10_lr10.01_lr20.004_h100_ks40_202603262208_Details/worker_4_TimeAcc.png,plot_file,plot,,,,,,,False,1,91633,png
results/online_link_prediction/plots/202603262240_Batch_Output/Collab_FastPRB_alpha0.85_eps0.0424_T5000_k10_lr10.01_lr20.004_h100_ks40_202603262208_Details/worker_5_TimeAcc.png,plot_file,plot,,,,,,,False,1,86477,png
results/online_link_prediction/plots/202603262240_Batch_Output/Collab_FastPRB_alpha0.85_eps0.0424_T5000_k10_lr10.01_lr20.004_h100_ks40_202603262208_Details/worker_6_TimeAcc.png,plot_file,plot,,,,,,,False,1,94162,png
results/online_link_prediction/plots/202603262240_Batch_Output/Collab_FastPRB_alpha0.85_eps0.0424_T5000_k10_lr10.01_lr20.004_h100_ks40_202603262208_Details/worker_7_TimeAcc.png,plot_file,plot,,,,,,,False,1,100783,png
results/online_link_prediction/plots/202603262240_Batch_Output/Collab_FastPRB_alpha0.85_eps0.0424_T5000_k10_lr10.01_lr20.004_h100_ks40_202603262208_Details/worker_8_TimeAcc.png,plot_file,plot,,,,,,,False,1,89929,png
results/online_link_prediction/plots/202603262240_Batch_Output/Collab_FastPRB_alpha0.85_eps0.0424_T5000_k10_lr10.01_lr20.004_h100_ks40_202603262208_Details/worker_9_TimeAcc.png,plot_file,plot,,,,,,,False,1,102128,png
results/online_link_prediction/plots/202603262240_Batch_Output/Collab_FastPRB_alpha0.85_eps4.24e-05_T5000_k10_lr10.01_lr20.004_h100_ks40_202603262209_Details/worker_0_TimeAcc.png,plot_file,plot,,,,,,,False,1,95854,png
results/online_link_prediction/plots/202603262240_Batch_Output/Collab_FastPRB_alpha0.85_eps4.24e-05_T5000_k10_lr10.01_lr20.004_h100_ks40_202603262209_Details/worker_1_TimeAcc.png,plot_file,plot,,,,,,,False,1,91707,png
results/online_link_prediction/plots/202603262240_Batch_Output/Collab_FastPRB_alpha0.85_eps4.24e-05_T5000_k10_lr10.01_lr20.004_h100_ks40_202603262209_Details/worker_2_TimeAcc.png,plot_file,plot,,,,,,,False,1,96470,png
results/online_link_prediction/plots/202603262240_Batch_Output/Collab_FastPRB_alpha0.85_eps4.24e-05_T5000_k10_lr10.01_lr20.004_h100_ks40_202603262209_Details/worker_3_TimeAcc.png,plot_file,plot,,,,,,,False,1,98112,png
results/online_link_prediction/plots/202603262240_Batch_Output/Collab_FastPRB_alpha0.85_eps4.24e-05_T5000_k10_lr10.01_lr20.004_h100_ks40_202603262209_Details/worker_4_TimeAcc.png,plot_file,plot,,,,,,,False,1,96140,png
results/online_link_prediction/plots/202603262240_Batch_Output/Collab_FastPRB_alpha0.85_eps4.24e-05_T5000_k10_lr10.01_lr20.004_h100_ks40_202603262209_Details/worker_5_TimeAcc.png,plot_file,plot,,,,,,,False,1,99839,png
results/online_link_prediction/plots/202603262240_Batch_Output/Collab_FastPRB_alpha0.85_eps4.24e-05_T5000_k10_lr10.01_lr20.004_h100_ks40_202603262209_Details/worker_6_TimeAcc.png,plot_file,plot,,,,,,,False,1,95932,png
results/online_link_prediction/plots/202603262240_Batch_Output/Collab_FastPRB_alpha0.85_eps4.24e-05_T5000_k10_lr10.01_lr20.004_h100_ks40_202603262209_Details/worker_7_TimeAcc.png,plot_file,plot,,,,,,,False,1,98467,png
results/online_link_prediction/plots/202603262240_Batch_Output/Collab_FastPRB_alpha0.85_eps4.24e-05_T5000_k10_lr10.01_lr20.004_h100_ks40_202603262209_Details/worker_8_TimeAcc.png,plot_file,plot,,,,,,,False,1,94555,png
results/online_link_prediction/plots/202603262240_Batch_Output/Collab_FastPRB_alpha0.85_eps4.24e-05_T5000_k10_lr10.01_lr20.004_h100_ks40_202603262209_Details/worker_9_TimeAcc.png,plot_file,plot,,,,,,,False,1,97541,png
results/online_link_prediction/plots/202603262240_Batch_Output/Collab_FastPRB_alpha0.85_eps4.24e-06_T5000_lr10.01_lr20.004_h100_ks40_202603262013_Details/worker_0_TimeAcc.png,plot_file,plot,,,,,,,False,1,92605,png
results/online_link_prediction/plots/202603262240_Batch_Output/Collab_FastPRB_alpha0.85_eps4.24e-06_T5000_lr10.01_lr20.004_h100_ks40_202603262013_Details/worker_1_TimeAcc.png,plot_file,plot,,,,,,,False,1,91262,png
results/online_link_prediction/plots/202603262240_Batch_Output/Collab_FastPRB_alpha0.85_eps4.24e-06_T5000_lr10.01_lr20.004_h100_ks40_202603262013_Details/worker_2_TimeAcc.png,plot_file,plot,,,,,,,False,1,92945,png
results/online_link_prediction/plots/202603262240_Batch_Output/Collab_FastPRB_alpha0.85_eps4.24e-06_T5000_lr10.01_lr20.004_h100_ks40_202603262013_Details/worker_3_TimeAcc.png,plot_file,plot,,,,,,,False,1,91499,png
results/online_link_prediction/plots/202603262240_Batch_Output/Collab_FastPRB_alpha0.85_eps4.24e-06_T5000_lr10.01_lr20.004_h100_ks40_202603262013_Details/worker_4_TimeAcc.png,plot_file,plot,,,,,,,False,1,95198,png
results/online_link_prediction/plots/202603262240_Batch_Output/Collab_FastPRB_alpha0.85_eps4.24e-06_T5000_lr10.01_lr20.004_h100_ks40_202603262013_Details/worker_5_TimeAcc.png,plot_file,plot,,,,,,,False,1,94437,png
results/online_link_prediction/plots/202603262240_Batch_Output/Collab_FastPRB_alpha0.85_eps4.24e-06_T5000_lr10.01_lr20.004_h100_ks40_202603262013_Details/worker_6_TimeAcc.png,plot_file,plot,,,,,,,False,1,94742,png
results/online_link_prediction/plots/202603262240_Batch_Output/Collab_FastPRB_alpha0.85_eps4.24e-06_T5000_lr10.01_lr20.004_h100_ks40_202603262013_Details/worker_7_TimeAcc.png,plot_file,plot,,,,,,,False,1,91750,png
results/online_link_prediction/plots/202603262240_Batch_Output/Collab_FastPRB_alpha0.85_eps4.24e-06_T5000_lr10.01_lr20.004_h100_ks40_202603262013_Details/worker_8_TimeAcc.png,plot_file,plot,,,,,,,False,1,93231,png
results/online_link_prediction/plots/202603262240_Batch_Output/Collab_FastPRB_alpha0.85_eps4.24e-06_T5000_lr10.01_lr20.004_h100_ks40_202603262013_Details/worker_9_TimeAcc.png,plot_file,plot,,,,,,,False,1,95320,png
results/online_link_prediction/plots/202603262240_Batch_Output/Collab_FastPRB_alpha0.85_eps4.24e-07_T5000_lr10.01_lr20.004_h100_ks40_202603262013_Details/worker_0_TimeAcc.png,plot_file,plot,,,,,,,False,1,91516,png
results/online_link_prediction/plots/202603262240_Batch_Output/Collab_FastPRB_alpha0.85_eps4.24e-07_T5000_lr10.01_lr20.004_h100_ks40_202603262013_Details/worker_1_TimeAcc.png,plot_file,plot,,,,,,,False,1,87580,png
results/online_link_prediction/plots/202603262240_Batch_Output/Collab_FastPRB_alpha0.85_eps4.24e-07_T5000_lr10.01_lr20.004_h100_ks40_202603262013_Details/worker_2_TimeAcc.png,plot_file,plot,,,,,,,False,1,92815,png
results/online_link_prediction/plots/202603262240_Batch_Output/Collab_FastPRB_alpha0.85_eps4.24e-07_T5000_lr10.01_lr20.004_h100_ks40_202603262013_Details/worker_3_TimeAcc.png,plot_file,plot,,,,,,,False,1,92622,png
results/online_link_prediction/plots/202603262240_Batch_Output/Collab_FastPRB_alpha0.85_eps4.24e-07_T5000_lr10.01_lr20.004_h100_ks40_202603262013_Details/worker_4_TimeAcc.png,plot_file,plot,,,,,,,False,1,94386,png
results/online_link_prediction/plots/202603262240_Batch_Output/Collab_FastPRB_alpha0.85_eps4.24e-07_T5000_lr10.01_lr20.004_h100_ks40_202603262013_Details/worker_5_TimeAcc.png,plot_file,plot,,,,,,,False,1,91576,png
results/online_link_prediction/plots/202603262240_Batch_Output/Collab_FastPRB_alpha0.85_eps4.24e-07_T5000_lr10.01_lr20.004_h100_ks40_202603262013_Details/worker_6_TimeAcc.png,plot_file,plot,,,,,,,False,1,92970,png
results/online_link_prediction/plots/202603262240_Batch_Output/Collab_FastPRB_alpha0.85_eps4.24e-07_T5000_lr10.01_lr20.004_h100_ks40_202603262013_Details/worker_7_TimeAcc.png,plot_file,plot,,,,,,,False,1,92257,png
results/online_link_prediction/plots/202603262240_Batch_Output/Collab_FastPRB_alpha0.85_eps4.24e-07_T5000_lr10.01_lr20.004_h100_ks40_202603262013_Details/worker_8_TimeAcc.png,plot_file,plot,,,,,,,False,1,97375,png
results/online_link_prediction/plots/202603262240_Batch_Output/Collab_FastPRB_alpha0.85_eps4.24e-07_T5000_lr10.01_lr20.004_h100_ks40_202603262013_Details/worker_9_TimeAcc.png,plot_file,plot,,,,,,,False,1,94364,png
results/online_link_prediction/plots/202603262240_Batch_Output/ogbl-Collab_Regret_vs_Rounds.pdf,plot_file,plot,,,,,,,False,1,30038,pdf
results/online_link_prediction/plots/202603262240_Batch_Output/ogbl-Collab_Regret_vs_Rounds.png,plot_file,plot,,,,,,,False,1,382067,png
results/online_link_prediction/plots/202603271142_Batch_Output/Collab_FastPRB_alpha0.85_eps0.000424_T5000_k10_lr10.01_lr20.004_h100_ks40_202603262321_Details/worker_0_TimeAcc.png,plot_file,plot,,,,,,,False,1,93336,png
results/online_link_prediction/plots/202603271142_Batch_Output/Collab_FastPRB_alpha0.85_eps0.000424_T5000_k10_lr10.01_lr20.004_h100_ks40_202603262321_Details/worker_1_TimeAcc.png,plot_file,plot,,,,,,,False,1,93129,png
results/online_link_prediction/plots/202603271142_Batch_Output/Collab_FastPRB_alpha0.85_eps0.000424_T5000_k10_lr10.01_lr20.004_h100_ks40_202603262321_Details/worker_2_TimeAcc.png,plot_file,plot,,,,,,,False,1,94218,png
results/online_link_prediction/plots/202603271142_Batch_Output/Collab_FastPRB_alpha0.85_eps0.000424_T5000_k10_lr10.01_lr20.004_h100_ks40_202603262321_Details/worker_3_TimeAcc.png,plot_file,plot,,,,,,,False,1,95252,png
results/online_link_prediction/plots/202603271142_Batch_Output/Collab_FastPRB_alpha0.85_eps0.000424_T5000_k10_lr10.01_lr20.004_h100_ks40_202603262321_Details/worker_4_TimeAcc.png,plot_file,plot,,,,,,,False,1,91437,png
results/online_link_prediction/plots/202603271142_Batch_Output/Collab_FastPRB_alpha0.85_eps0.000424_T5000_k10_lr10.01_lr20.004_h100_ks40_202603262321_Details/worker_5_TimeAcc.png,plot_file,plot,,,,,,,False,1,90969,png
results/online_link_prediction/plots/202603271142_Batch_Output/Collab_FastPRB_alpha0.85_eps0.000424_T5000_k10_lr10.01_lr20.004_h100_ks40_202603262321_Details/worker_6_TimeAcc.png,plot_file,plot,,,,,,,False,1,92282,png
results/online_link_prediction/plots/202603271142_Batch_Output/Collab_FastPRB_alpha0.85_eps0.000424_T5000_k10_lr10.01_lr20.004_h100_ks40_202603262321_Details/worker_7_TimeAcc.png,plot_file,plot,,,,,,,False,1,94077,png
results/online_link_prediction/plots/202603271142_Batch_Output/Collab_FastPRB_alpha0.85_eps0.000424_T5000_k10_lr10.01_lr20.004_h100_ks40_202603262321_Details/worker_8_TimeAcc.png,plot_file,plot,,,,,,,False,1,95766,png
results/online_link_prediction/plots/202603271142_Batch_Output/Collab_FastPRB_alpha0.85_eps0.000424_T5000_k10_lr10.01_lr20.004_h100_ks40_202603262321_Details/worker_9_TimeAcc.png,plot_file,plot,,,,,,,False,1,95077,png
results/online_link_prediction/plots/202603271142_Batch_Output/Collab_FastPRB_alpha0.85_eps0.00424_T5000_k10_lr10.01_lr20.004_h100_ks40_202603262321_Details/worker_0_TimeAcc.png,plot_file,plot,,,,,,,False,1,93775,png
results/online_link_prediction/plots/202603271142_Batch_Output/Collab_FastPRB_alpha0.85_eps0.00424_T5000_k10_lr10.01_lr20.004_h100_ks40_202603262321_Details/worker_1_TimeAcc.png,plot_file,plot,,,,,,,False,1,94166,png
results/online_link_prediction/plots/202603271142_Batch_Output/Collab_FastPRB_alpha0.85_eps0.00424_T5000_k10_lr10.01_lr20.004_h100_ks40_202603262321_Details/worker_2_TimeAcc.png,plot_file,plot,,,,,,,False,1,93072,png
results/online_link_prediction/plots/202603271142_Batch_Output/Collab_FastPRB_alpha0.85_eps0.00424_T5000_k10_lr10.01_lr20.004_h100_ks40_202603262321_Details/worker_3_TimeAcc.png,plot_file,plot,,,,,,,False,1,92809,png
results/online_link_prediction/plots/202603271142_Batch_Output/Collab_FastPRB_alpha0.85_eps0.00424_T5000_k10_lr10.01_lr20.004_h100_ks40_202603262321_Details/worker_4_TimeAcc.png,plot_file,plot,,,,,,,False,1,93781,png
results/online_link_prediction/plots/202603271142_Batch_Output/Collab_FastPRB_alpha0.85_eps0.00424_T5000_k10_lr10.01_lr20.004_h100_ks40_202603262321_Details/worker_5_TimeAcc.png,plot_file,plot,,,,,,,False,1,99881,png
results/online_link_prediction/plots/202603271142_Batch_Output/Collab_FastPRB_alpha0.85_eps0.00424_T5000_k10_lr10.01_lr20.004_h100_ks40_202603262321_Details/worker_6_TimeAcc.png,plot_file,plot,,,,,,,False,1,96616,png
results/online_link_prediction/plots/202603271142_Batch_Output/Collab_FastPRB_alpha0.85_eps0.00424_T5000_k10_lr10.01_lr20.004_h100_ks40_202603262321_Details/worker_7_TimeAcc.png,plot_file,plot,,,,,,,False,1,99282,png
results/online_link_prediction/plots/202603271142_Batch_Output/Collab_FastPRB_alpha0.85_eps0.00424_T5000_k10_lr10.01_lr20.004_h100_ks40_202603262321_Details/worker_8_TimeAcc.png,plot_file,plot,,,,,,,False,1,93581,png
results/online_link_prediction/plots/202603271142_Batch_Output/Collab_FastPRB_alpha0.85_eps0.00424_T5000_k10_lr10.01_lr20.004_h100_ks40_202603262321_Details/worker_9_TimeAcc.png,plot_file,plot,,,,,,,False,1,95795,png
results/online_link_prediction/plots/202603271142_Batch_Output/Collab_FastPRB_alpha0.85_eps0.0424_T5000_k10_lr10.01_lr20.004_h100_ks40_202603262252_Details/worker_0_TimeAcc.png,plot_file,plot,,,,,,,False,1,90794,png
results/online_link_prediction/plots/202603271142_Batch_Output/Collab_FastPRB_alpha0.85_eps0.0424_T5000_k10_lr10.01_lr20.004_h100_ks40_202603262252_Details/worker_1_TimeAcc.png,plot_file,plot,,,,,,,False,1,101264,png
results/online_link_prediction/plots/202603271142_Batch_Output/Collab_FastPRB_alpha0.85_eps0.0424_T5000_k10_lr10.01_lr20.004_h100_ks40_202603262252_Details/worker_2_TimeAcc.png,plot_file,plot,,,,,,,False,1,103413,png
results/online_link_prediction/plots/202603271142_Batch_Output/Collab_FastPRB_alpha0.85_eps0.0424_T5000_k10_lr10.01_lr20.004_h100_ks40_202603262252_Details/worker_3_TimeAcc.png,plot_file,plot,,,,,,,False,1,94745,png
results/online_link_prediction/plots/202603271142_Batch_Output/Collab_FastPRB_alpha0.85_eps0.0424_T5000_k10_lr10.01_lr20.004_h100_ks40_202603262252_Details/worker_4_TimeAcc.png,plot_file,plot,,,,,,,False,1,91182,png
results/online_link_prediction/plots/202603271142_Batch_Output/Collab_FastPRB_alpha0.85_eps0.0424_T5000_k10_lr10.01_lr20.004_h100_ks40_202603262252_Details/worker_5_TimeAcc.png,plot_file,plot,,,,,,,False,1,85394,png
results/online_link_prediction/plots/202603271142_Batch_Output/Collab_FastPRB_alpha0.85_eps0.0424_T5000_k10_lr10.01_lr20.004_h100_ks40_202603262252_Details/worker_6_TimeAcc.png,plot_file,plot,,,,,,,False,1,93280,png
results/online_link_prediction/plots/202603271142_Batch_Output/Collab_FastPRB_alpha0.85_eps0.0424_T5000_k10_lr10.01_lr20.004_h100_ks40_202603262252_Details/worker_7_TimeAcc.png,plot_file,plot,,,,,,,False,1,100047,png
results/online_link_prediction/plots/202603271142_Batch_Output/Collab_FastPRB_alpha0.85_eps0.0424_T5000_k10_lr10.01_lr20.004_h100_ks40_202603262252_Details/worker_8_TimeAcc.png,plot_file,plot,,,,,,,False,1,88405,png
results/online_link_prediction/plots/202603271142_Batch_Output/Collab_FastPRB_alpha0.85_eps0.0424_T5000_k10_lr10.01_lr20.004_h100_ks40_202603262252_Details/worker_9_TimeAcc.png,plot_file,plot,,,,,,,False,1,100212,png
results/online_link_prediction/plots/202603271142_Batch_Output/Collab_FastPRB_alpha0.85_eps4.24e-05_T5000_k10_lr10.01_lr20.004_h100_ks40_202603262321_Details/worker_0_TimeAcc.png,plot_file,plot,,,,,,,False,1,93087,png
results/online_link_prediction/plots/202603271142_Batch_Output/Collab_FastPRB_alpha0.85_eps4.24e-05_T5000_k10_lr10.01_lr20.004_h100_ks40_202603262321_Details/worker_1_TimeAcc.png,plot_file,plot,,,,,,,False,1,89584,png
results/online_link_prediction/plots/202603271142_Batch_Output/Collab_FastPRB_alpha0.85_eps4.24e-05_T5000_k10_lr10.01_lr20.004_h100_ks40_202603262321_Details/worker_2_TimeAcc.png,plot_file,plot,,,,,,,False,1,94419,png
results/online_link_prediction/plots/202603271142_Batch_Output/Collab_FastPRB_alpha0.85_eps4.24e-05_T5000_k10_lr10.01_lr20.004_h100_ks40_202603262321_Details/worker_3_TimeAcc.png,plot_file,plot,,,,,,,False,1,95477,png
results/online_link_prediction/plots/202603271142_Batch_Output/Collab_FastPRB_alpha0.85_eps4.24e-05_T5000_k10_lr10.01_lr20.004_h100_ks40_202603262321_Details/worker_4_TimeAcc.png,plot_file,plot,,,,,,,False,1,93996,png
results/online_link_prediction/plots/202603271142_Batch_Output/Collab_FastPRB_alpha0.85_eps4.24e-05_T5000_k10_lr10.01_lr20.004_h100_ks40_202603262321_Details/worker_5_TimeAcc.png,plot_file,plot,,,,,,,False,1,97452,png
results/online_link_prediction/plots/202603271142_Batch_Output/Collab_FastPRB_alpha0.85_eps4.24e-05_T5000_k10_lr10.01_lr20.004_h100_ks40_202603262321_Details/worker_6_TimeAcc.png,plot_file,plot,,,,,,,False,1,93805,png
results/online_link_prediction/plots/202603271142_Batch_Output/Collab_FastPRB_alpha0.85_eps4.24e-05_T5000_k10_lr10.01_lr20.004_h100_ks40_202603262321_Details/worker_7_TimeAcc.png,plot_file,plot,,,,,,,False,1,95391,png
results/online_link_prediction/plots/202603271142_Batch_Output/Collab_FastPRB_alpha0.85_eps4.24e-05_T5000_k10_lr10.01_lr20.004_h100_ks40_202603262321_Details/worker_8_TimeAcc.png,plot_file,plot,,,,,,,False,1,92645,png
results/online_link_prediction/plots/202603271142_Batch_Output/Collab_FastPRB_alpha0.85_eps4.24e-05_T5000_k10_lr10.01_lr20.004_h100_ks40_202603262321_Details/worker_9_TimeAcc.png,plot_file,plot,,,,,,,False,1,95631,png
results/online_link_prediction/plots/202603271142_Batch_Output/Collab_FastPRB_alpha0.85_eps4.24e-06_T5000_k10_lr10.01_lr20.004_h100_ks40_202603270208_Details/worker_0_TimeAcc.png,plot_file,plot,,,,,,,False,1,95898,png
results/online_link_prediction/plots/202603271142_Batch_Output/Collab_FastPRB_alpha0.85_eps4.24e-06_T5000_k10_lr10.01_lr20.004_h100_ks40_202603270208_Details/worker_1_TimeAcc.png,plot_file,plot,,,,,,,False,1,94021,png
results/online_link_prediction/plots/202603271142_Batch_Output/Collab_FastPRB_alpha0.85_eps4.24e-06_T5000_k10_lr10.01_lr20.004_h100_ks40_202603270208_Details/worker_2_TimeAcc.png,plot_file,plot,,,,,,,False,1,95215,png
results/online_link_prediction/plots/202603271142_Batch_Output/Collab_FastPRB_alpha0.85_eps4.24e-06_T5000_k10_lr10.01_lr20.004_h100_ks40_202603270208_Details/worker_3_TimeAcc.png,plot_file,plot,,,,,,,False,1,93818,png
results/online_link_prediction/plots/202603271142_Batch_Output/Collab_FastPRB_alpha0.85_eps4.24e-06_T5000_k10_lr10.01_lr20.004_h100_ks40_202603270208_Details/worker_4_TimeAcc.png,plot_file,plot,,,,,,,False,1,97745,png
results/online_link_prediction/plots/202603271142_Batch_Output/Collab_FastPRB_alpha0.85_eps4.24e-06_T5000_k10_lr10.01_lr20.004_h100_ks40_202603270208_Details/worker_5_TimeAcc.png,plot_file,plot,,,,,,,False,1,97012,png
results/online_link_prediction/plots/202603271142_Batch_Output/Collab_FastPRB_alpha0.85_eps4.24e-06_T5000_k10_lr10.01_lr20.004_h100_ks40_202603270208_Details/worker_6_TimeAcc.png,plot_file,plot,,,,,,,False,1,97443,png
results/online_link_prediction/plots/202603271142_Batch_Output/Collab_FastPRB_alpha0.85_eps4.24e-06_T5000_k10_lr10.01_lr20.004_h100_ks40_202603270208_Details/worker_7_TimeAcc.png,plot_file,plot,,,,,,,False,1,94890,png
results/online_link_prediction/plots/202603271142_Batch_Output/Collab_FastPRB_alpha0.85_eps4.24e-06_T5000_k10_lr10.01_lr20.004_h100_ks40_202603270208_Details/worker_8_TimeAcc.png,plot_file,plot,,,,,,,False,1,95378,png
results/online_link_prediction/plots/202603271142_Batch_Output/Collab_FastPRB_alpha0.85_eps4.24e-06_T5000_k10_lr10.01_lr20.004_h100_ks40_202603270208_Details/worker_9_TimeAcc.png,plot_file,plot,,,,,,,False,1,98075,png
results/online_link_prediction/plots/202603271142_Batch_Output/Collab_FastPRB_alpha0.85_eps4.24e-07_T5000_k10_lr10.01_lr20.004_h100_ks40_202603270208_Details/worker_0_TimeAcc.png,plot_file,plot,,,,,,,False,1,94663,png
results/online_link_prediction/plots/202603271142_Batch_Output/Collab_FastPRB_alpha0.85_eps4.24e-07_T5000_k10_lr10.01_lr20.004_h100_ks40_202603270208_Details/worker_1_TimeAcc.png,plot_file,plot,,,,,,,False,1,91662,png
results/online_link_prediction/plots/202603271142_Batch_Output/Collab_FastPRB_alpha0.85_eps4.24e-07_T5000_k10_lr10.01_lr20.004_h100_ks40_202603270208_Details/worker_2_TimeAcc.png,plot_file,plot,,,,,,,False,1,96308,png
results/online_link_prediction/plots/202603271142_Batch_Output/Collab_FastPRB_alpha0.85_eps4.24e-07_T5000_k10_lr10.01_lr20.004_h100_ks40_202603270208_Details/worker_3_TimeAcc.png,plot_file,plot,,,,,,,False,1,95849,png
results/online_link_prediction/plots/202603271142_Batch_Output/Collab_FastPRB_alpha0.85_eps4.24e-07_T5000_k10_lr10.01_lr20.004_h100_ks40_202603270208_Details/worker_4_TimeAcc.png,plot_file,plot,,,,,,,False,1,98740,png
results/online_link_prediction/plots/202603271142_Batch_Output/Collab_FastPRB_alpha0.85_eps4.24e-07_T5000_k10_lr10.01_lr20.004_h100_ks40_202603270208_Details/worker_5_TimeAcc.png,plot_file,plot,,,,,,,False,1,95153,png
results/online_link_prediction/plots/202603271142_Batch_Output/Collab_FastPRB_alpha0.85_eps4.24e-07_T5000_k10_lr10.01_lr20.004_h100_ks40_202603270208_Details/worker_6_TimeAcc.png,plot_file,plot,,,,,,,False,1,95842,png
results/online_link_prediction/plots/202603271142_Batch_Output/Collab_FastPRB_alpha0.85_eps4.24e-07_T5000_k10_lr10.01_lr20.004_h100_ks40_202603270208_Details/worker_7_TimeAcc.png,plot_file,plot,,,,,,,False,1,95434,png
results/online_link_prediction/plots/202603271142_Batch_Output/Collab_FastPRB_alpha0.85_eps4.24e-07_T5000_k10_lr10.01_lr20.004_h100_ks40_202603270208_Details/worker_8_TimeAcc.png,plot_file,plot,,,,,,,False,1,100420,png
results/online_link_prediction/plots/202603271142_Batch_Output/Collab_FastPRB_alpha0.85_eps4.24e-07_T5000_k10_lr10.01_lr20.004_h100_ks40_202603270208_Details/worker_9_TimeAcc.png,plot_file,plot,,,,,,,False,1,98388,png
results/online_link_prediction/plots/202603271142_Batch_Output/ogbl-Collab_Regret_vs_Rounds.pdf,plot_file,plot,,,,,,,False,1,30038,pdf
results/online_link_prediction/plots/202603271142_Batch_Output/ogbl-Collab_Regret_vs_Rounds.png,plot_file,plot,,,,,,,False,1,382067,png
results/online_link_prediction/plots/202603280031_Batch_Output/Collab_FastPRB_alpha0.85_eps0.000424_T5000_k10_lr10.01_lr20.004_h100_ks40_202603262321_Details/worker_0_TimeAcc.png,plot_file,plot,,,,,,,False,1,93336,png
results/online_link_prediction/plots/202603280031_Batch_Output/Collab_FastPRB_alpha0.85_eps0.000424_T5000_k10_lr10.01_lr20.004_h100_ks40_202603262321_Details/worker_1_TimeAcc.png,plot_file,plot,,,,,,,False,1,93129,png
results/online_link_prediction/plots/202603280031_Batch_Output/Collab_FastPRB_alpha0.85_eps0.000424_T5000_k10_lr10.01_lr20.004_h100_ks40_202603262321_Details/worker_2_TimeAcc.png,plot_file,plot,,,,,,,False,1,94218,png
results/online_link_prediction/plots/202603280031_Batch_Output/Collab_FastPRB_alpha0.85_eps0.000424_T5000_k10_lr10.01_lr20.004_h100_ks40_202603262321_Details/worker_3_TimeAcc.png,plot_file,plot,,,,,,,False,1,95252,png
results/online_link_prediction/plots/202603280031_Batch_Output/Collab_FastPRB_alpha0.85_eps0.000424_T5000_k10_lr10.01_lr20.004_h100_ks40_202603262321_Details/worker_4_TimeAcc.png,plot_file,plot,,,,,,,False,1,91437,png
results/online_link_prediction/plots/202603280031_Batch_Output/Collab_FastPRB_alpha0.85_eps0.000424_T5000_k10_lr10.01_lr20.004_h100_ks40_202603262321_Details/worker_5_TimeAcc.png,plot_file,plot,,,,,,,False,1,90969,png
results/online_link_prediction/plots/202603280031_Batch_Output/Collab_FastPRB_alpha0.85_eps0.000424_T5000_k10_lr10.01_lr20.004_h100_ks40_202603262321_Details/worker_6_TimeAcc.png,plot_file,plot,,,,,,,False,1,92282,png
results/online_link_prediction/plots/202603280031_Batch_Output/Collab_FastPRB_alpha0.85_eps0.000424_T5000_k10_lr10.01_lr20.004_h100_ks40_202603262321_Details/worker_7_TimeAcc.png,plot_file,plot,,,,,,,False,1,94077,png
results/online_link_prediction/plots/202603280031_Batch_Output/Collab_FastPRB_alpha0.85_eps0.000424_T5000_k10_lr10.01_lr20.004_h100_ks40_202603262321_Details/worker_8_TimeAcc.png,plot_file,plot,,,,,,,False,1,95766,png
results/online_link_prediction/plots/202603280031_Batch_Output/Collab_FastPRB_alpha0.85_eps0.000424_T5000_k10_lr10.01_lr20.004_h100_ks40_202603262321_Details/worker_9_TimeAcc.png,plot_file,plot,,,,,,,False,1,95077,png
results/online_link_prediction/plots/202603280031_Batch_Output/Collab_FastPRB_alpha0.85_eps0.000424_T5000_lr10.01_lr20.004_202601291248_Details/worker_0_TimeAcc.png,plot_file,plot,,,,,,,False,1,91729,png
results/online_link_prediction/plots/202603280031_Batch_Output/Collab_FastPRB_alpha0.85_eps0.000424_T5000_lr10.01_lr20.004_202601291248_Details/worker_1_TimeAcc.png,plot_file,plot,,,,,,,False,1,91506,png
results/online_link_prediction/plots/202603280031_Batch_Output/Collab_FastPRB_alpha0.85_eps0.000424_T5000_lr10.01_lr20.004_202601291248_Details/worker_2_TimeAcc.png,plot_file,plot,,,,,,,False,1,92000,png
results/online_link_prediction/plots/202603280031_Batch_Output/Collab_FastPRB_alpha0.85_eps0.000424_T5000_lr10.01_lr20.004_202601291248_Details/worker_3_TimeAcc.png,plot_file,plot,,,,,,,False,1,93305,png
results/online_link_prediction/plots/202603280031_Batch_Output/Collab_FastPRB_alpha0.85_eps0.000424_T5000_lr10.01_lr20.004_202601291248_Details/worker_4_TimeAcc.png,plot_file,plot,,,,,,,False,1,89193,png
results/online_link_prediction/plots/202603280031_Batch_Output/Collab_FastPRB_alpha0.85_eps0.000424_T5000_lr10.01_lr20.004_202601291248_Details/worker_5_TimeAcc.png,plot_file,plot,,,,,,,False,1,91908,png
results/online_link_prediction/plots/202603280031_Batch_Output/Collab_FastPRB_alpha0.85_eps0.000424_T5000_lr10.01_lr20.004_202601291248_Details/worker_6_TimeAcc.png,plot_file,plot,,,,,,,False,1,91068,png
results/online_link_prediction/plots/202603280031_Batch_Output/Collab_FastPRB_alpha0.85_eps0.000424_T5000_lr10.01_lr20.004_202601291248_Details/worker_7_TimeAcc.png,plot_file,plot,,,,,,,False,1,92099,png
results/online_link_prediction/plots/202603280031_Batch_Output/Collab_FastPRB_alpha0.85_eps0.000424_T5000_lr10.01_lr20.004_202601291248_Details/worker_8_TimeAcc.png,plot_file,plot,,,,,,,False,1,92701,png
results/online_link_prediction/plots/202603280031_Batch_Output/Collab_FastPRB_alpha0.85_eps0.000424_T5000_lr10.01_lr20.004_202601291248_Details/worker_9_TimeAcc.png,plot_file,plot,,,,,,,False,1,93254,png
results/online_link_prediction/plots/202603280031_Batch_Output/Collab_FastPRB_alpha0.85_eps0.000424_T5000_lr10.01_lr20.004_202601291520_Details/worker_0_TimeAcc.png,plot_file,plot,,,,,,,False,1,92152,png
results/online_link_prediction/plots/202603280031_Batch_Output/Collab_FastPRB_alpha0.85_eps0.000424_T5000_lr10.01_lr20.004_202601291520_Details/worker_1_TimeAcc.png,plot_file,plot,,,,,,,False,1,91130,png
results/online_link_prediction/plots/202603280031_Batch_Output/Collab_FastPRB_alpha0.85_eps0.000424_T5000_lr10.01_lr20.004_202601291520_Details/worker_2_TimeAcc.png,plot_file,plot,,,,,,,False,1,93100,png
results/online_link_prediction/plots/202603280031_Batch_Output/Collab_FastPRB_alpha0.85_eps0.000424_T5000_lr10.01_lr20.004_202601291520_Details/worker_3_TimeAcc.png,plot_file,plot,,,,,,,False,1,93677,png
results/online_link_prediction/plots/202603280031_Batch_Output/Collab_FastPRB_alpha0.85_eps0.000424_T5000_lr10.01_lr20.004_202601291520_Details/worker_4_TimeAcc.png,plot_file,plot,,,,,,,False,1,90048,png
results/online_link_prediction/plots/202603280031_Batch_Output/Collab_FastPRB_alpha0.85_eps0.000424_T5000_lr10.01_lr20.004_202601291520_Details/worker_5_TimeAcc.png,plot_file,plot,,,,,,,False,1,92882,png
results/online_link_prediction/plots/202603280031_Batch_Output/Collab_FastPRB_alpha0.85_eps0.000424_T5000_lr10.01_lr20.004_202601291520_Details/worker_6_TimeAcc.png,plot_file,plot,,,,,,,False,1,91368,png
results/online_link_prediction/plots/202603280031_Batch_Output/Collab_FastPRB_alpha0.85_eps0.000424_T5000_lr10.01_lr20.004_202601291520_Details/worker_7_TimeAcc.png,plot_file,plot,,,,,,,False,1,92564,png
results/online_link_prediction/plots/202603280031_Batch_Output/Collab_FastPRB_alpha0.85_eps0.000424_T5000_lr10.01_lr20.004_202601291520_Details/worker_8_TimeAcc.png,plot_file,plot,,,,,,,False,1,93538,png
results/online_link_prediction/plots/202603280031_Batch_Output/Collab_FastPRB_alpha0.85_eps0.000424_T5000_lr10.01_lr20.004_202601291520_Details/worker_9_TimeAcc.png,plot_file,plot,,,,,,,False,1,93618,png
results/online_link_prediction/plots/202603280031_Batch_Output/Collab_FastPRB_alpha0.85_eps0.000424_T5000_lr10.01_lr20.004_h100_ks40_202603262012_Details/worker_0_TimeAcc.png,plot_file,plot,,,,,,,False,1,91757,png
results/online_link_prediction/plots/202603280031_Batch_Output/Collab_FastPRB_alpha0.85_eps0.000424_T5000_lr10.01_lr20.004_h100_ks40_202603262012_Details/worker_1_TimeAcc.png,plot_file,plot,,,,,,,False,1,91276,png
results/online_link_prediction/plots/202603280031_Batch_Output/Collab_FastPRB_alpha0.85_eps0.000424_T5000_lr10.01_lr20.004_h100_ks40_202603262012_Details/worker_2_TimeAcc.png,plot_file,plot,,,,,,,False,1,92686,png
results/online_link_prediction/plots/202603280031_Batch_Output/Collab_FastPRB_alpha0.85_eps0.000424_T5000_lr10.01_lr20.004_h100_ks40_202603262012_Details/worker_3_TimeAcc.png,plot_file,plot,,,,,,,False,1,93935,png
results/online_link_prediction/plots/202603280031_Batch_Output/Collab_FastPRB_alpha0.85_eps0.000424_T5000_lr10.01_lr20.004_h100_ks40_202603262012_Details/worker_4_TimeAcc.png,plot_file,plot,,,,,,,False,1,90074,png
results/online_link_prediction/plots/202603280031_Batch_Output/Collab_FastPRB_alpha0.85_eps0.000424_T5000_lr10.01_lr20.004_h100_ks40_202603262012_Details/worker_5_TimeAcc.png,plot_file,plot,,,,,,,False,1,92865,png
results/online_link_prediction/plots/202603280031_Batch_Output/Collab_FastPRB_alpha0.85_eps0.000424_T5000_lr10.01_lr20.004_h100_ks40_202603262012_Details/worker_6_TimeAcc.png,plot_file,plot,,,,,,,False,1,90727,png
results/online_link_prediction/plots/202603280031_Batch_Output/Collab_FastPRB_alpha0.85_eps0.000424_T5000_lr10.01_lr20.004_h100_ks40_202603262012_Details/worker_7_TimeAcc.png,plot_file,plot,,,,,,,False,1,92702,png
results/online_link_prediction/plots/202603280031_Batch_Output/Collab_FastPRB_alpha0.85_eps0.000424_T5000_lr10.01_lr20.004_h100_ks40_202603262012_Details/worker_8_TimeAcc.png,plot_file,plot,,,,,,,False,1,92781,png
results/online_link_prediction/plots/202603280031_Batch_Output/Collab_FastPRB_alpha0.85_eps0.000424_T5000_lr10.01_lr20.004_h100_ks40_202603262012_Details/worker_9_TimeAcc.png,plot_file,plot,,,,,,,False,1,93821,png
results/online_link_prediction/plots/202603280031_Batch_Output/ogbl-Collab_Regret_vs_Rounds.pdf,plot_file,plot,,,,,,,False,1,17316,pdf
results/online_link_prediction/plots/202603280031_Batch_Output/ogbl-Collab_Regret_vs_Rounds.png,plot_file,plot,,,,,,,False,1,273218,png
results/online_link_prediction/plots/202603280032_Batch_Output/Collab_FastPRB_alpha0.85_eps0.00424_T5000_k10_lr10.01_lr20.004_h100_ks40_202603271152_Details/worker_0_TimeAcc.png,plot_file,plot,,,,,,,False,1,94772,png
results/online_link_prediction/plots/202603280032_Batch_Output/Collab_FastPRB_alpha0.85_eps0.00424_T5000_k10_lr10.01_lr20.004_h100_ks40_202603271152_Details/worker_1_TimeAcc.png,plot_file,plot,,,,,,,False,1,96218,png
results/online_link_prediction/plots/202603280032_Batch_Output/Collab_FastPRB_alpha0.85_eps0.00424_T5000_k10_lr10.01_lr20.004_h100_ks40_202603271152_Details/worker_2_TimeAcc.png,plot_file,plot,,,,,,,False,1,96189,png
results/online_link_prediction/plots/202603280032_Batch_Output/Collab_FastPRB_alpha0.85_eps0.00424_T5000_k10_lr10.01_lr20.004_h100_ks40_202603271152_Details/worker_3_TimeAcc.png,plot_file,plot,,,,,,,False,1,95769,png
results/online_link_prediction/plots/202603280032_Batch_Output/Collab_FastPRB_alpha0.85_eps0.00424_T5000_k10_lr10.01_lr20.004_h100_ks40_202603271152_Details/worker_4_TimeAcc.png,plot_file,plot,,,,,,,False,1,93060,png
results/online_link_prediction/plots/202603280032_Batch_Output/Collab_FastPRB_alpha0.85_eps0.00424_T5000_k10_lr10.01_lr20.004_h100_ks40_202603271152_Details/worker_5_TimeAcc.png,plot_file,plot,,,,,,,False,1,101248,png
results/online_link_prediction/plots/202603280032_Batch_Output/Collab_FastPRB_alpha0.85_eps0.00424_T5000_k10_lr10.01_lr20.004_h100_ks40_202603271152_Details/worker_6_TimeAcc.png,plot_file,plot,,,,,,,False,1,96678,png
results/online_link_prediction/plots/202603280032_Batch_Output/Collab_FastPRB_alpha0.85_eps0.00424_T5000_k10_lr10.01_lr20.004_h100_ks40_202603271152_Details/worker_7_TimeAcc.png,plot_file,plot,,,,,,,False,1,99466,png
results/online_link_prediction/plots/202603280032_Batch_Output/Collab_FastPRB_alpha0.85_eps0.00424_T5000_k10_lr10.01_lr20.004_h100_ks40_202603271152_Details/worker_8_TimeAcc.png,plot_file,plot,,,,,,,False,1,93195,png
results/online_link_prediction/plots/202603280032_Batch_Output/Collab_FastPRB_alpha0.85_eps0.00424_T5000_k10_lr10.01_lr20.004_h100_ks40_202603271152_Details/worker_9_TimeAcc.png,plot_file,plot,,,,,,,False,1,97370,png
results/online_link_prediction/plots/202603280032_Batch_Output/Collab_FastPRB_alpha0.85_eps0.00424_T5000_k10_lr10.01_lr20.004_h100_ks40_202603271326_Details/worker_0_TimeAcc.png,plot_file,plot,,,,,,,False,1,93294,png
results/online_link_prediction/plots/202603280032_Batch_Output/Collab_FastPRB_alpha0.85_eps0.00424_T5000_k10_lr10.01_lr20.004_h100_ks40_202603271326_Details/worker_1_TimeAcc.png,plot_file,plot,,,,,,,False,1,94405,png
results/online_link_prediction/plots/202603280032_Batch_Output/Collab_FastPRB_alpha0.85_eps0.00424_T5000_k10_lr10.01_lr20.004_h100_ks40_202603271326_Details/worker_2_TimeAcc.png,plot_file,plot,,,,,,,False,1,92945,png
results/online_link_prediction/plots/202603280032_Batch_Output/Collab_FastPRB_alpha0.85_eps0.00424_T5000_k10_lr10.01_lr20.004_h100_ks40_202603271326_Details/worker_3_TimeAcc.png,plot_file,plot,,,,,,,False,1,93032,png
results/online_link_prediction/plots/202603280032_Batch_Output/Collab_FastPRB_alpha0.85_eps0.00424_T5000_k10_lr10.01_lr20.004_h100_ks40_202603271326_Details/worker_4_TimeAcc.png,plot_file,plot,,,,,,,False,1,93970,png
results/online_link_prediction/plots/202603280032_Batch_Output/Collab_FastPRB_alpha0.85_eps0.00424_T5000_k10_lr10.01_lr20.004_h100_ks40_202603271326_Details/worker_5_TimeAcc.png,plot_file,plot,,,,,,,False,1,100412,png
results/online_link_prediction/plots/202603280032_Batch_Output/Collab_FastPRB_alpha0.85_eps0.00424_T5000_k10_lr10.01_lr20.004_h100_ks40_202603271326_Details/worker_6_TimeAcc.png,plot_file,plot,,,,,,,False,1,96624,png
results/online_link_prediction/plots/202603280032_Batch_Output/Collab_FastPRB_alpha0.85_eps0.00424_T5000_k10_lr10.01_lr20.004_h100_ks40_202603271326_Details/worker_7_TimeAcc.png,plot_file,plot,,,,,,,False,1,100574,png
results/online_link_prediction/plots/202603280032_Batch_Output/Collab_FastPRB_alpha0.85_eps0.00424_T5000_k10_lr10.01_lr20.004_h100_ks40_202603271326_Details/worker_8_TimeAcc.png,plot_file,plot,,,,,,,False,1,92349,png
results/online_link_prediction/plots/202603280032_Batch_Output/Collab_FastPRB_alpha0.85_eps0.00424_T5000_k10_lr10.01_lr20.004_h100_ks40_202603271326_Details/worker_9_TimeAcc.png,plot_file,plot,,,,,,,False,1,96390,png
results/online_link_prediction/plots/202603280032_Batch_Output/Collab_FastPRB_alpha0.85_eps0.00424_T5000_k10_lr10.01_lr20.004_h100_ks40_202603271327_Details/worker_0_TimeAcc.png,plot_file,plot,,,,,,,False,1,93445,png
results/online_link_prediction/plots/202603280032_Batch_Output/Collab_FastPRB_alpha0.85_eps0.00424_T5000_k10_lr10.01_lr20.004_h100_ks40_202603271327_Details/worker_1_TimeAcc.png,plot_file,plot,,,,,,,False,1,93623,png
results/online_link_prediction/plots/202603280032_Batch_Output/Collab_FastPRB_alpha0.85_eps0.00424_T5000_k10_lr10.01_lr20.004_h100_ks40_202603271327_Details/worker_2_TimeAcc.png,plot_file,plot,,,,,,,False,1,93501,png
results/online_link_prediction/plots/202603280032_Batch_Output/Collab_FastPRB_alpha0.85_eps0.00424_T5000_k10_lr10.01_lr20.004_h100_ks40_202603271327_Details/worker_3_TimeAcc.png,plot_file,plot,,,,,,,False,1,94896,png
results/online_link_prediction/plots/202603280032_Batch_Output/Collab_FastPRB_alpha0.85_eps0.00424_T5000_k10_lr10.01_lr20.004_h100_ks40_202603271327_Details/worker_4_TimeAcc.png,plot_file,plot,,,,,,,False,1,95935,png
results/online_link_prediction/plots/202603280032_Batch_Output/Collab_FastPRB_alpha0.85_eps0.00424_T5000_k10_lr10.01_lr20.004_h100_ks40_202603271327_Details/worker_5_TimeAcc.png,plot_file,plot,,,,,,,False,1,101380,png
results/online_link_prediction/plots/202603280032_Batch_Output/Collab_FastPRB_alpha0.85_eps0.00424_T5000_k10_lr10.01_lr20.004_h100_ks40_202603271327_Details/worker_6_TimeAcc.png,plot_file,plot,,,,,,,False,1,97789,png
results/online_link_prediction/plots/202603280032_Batch_Output/Collab_FastPRB_alpha0.85_eps0.00424_T5000_k10_lr10.01_lr20.004_h100_ks40_202603271327_Details/worker_7_TimeAcc.png,plot_file,plot,,,,,,,False,1,99604,png
results/online_link_prediction/plots/202603280032_Batch_Output/Collab_FastPRB_alpha0.85_eps0.00424_T5000_k10_lr10.01_lr20.004_h100_ks40_202603271327_Details/worker_8_TimeAcc.png,plot_file,plot,,,,,,,False,1,93239,png
results/online_link_prediction/plots/202603280032_Batch_Output/Collab_FastPRB_alpha0.85_eps0.00424_T5000_k10_lr10.01_lr20.004_h100_ks40_202603271327_Details/worker_9_TimeAcc.png,plot_file,plot,,,,,,,False,1,96571,png
results/online_link_prediction/plots/202603280032_Batch_Output/ogbl-Collab_Regret_vs_Rounds.pdf,plot_file,plot,,,,,,,False,1,17456,pdf
results/online_link_prediction/plots/202603280032_Batch_Output/ogbl-Collab_Regret_vs_Rounds.png,plot_file,plot,,,,,,,False,1,263905,png
results/online_link_prediction/plots/202603301412_Batch_Output/Collab_FastPRB_alpha0.85_eps4.24e-06_T5000_k10_lr10.01_lr20.004_h100_ks40_202603280035_Details/worker_0_TimeAcc.png,plot_file,plot,,,,,,,False,1,93904,png
results/online_link_prediction/plots/202603301412_Batch_Output/Collab_FastPRB_alpha0.85_eps4.24e-06_T5000_k10_lr10.01_lr20.004_h100_ks40_202603280035_Details/worker_1_TimeAcc.png,plot_file,plot,,,,,,,False,1,92446,png
results/online_link_prediction/plots/202603301412_Batch_Output/Collab_FastPRB_alpha0.85_eps4.24e-06_T5000_k10_lr10.01_lr20.004_h100_ks40_202603280035_Details/worker_2_TimeAcc.png,plot_file,plot,,,,,,,False,1,94178,png
results/online_link_prediction/plots/202603301412_Batch_Output/Collab_FastPRB_alpha0.85_eps4.24e-06_T5000_k10_lr10.01_lr20.004_h100_ks40_202603280035_Details/worker_3_TimeAcc.png,plot_file,plot,,,,,,,False,1,92594,png
results/online_link_prediction/plots/202603301412_Batch_Output/Collab_FastPRB_alpha0.85_eps4.24e-06_T5000_k10_lr10.01_lr20.004_h100_ks40_202603280035_Details/worker_4_TimeAcc.png,plot_file,plot,,,,,,,False,1,96200,png
results/online_link_prediction/plots/202603301412_Batch_Output/Collab_FastPRB_alpha0.85_eps4.24e-06_T5000_k10_lr10.01_lr20.004_h100_ks40_202603280035_Details/worker_5_TimeAcc.png,plot_file,plot,,,,,,,False,1,93404,png
results/online_link_prediction/plots/202603301412_Batch_Output/Collab_FastPRB_alpha0.85_eps4.24e-06_T5000_k10_lr10.01_lr20.004_h100_ks40_202603280035_Details/worker_6_TimeAcc.png,plot_file,plot,,,,,,,False,1,95458,png
results/online_link_prediction/plots/202603301412_Batch_Output/Collab_FastPRB_alpha0.85_eps4.24e-06_T5000_k10_lr10.01_lr20.004_h100_ks40_202603280035_Details/worker_7_TimeAcc.png,plot_file,plot,,,,,,,False,1,93410,png
results/online_link_prediction/plots/202603301412_Batch_Output/Collab_FastPRB_alpha0.85_eps4.24e-06_T5000_k10_lr10.01_lr20.004_h100_ks40_202603280035_Details/worker_8_TimeAcc.png,plot_file,plot,,,,,,,False,1,94514,png
results/online_link_prediction/plots/202603301412_Batch_Output/Collab_FastPRB_alpha0.85_eps4.24e-06_T5000_k10_lr10.01_lr20.004_h100_ks40_202603280035_Details/worker_9_TimeAcc.png,plot_file,plot,,,,,,,False,1,96350,png
results/online_link_prediction/plots/202603301412_Batch_Output/Collab_PRB_alpha0.85_powT50_T5000_k10_lr10.01_lr20.004_h100_ks40_202603280035_Details/worker_0_TimeAcc.png,plot_file,plot,,,,,,,False,1,90431,png
results/online_link_prediction/plots/202603301412_Batch_Output/Collab_PRB_alpha0.85_powT50_T5000_k10_lr10.01_lr20.004_h100_ks40_202603280035_Details/worker_1_TimeAcc.png,plot_file,plot,,,,,,,False,1,87303,png
results/online_link_prediction/plots/202603301412_Batch_Output/Collab_PRB_alpha0.85_powT50_T5000_k10_lr10.01_lr20.004_h100_ks40_202603280035_Details/worker_2_TimeAcc.png,plot_file,plot,,,,,,,False,1,92117,png
results/online_link_prediction/plots/202603301412_Batch_Output/Collab_PRB_alpha0.85_powT50_T5000_k10_lr10.01_lr20.004_h100_ks40_202603280035_Details/worker_3_TimeAcc.png,plot_file,plot,,,,,,,False,1,91556,png
results/online_link_prediction/plots/202603301412_Batch_Output/Collab_PRB_alpha0.85_powT50_T5000_k10_lr10.01_lr20.004_h100_ks40_202603280035_Details/worker_4_TimeAcc.png,plot_file,plot,,,,,,,False,1,95085,png
results/online_link_prediction/plots/202603301412_Batch_Output/Collab_PRB_alpha0.85_powT50_T5000_k10_lr10.01_lr20.004_h100_ks40_202603280035_Details/worker_5_TimeAcc.png,plot_file,plot,,,,,,,False,1,91356,png
results/online_link_prediction/plots/202603301412_Batch_Output/Collab_PRB_alpha0.85_powT50_T5000_k10_lr10.01_lr20.004_h100_ks40_202603280035_Details/worker_6_TimeAcc.png,plot_file,plot,,,,,,,False,1,91898,png
results/online_link_prediction/plots/202603301412_Batch_Output/Collab_PRB_alpha0.85_powT50_T5000_k10_lr10.01_lr20.004_h100_ks40_202603280035_Details/worker_7_TimeAcc.png,plot_file,plot,,,,,,,False,1,91054,png
results/online_link_prediction/plots/202603301412_Batch_Output/Collab_PRB_alpha0.85_powT50_T5000_k10_lr10.01_lr20.004_h100_ks40_202603280035_Details/worker_8_TimeAcc.png,plot_file,plot,,,,,,,False,1,97073,png
results/online_link_prediction/plots/202603301412_Batch_Output/Collab_PRB_alpha0.85_powT50_T5000_k10_lr10.01_lr20.004_h100_ks40_202603280035_Details/worker_9_TimeAcc.png,plot_file,plot,,,,,,,False,1,94203,png
results/online_link_prediction/plots/202603301412_Batch_Output/MovieLens_FastPRB_alpha0.85_eps8.33e-05_T10000_k10_lr10.0073_lr20.0004_h100_ks40_202603280034_Details/worker_0_TimeAcc.png,plot_file,plot,,,,,,,False,1,85497,png
results/online_link_prediction/plots/202603301412_Batch_Output/MovieLens_FastPRB_alpha0.85_eps8.33e-05_T10000_k10_lr10.0073_lr20.0004_h100_ks40_202603280034_Details/worker_1_TimeAcc.png,plot_file,plot,,,,,,,False,1,82944,png
results/online_link_prediction/plots/202603301412_Batch_Output/MovieLens_FastPRB_alpha0.85_eps8.33e-05_T10000_k10_lr10.0073_lr20.0004_h100_ks40_202603280034_Details/worker_2_TimeAcc.png,plot_file,plot,,,,,,,False,1,83445,png
results/online_link_prediction/plots/202603301412_Batch_Output/MovieLens_FastPRB_alpha0.85_eps8.33e-05_T10000_k10_lr10.0073_lr20.0004_h100_ks40_202603280034_Details/worker_3_TimeAcc.png,plot_file,plot,,,,,,,False,1,84937,png
results/online_link_prediction/plots/202603301412_Batch_Output/MovieLens_FastPRB_alpha0.85_eps8.33e-05_T10000_k10_lr10.0073_lr20.0004_h100_ks40_202603280034_Details/worker_4_TimeAcc.png,plot_file,plot,,,,,,,False,1,84352,png
results/online_link_prediction/plots/202603301412_Batch_Output/MovieLens_FastPRB_alpha0.85_eps8.33e-05_T10000_k10_lr10.0073_lr20.0004_h100_ks40_202603280034_Details/worker_5_TimeAcc.png,plot_file,plot,,,,,,,False,1,85588,png
results/online_link_prediction/plots/202603301412_Batch_Output/MovieLens_FastPRB_alpha0.85_eps8.33e-05_T10000_k10_lr10.0073_lr20.0004_h100_ks40_202603280034_Details/worker_6_TimeAcc.png,plot_file,plot,,,,,,,False,1,83161,png
results/online_link_prediction/plots/202603301412_Batch_Output/MovieLens_FastPRB_alpha0.85_eps8.33e-05_T10000_k10_lr10.0073_lr20.0004_h100_ks40_202603280034_Details/worker_7_TimeAcc.png,plot_file,plot,,,,,,,False,1,83606,png
results/online_link_prediction/plots/202603301412_Batch_Output/MovieLens_FastPRB_alpha0.85_eps8.33e-05_T10000_k10_lr10.0073_lr20.0004_h100_ks40_202603280034_Details/worker_8_TimeAcc.png,plot_file,plot,,,,,,,False,1,80983,png
results/online_link_prediction/plots/202603301412_Batch_Output/MovieLens_FastPRB_alpha0.85_eps8.33e-05_T10000_k10_lr10.0073_lr20.0004_h100_ks40_202603280034_Details/worker_9_TimeAcc.png,plot_file,plot,,,,,,,False,1,83676,png
results/online_link_prediction/plots/202603301412_Batch_Output/MovieLens_PRB_alpha0.85_powT50_T10000_k10_lr10.0073_lr20.0004_h100_ks40_202603280034_Details/worker_0_TimeAcc.png,plot_file,plot,,,,,,,False,1,85206,png
results/online_link_prediction/plots/202603301412_Batch_Output/MovieLens_PRB_alpha0.85_powT50_T10000_k10_lr10.0073_lr20.0004_h100_ks40_202603280034_Details/worker_1_TimeAcc.png,plot_file,plot,,,,,,,False,1,82837,png
results/online_link_prediction/plots/202603301412_Batch_Output/MovieLens_PRB_alpha0.85_powT50_T10000_k10_lr10.0073_lr20.0004_h100_ks40_202603280034_Details/worker_2_TimeAcc.png,plot_file,plot,,,,,,,False,1,82876,png
results/online_link_prediction/plots/202603301412_Batch_Output/MovieLens_PRB_alpha0.85_powT50_T10000_k10_lr10.0073_lr20.0004_h100_ks40_202603280034_Details/worker_3_TimeAcc.png,plot_file,plot,,,,,,,False,1,84935,png
results/online_link_prediction/plots/202603301412_Batch_Output/MovieLens_PRB_alpha0.85_powT50_T10000_k10_lr10.0073_lr20.0004_h100_ks40_202603280034_Details/worker_4_TimeAcc.png,plot_file,plot,,,,,,,False,1,83725,png
results/online_link_prediction/plots/202603301412_Batch_Output/MovieLens_PRB_alpha0.85_powT50_T10000_k10_lr10.0073_lr20.0004_h100_ks40_202603280034_Details/worker_5_TimeAcc.png,plot_file,plot,,,,,,,False,1,85504,png
results/online_link_prediction/plots/202603301412_Batch_Output/MovieLens_PRB_alpha0.85_powT50_T10000_k10_lr10.0073_lr20.0004_h100_ks40_202603280034_Details/worker_6_TimeAcc.png,plot_file,plot,,,,,,,False,1,83941,png
results/online_link_prediction/plots/202603301412_Batch_Output/MovieLens_PRB_alpha0.85_powT50_T10000_k10_lr10.0073_lr20.0004_h100_ks40_202603280034_Details/worker_7_TimeAcc.png,plot_file,plot,,,,,,,False,1,83178,png
results/online_link_prediction/plots/202603301412_Batch_Output/MovieLens_PRB_alpha0.85_powT50_T10000_k10_lr10.0073_lr20.0004_h100_ks40_202603280034_Details/worker_8_TimeAcc.png,plot_file,plot,,,,,,,False,1,81849,png
results/online_link_prediction/plots/202603301412_Batch_Output/MovieLens_PRB_alpha0.85_powT50_T10000_k10_lr10.0073_lr20.0004_h100_ks40_202603280034_Details/worker_9_TimeAcc.png,plot_file,plot,,,,,,,False,1,84821,png
results/online_link_prediction/plots/202603301412_Batch_Output/MovieLens_Regret_vs_Rounds.pdf,plot_file,plot,,,,,,,False,1,16170,pdf
results/online_link_prediction/plots/202603301412_Batch_Output/MovieLens_Regret_vs_Rounds.png,plot_file,plot,,,,,,,False,1,243215,png
results/online_link_prediction/plots/202603301412_Batch_Output/PPA_FastPRB_alpha0.85_eps1.74e-06_T5000_k10_lr10.01_lr20.004_h100_ks40_202603281204_Details/worker_0_TimeAcc.png,plot_file,plot,,,,,,,False,1,89203,png
results/online_link_prediction/plots/202603301412_Batch_Output/PPA_FastPRB_alpha0.85_eps1.74e-06_T5000_k10_lr10.01_lr20.004_h100_ks40_202603281204_Details/worker_1_TimeAcc.png,plot_file,plot,,,,,,,False,1,88771,png
results/online_link_prediction/plots/202603301412_Batch_Output/PPA_FastPRB_alpha0.85_eps1.74e-06_T5000_k10_lr10.01_lr20.004_h100_ks40_202603281204_Details/worker_2_TimeAcc.png,plot_file,plot,,,,,,,False,1,86866,png
results/online_link_prediction/plots/202603301412_Batch_Output/PPA_FastPRB_alpha0.85_eps1.74e-06_T5000_k10_lr10.01_lr20.004_h100_ks40_202603281204_Details/worker_3_TimeAcc.png,plot_file,plot,,,,,,,False,1,81197,png
results/online_link_prediction/plots/202603301412_Batch_Output/PPA_FastPRB_alpha0.85_eps1.74e-06_T5000_k10_lr10.01_lr20.004_h100_ks40_202603281204_Details/worker_4_TimeAcc.png,plot_file,plot,,,,,,,False,1,91919,png
results/online_link_prediction/plots/202603301412_Batch_Output/PPA_FastPRB_alpha0.85_eps1.74e-06_T5000_k10_lr10.01_lr20.004_h100_ks40_202603281204_Details/worker_5_TimeAcc.png,plot_file,plot,,,,,,,False,1,86328,png
results/online_link_prediction/plots/202603301412_Batch_Output/PPA_FastPRB_alpha0.85_eps1.74e-06_T5000_k10_lr10.01_lr20.004_h100_ks40_202603281204_Details/worker_6_TimeAcc.png,plot_file,plot,,,,,,,False,1,84966,png
results/online_link_prediction/plots/202603301412_Batch_Output/PPA_FastPRB_alpha0.85_eps1.74e-06_T5000_k10_lr10.01_lr20.004_h100_ks40_202603281204_Details/worker_7_TimeAcc.png,plot_file,plot,,,,,,,False,1,86885,png
results/online_link_prediction/plots/202603301412_Batch_Output/PPA_FastPRB_alpha0.85_eps1.74e-06_T5000_k10_lr10.01_lr20.004_h100_ks40_202603281204_Details/worker_8_TimeAcc.png,plot_file,plot,,,,,,,False,1,63005,png
results/online_link_prediction/plots/202603301412_Batch_Output/PPA_FastPRB_alpha0.85_eps1.74e-06_T5000_k10_lr10.01_lr20.004_h100_ks40_202603281204_Details/worker_9_TimeAcc.png,plot_file,plot,,,,,,,False,1,88358,png
results/online_link_prediction/plots/202603301412_Batch_Output/ogbl-Collab_Regret_vs_Rounds.pdf,plot_file,plot,,,,,,,False,1,20406,pdf
results/online_link_prediction/plots/202603301412_Batch_Output/ogbl-Collab_Regret_vs_Rounds.png,plot_file,plot,,,,,,,False,1,262620,png
results/online_link_prediction/plots/202603301412_Batch_Output/ogbl-PPA_Regret_vs_Rounds.pdf,plot_file,plot,,,,,,,False,1,16966,pdf
results/online_link_prediction/plots/202603301412_Batch_Output/ogbl-PPA_Regret_vs_Rounds.png,plot_file,plot,,,,,,,False,1,244664,png
results/online_link_prediction/plots/202603301429_Batch_Output/Collab_FastPRB_alpha0.85_eps0.000424_T5000_k10_lr10.01_lr20.004_h100_ks40_202603262127_Details/worker_0_TimeAcc.png,plot_file,plot,,,,,,,False,1,96444,png
results/online_link_prediction/plots/202603301429_Batch_Output/Collab_FastPRB_alpha0.85_eps0.000424_T5000_k10_lr10.01_lr20.004_h100_ks40_202603262127_Details/worker_1_TimeAcc.png,plot_file,plot,,,,,,,False,1,95943,png
results/online_link_prediction/plots/202603301429_Batch_Output/Collab_FastPRB_alpha0.85_eps0.000424_T5000_k10_lr10.01_lr20.004_h100_ks40_202603262127_Details/worker_2_TimeAcc.png,plot_file,plot,,,,,,,False,1,96766,png
results/online_link_prediction/plots/202603301429_Batch_Output/Collab_FastPRB_alpha0.85_eps0.000424_T5000_k10_lr10.01_lr20.004_h100_ks40_202603262127_Details/worker_3_TimeAcc.png,plot_file,plot,,,,,,,False,1,97848,png
results/online_link_prediction/plots/202603301429_Batch_Output/Collab_FastPRB_alpha0.85_eps0.000424_T5000_k10_lr10.01_lr20.004_h100_ks40_202603262127_Details/worker_4_TimeAcc.png,plot_file,plot,,,,,,,False,1,94043,png
results/online_link_prediction/plots/202603301429_Batch_Output/Collab_FastPRB_alpha0.85_eps0.000424_T5000_k10_lr10.01_lr20.004_h100_ks40_202603262127_Details/worker_5_TimeAcc.png,plot_file,plot,,,,,,,False,1,96930,png
results/online_link_prediction/plots/202603301429_Batch_Output/Collab_FastPRB_alpha0.85_eps0.000424_T5000_k10_lr10.01_lr20.004_h100_ks40_202603262127_Details/worker_6_TimeAcc.png,plot_file,plot,,,,,,,False,1,95470,png
results/online_link_prediction/plots/202603301429_Batch_Output/Collab_FastPRB_alpha0.85_eps0.000424_T5000_k10_lr10.01_lr20.004_h100_ks40_202603262127_Details/worker_7_TimeAcc.png,plot_file,plot,,,,,,,False,1,96576,png
results/online_link_prediction/plots/202603301429_Batch_Output/Collab_FastPRB_alpha0.85_eps0.000424_T5000_k10_lr10.01_lr20.004_h100_ks40_202603262127_Details/worker_8_TimeAcc.png,plot_file,plot,,,,,,,False,1,97342,png
results/online_link_prediction/plots/202603301429_Batch_Output/Collab_FastPRB_alpha0.85_eps0.000424_T5000_k10_lr10.01_lr20.004_h100_ks40_202603262127_Details/worker_9_TimeAcc.png,plot_file,plot,,,,,,,False,1,98186,png
results/online_link_prediction/plots/202603301429_Batch_Output/Collab_FastPRB_alpha0.85_eps0.000424_T5000_k10_lr10.01_lr20.004_h100_ks40_202603262321_Details/worker_0_TimeAcc.png,plot_file,plot,,,,,,,False,1,93336,png
results/online_link_prediction/plots/202603301429_Batch_Output/Collab_FastPRB_alpha0.85_eps0.000424_T5000_k10_lr10.01_lr20.004_h100_ks40_202603262321_Details/worker_1_TimeAcc.png,plot_file,plot,,,,,,,False,1,93129,png
results/online_link_prediction/plots/202603301429_Batch_Output/Collab_FastPRB_alpha0.85_eps0.000424_T5000_k10_lr10.01_lr20.004_h100_ks40_202603262321_Details/worker_2_TimeAcc.png,plot_file,plot,,,,,,,False,1,94218,png
results/online_link_prediction/plots/202603301429_Batch_Output/Collab_FastPRB_alpha0.85_eps0.000424_T5000_k10_lr10.01_lr20.004_h100_ks40_202603262321_Details/worker_3_TimeAcc.png,plot_file,plot,,,,,,,False,1,95252,png
results/online_link_prediction/plots/202603301429_Batch_Output/Collab_FastPRB_alpha0.85_eps0.000424_T5000_k10_lr10.01_lr20.004_h100_ks40_202603262321_Details/worker_4_TimeAcc.png,plot_file,plot,,,,,,,False,1,91437,png
results/online_link_prediction/plots/202603301429_Batch_Output/Collab_FastPRB_alpha0.85_eps0.000424_T5000_k10_lr10.01_lr20.004_h100_ks40_202603262321_Details/worker_5_TimeAcc.png,plot_file,plot,,,,,,,False,1,90969,png
results/online_link_prediction/plots/202603301429_Batch_Output/Collab_FastPRB_alpha0.85_eps0.000424_T5000_k10_lr10.01_lr20.004_h100_ks40_202603262321_Details/worker_6_TimeAcc.png,plot_file,plot,,,,,,,False,1,92282,png
results/online_link_prediction/plots/202603301429_Batch_Output/Collab_FastPRB_alpha0.85_eps0.000424_T5000_k10_lr10.01_lr20.004_h100_ks40_202603262321_Details/worker_7_TimeAcc.png,plot_file,plot,,,,,,,False,1,94077,png
results/online_link_prediction/plots/202603301429_Batch_Output/Collab_FastPRB_alpha0.85_eps0.000424_T5000_k10_lr10.01_lr20.004_h100_ks40_202603262321_Details/worker_8_TimeAcc.png,plot_file,plot,,,,,,,False,1,95766,png
results/online_link_prediction/plots/202603301429_Batch_Output/Collab_FastPRB_alpha0.85_eps0.000424_T5000_k10_lr10.01_lr20.004_h100_ks40_202603262321_Details/worker_9_TimeAcc.png,plot_file,plot,,,,,,,False,1,95077,png
results/online_link_prediction/plots/202603301429_Batch_Output/Collab_FastPRB_alpha0.85_eps0.000424_T5000_lr10.01_lr20.004_h100_ks40_202603262012_Details/worker_0_TimeAcc.png,plot_file,plot,,,,,,,False,1,91757,png
results/online_link_prediction/plots/202603301429_Batch_Output/Collab_FastPRB_alpha0.85_eps0.000424_T5000_lr10.01_lr20.004_h100_ks40_202603262012_Details/worker_1_TimeAcc.png,plot_file,plot,,,,,,,False,1,91276,png
results/online_link_prediction/plots/202603301429_Batch_Output/Collab_FastPRB_alpha0.85_eps0.000424_T5000_lr10.01_lr20.004_h100_ks40_202603262012_Details/worker_2_TimeAcc.png,plot_file,plot,,,,,,,False,1,92686,png
results/online_link_prediction/plots/202603301429_Batch_Output/Collab_FastPRB_alpha0.85_eps0.000424_T5000_lr10.01_lr20.004_h100_ks40_202603262012_Details/worker_3_TimeAcc.png,plot_file,plot,,,,,,,False,1,93935,png
results/online_link_prediction/plots/202603301429_Batch_Output/Collab_FastPRB_alpha0.85_eps0.000424_T5000_lr10.01_lr20.004_h100_ks40_202603262012_Details/worker_4_TimeAcc.png,plot_file,plot,,,,,,,False,1,90074,png
results/online_link_prediction/plots/202603301429_Batch_Output/Collab_FastPRB_alpha0.85_eps0.000424_T5000_lr10.01_lr20.004_h100_ks40_202603262012_Details/worker_5_TimeAcc.png,plot_file,plot,,,,,,,False,1,92865,png
results/online_link_prediction/plots/202603301429_Batch_Output/Collab_FastPRB_alpha0.85_eps0.000424_T5000_lr10.01_lr20.004_h100_ks40_202603262012_Details/worker_6_TimeAcc.png,plot_file,plot,,,,,,,False,1,90727,png
results/online_link_prediction/plots/202603301429_Batch_Output/Collab_FastPRB_alpha0.85_eps0.000424_T5000_lr10.01_lr20.004_h100_ks40_202603262012_Details/worker_7_TimeAcc.png,plot_file,plot,,,,,,,False,1,92702,png
results/online_link_prediction/plots/202603301429_Batch_Output/Collab_FastPRB_alpha0.85_eps0.000424_T5000_lr10.01_lr20.004_h100_ks40_202603262012_Details/worker_8_TimeAcc.png,plot_file,plot,,,,,,,False,1,92781,png
results/online_link_prediction/plots/202603301429_Batch_Output/Collab_FastPRB_alpha0.85_eps0.000424_T5000_lr10.01_lr20.004_h100_ks40_202603262012_Details/worker_9_TimeAcc.png,plot_file,plot,,,,,,,False,1,93821,png
results/online_link_prediction/plots/202603301429_Batch_Output/Collab_FastPRB_alpha0.85_eps0.00424_T5000_k10_lr10.01_lr20.004_h100_ks40_202603262127_Details/worker_0_TimeAcc.png,plot_file,plot,,,,,,,False,1,96209,png
results/online_link_prediction/plots/202603301429_Batch_Output/Collab_FastPRB_alpha0.85_eps0.00424_T5000_k10_lr10.01_lr20.004_h100_ks40_202603262127_Details/worker_1_TimeAcc.png,plot_file,plot,,,,,,,False,1,96514,png
results/online_link_prediction/plots/202603301429_Batch_Output/Collab_FastPRB_alpha0.85_eps0.00424_T5000_k10_lr10.01_lr20.004_h100_ks40_202603262127_Details/worker_2_TimeAcc.png,plot_file,plot,,,,,,,False,1,95499,png
results/online_link_prediction/plots/202603301429_Batch_Output/Collab_FastPRB_alpha0.85_eps0.00424_T5000_k10_lr10.01_lr20.004_h100_ks40_202603262127_Details/worker_3_TimeAcc.png,plot_file,plot,,,,,,,False,1,95454,png
results/online_link_prediction/plots/202603301429_Batch_Output/Collab_FastPRB_alpha0.85_eps0.00424_T5000_k10_lr10.01_lr20.004_h100_ks40_202603262127_Details/worker_4_TimeAcc.png,plot_file,plot,,,,,,,False,1,96006,png
results/online_link_prediction/plots/202603301429_Batch_Output/Collab_FastPRB_alpha0.85_eps0.00424_T5000_k10_lr10.01_lr20.004_h100_ks40_202603262127_Details/worker_5_TimeAcc.png,plot_file,plot,,,,,,,False,1,102366,png
results/online_link_prediction/plots/202603301429_Batch_Output/Collab_FastPRB_alpha0.85_eps0.00424_T5000_k10_lr10.01_lr20.004_h100_ks40_202603262127_Details/worker_6_TimeAcc.png,plot_file,plot,,,,,,,False,1,99504,png
results/online_link_prediction/plots/202603301429_Batch_Output/Collab_FastPRB_alpha0.85_eps0.00424_T5000_k10_lr10.01_lr20.004_h100_ks40_202603262127_Details/worker_7_TimeAcc.png,plot_file,plot,,,,,,,False,1,101624,png
results/online_link_prediction/plots/202603301429_Batch_Output/Collab_FastPRB_alpha0.85_eps0.00424_T5000_k10_lr10.01_lr20.004_h100_ks40_202603262127_Details/worker_8_TimeAcc.png,plot_file,plot,,,,,,,False,1,95362,png
results/online_link_prediction/plots/202603301429_Batch_Output/Collab_FastPRB_alpha0.85_eps0.00424_T5000_k10_lr10.01_lr20.004_h100_ks40_202603262127_Details/worker_9_TimeAcc.png,plot_file,plot,,,,,,,False,1,98313,png
results/online_link_prediction/plots/202603301429_Batch_Output/Collab_FastPRB_alpha0.85_eps0.00424_T5000_k10_lr10.01_lr20.004_h100_ks40_202603262321_Details/worker_0_TimeAcc.png,plot_file,plot,,,,,,,False,1,93775,png
results/online_link_prediction/plots/202603301429_Batch_Output/Collab_FastPRB_alpha0.85_eps0.00424_T5000_k10_lr10.01_lr20.004_h100_ks40_202603262321_Details/worker_1_TimeAcc.png,plot_file,plot,,,,,,,False,1,94166,png
results/online_link_prediction/plots/202603301429_Batch_Output/Collab_FastPRB_alpha0.85_eps0.00424_T5000_k10_lr10.01_lr20.004_h100_ks40_202603262321_Details/worker_2_TimeAcc.png,plot_file,plot,,,,,,,False,1,93072,png
results/online_link_prediction/plots/202603301429_Batch_Output/Collab_FastPRB_alpha0.85_eps0.00424_T5000_k10_lr10.01_lr20.004_h100_ks40_202603262321_Details/worker_3_TimeAcc.png,plot_file,plot,,,,,,,False,1,92809,png
results/online_link_prediction/plots/202603301429_Batch_Output/Collab_FastPRB_alpha0.85_eps0.00424_T5000_k10_lr10.01_lr20.004_h100_ks40_202603262321_Details/worker_4_TimeAcc.png,plot_file,plot,,,,,,,False,1,93781,png
results/online_link_prediction/plots/202603301429_Batch_Output/Collab_FastPRB_alpha0.85_eps0.00424_T5000_k10_lr10.01_lr20.004_h100_ks40_202603262321_Details/worker_5_TimeAcc.png,plot_file,plot,,,,,,,False,1,99881,png
results/online_link_prediction/plots/202603301429_Batch_Output/Collab_FastPRB_alpha0.85_eps0.00424_T5000_k10_lr10.01_lr20.004_h100_ks40_202603262321_Details/worker_6_TimeAcc.png,plot_file,plot,,,,,,,False,1,96616,png
results/online_link_prediction/plots/202603301429_Batch_Output/Collab_FastPRB_alpha0.85_eps0.00424_T5000_k10_lr10.01_lr20.004_h100_ks40_202603262321_Details/worker_7_TimeAcc.png,plot_file,plot,,,,,,,False,1,99282,png
results/online_link_prediction/plots/202603301429_Batch_Output/Collab_FastPRB_alpha0.85_eps0.00424_T5000_k10_lr10.01_lr20.004_h100_ks40_202603262321_Details/worker_8_TimeAcc.png,plot_file,plot,,,,,,,False,1,93581,png
results/online_link_prediction/plots/202603301429_Batch_Output/Collab_FastPRB_alpha0.85_eps0.00424_T5000_k10_lr10.01_lr20.004_h100_ks40_202603262321_Details/worker_9_TimeAcc.png,plot_file,plot,,,,,,,False,1,95795,png
results/online_link_prediction/plots/202603301429_Batch_Output/Collab_FastPRB_alpha0.85_eps0.00424_T5000_k10_lr10.01_lr20.004_h100_ks40_202603271152_Details/worker_0_TimeAcc.png,plot_file,plot,,,,,,,False,1,94772,png
results/online_link_prediction/plots/202603301429_Batch_Output/Collab_FastPRB_alpha0.85_eps0.00424_T5000_k10_lr10.01_lr20.004_h100_ks40_202603271152_Details/worker_1_TimeAcc.png,plot_file,plot,,,,,,,False,1,96218,png
results/online_link_prediction/plots/202603301429_Batch_Output/Collab_FastPRB_alpha0.85_eps0.00424_T5000_k10_lr10.01_lr20.004_h100_ks40_202603271152_Details/worker_2_TimeAcc.png,plot_file,plot,,,,,,,False,1,96189,png
results/online_link_prediction/plots/202603301429_Batch_Output/Collab_FastPRB_alpha0.85_eps0.00424_T5000_k10_lr10.01_lr20.004_h100_ks40_202603271152_Details/worker_3_TimeAcc.png,plot_file,plot,,,,,,,False,1,95769,png
results/online_link_prediction/plots/202603301429_Batch_Output/Collab_FastPRB_alpha0.85_eps0.00424_T5000_k10_lr10.01_lr20.004_h100_ks40_202603271152_Details/worker_4_TimeAcc.png,plot_file,plot,,,,,,,False,1,93060,png
results/online_link_prediction/plots/202603301429_Batch_Output/Collab_FastPRB_alpha0.85_eps0.00424_T5000_k10_lr10.01_lr20.004_h100_ks40_202603271152_Details/worker_5_TimeAcc.png,plot_file,plot,,,,,,,False,1,101248,png
results/online_link_prediction/plots/202603301429_Batch_Output/Collab_FastPRB_alpha0.85_eps0.00424_T5000_k10_lr10.01_lr20.004_h100_ks40_202603271152_Details/worker_6_TimeAcc.png,plot_file,plot,,,,,,,False,1,96678,png
results/online_link_prediction/plots/202603301429_Batch_Output/Collab_FastPRB_alpha0.85_eps0.00424_T5000_k10_lr10.01_lr20.004_h100_ks40_202603271152_Details/worker_7_TimeAcc.png,plot_file,plot,,,,,,,False,1,99466,png
results/online_link_prediction/plots/202603301429_Batch_Output/Collab_FastPRB_alpha0.85_eps0.00424_T5000_k10_lr10.01_lr20.004_h100_ks40_202603271152_Details/worker_8_TimeAcc.png,plot_file,plot,,,,,,,False,1,93195,png
results/online_link_prediction/plots/202603301429_Batch_Output/Collab_FastPRB_alpha0.85_eps0.00424_T5000_k10_lr10.01_lr20.004_h100_ks40_202603271152_Details/worker_9_TimeAcc.png,plot_file,plot,,,,,,,False,1,97370,png
results/online_link_prediction/plots/202603301429_Batch_Output/Collab_FastPRB_alpha0.85_eps0.00424_T5000_k10_lr10.01_lr20.004_h100_ks40_202603271326_Details/worker_0_TimeAcc.png,plot_file,plot,,,,,,,False,1,93294,png
results/online_link_prediction/plots/202603301429_Batch_Output/Collab_FastPRB_alpha0.85_eps0.00424_T5000_k10_lr10.01_lr20.004_h100_ks40_202603271326_Details/worker_1_TimeAcc.png,plot_file,plot,,,,,,,False,1,94405,png
results/online_link_prediction/plots/202603301429_Batch_Output/Collab_FastPRB_alpha0.85_eps0.00424_T5000_k10_lr10.01_lr20.004_h100_ks40_202603271326_Details/worker_2_TimeAcc.png,plot_file,plot,,,,,,,False,1,92945,png
results/online_link_prediction/plots/202603301429_Batch_Output/Collab_FastPRB_alpha0.85_eps0.00424_T5000_k10_lr10.01_lr20.004_h100_ks40_202603271326_Details/worker_3_TimeAcc.png,plot_file,plot,,,,,,,False,1,93032,png
results/online_link_prediction/plots/202603301429_Batch_Output/Collab_FastPRB_alpha0.85_eps0.00424_T5000_k10_lr10.01_lr20.004_h100_ks40_202603271326_Details/worker_4_TimeAcc.png,plot_file,plot,,,,,,,False,1,93970,png
results/online_link_prediction/plots/202603301429_Batch_Output/Collab_FastPRB_alpha0.85_eps0.00424_T5000_k10_lr10.01_lr20.004_h100_ks40_202603271326_Details/worker_5_TimeAcc.png,plot_file,plot,,,,,,,False,1,100412,png
results/online_link_prediction/plots/202603301429_Batch_Output/Collab_FastPRB_alpha0.85_eps0.00424_T5000_k10_lr10.01_lr20.004_h100_ks40_202603271326_Details/worker_6_TimeAcc.png,plot_file,plot,,,,,,,False,1,96624,png
results/online_link_prediction/plots/202603301429_Batch_Output/Collab_FastPRB_alpha0.85_eps0.00424_T5000_k10_lr10.01_lr20.004_h100_ks40_202603271326_Details/worker_7_TimeAcc.png,plot_file,plot,,,,,,,False,1,100574,png
results/online_link_prediction/plots/202603301429_Batch_Output/Collab_FastPRB_alpha0.85_eps0.00424_T5000_k10_lr10.01_lr20.004_h100_ks40_202603271326_Details/worker_8_TimeAcc.png,plot_file,plot,,,,,,,False,1,92349,png
results/online_link_prediction/plots/202603301429_Batch_Output/Collab_FastPRB_alpha0.85_eps0.00424_T5000_k10_lr10.01_lr20.004_h100_ks40_202603271326_Details/worker_9_TimeAcc.png,plot_file,plot,,,,,,,False,1,96390,png
results/online_link_prediction/plots/202603301429_Batch_Output/Collab_FastPRB_alpha0.85_eps0.00424_T5000_k10_lr10.01_lr20.004_h100_ks40_202603271327_Details/worker_0_TimeAcc.png,plot_file,plot,,,,,,,False,1,93445,png
results/online_link_prediction/plots/202603301429_Batch_Output/Collab_FastPRB_alpha0.85_eps0.00424_T5000_k10_lr10.01_lr20.004_h100_ks40_202603271327_Details/worker_1_TimeAcc.png,plot_file,plot,,,,,,,False,1,93623,png
results/online_link_prediction/plots/202603301429_Batch_Output/Collab_FastPRB_alpha0.85_eps0.00424_T5000_k10_lr10.01_lr20.004_h100_ks40_202603271327_Details/worker_2_TimeAcc.png,plot_file,plot,,,,,,,False,1,93501,png
results/online_link_prediction/plots/202603301429_Batch_Output/Collab_FastPRB_alpha0.85_eps0.00424_T5000_k10_lr10.01_lr20.004_h100_ks40_202603271327_Details/worker_3_TimeAcc.png,plot_file,plot,,,,,,,False,1,94896,png
results/online_link_prediction/plots/202603301429_Batch_Output/Collab_FastPRB_alpha0.85_eps0.00424_T5000_k10_lr10.01_lr20.004_h100_ks40_202603271327_Details/worker_4_TimeAcc.png,plot_file,plot,,,,,,,False,1,95935,png
results/online_link_prediction/plots/202603301429_Batch_Output/Collab_FastPRB_alpha0.85_eps0.00424_T5000_k10_lr10.01_lr20.004_h100_ks40_202603271327_Details/worker_5_TimeAcc.png,plot_file,plot,,,,,,,False,1,101380,png
results/online_link_prediction/plots/202603301429_Batch_Output/Collab_FastPRB_alpha0.85_eps0.00424_T5000_k10_lr10.01_lr20.004_h100_ks40_202603271327_Details/worker_6_TimeAcc.png,plot_file,plot,,,,,,,False,1,97789,png
results/online_link_prediction/plots/202603301429_Batch_Output/Collab_FastPRB_alpha0.85_eps0.00424_T5000_k10_lr10.01_lr20.004_h100_ks40_202603271327_Details/worker_7_TimeAcc.png,plot_file,plot,,,,,,,False,1,99604,png
results/online_link_prediction/plots/202603301429_Batch_Output/Collab_FastPRB_alpha0.85_eps0.00424_T5000_k10_lr10.01_lr20.004_h100_ks40_202603271327_Details/worker_8_TimeAcc.png,plot_file,plot,,,,,,,False,1,93239,png
results/online_link_prediction/plots/202603301429_Batch_Output/Collab_FastPRB_alpha0.85_eps0.00424_T5000_k10_lr10.01_lr20.004_h100_ks40_202603271327_Details/worker_9_TimeAcc.png,plot_file,plot,,,,,,,False,1,96571,png
results/online_link_prediction/plots/202603301429_Batch_Output/Collab_FastPRB_alpha0.85_eps0.00424_T5000_lr10.01_lr20.004_h100_ks40_202603262012_Details/worker_0_TimeAcc.png,plot_file,plot,,,,,,,False,1,92349,png
results/online_link_prediction/plots/202603301429_Batch_Output/Collab_FastPRB_alpha0.85_eps0.00424_T5000_lr10.01_lr20.004_h100_ks40_202603262012_Details/worker_1_TimeAcc.png,plot_file,plot,,,,,,,False,1,92338,png
results/online_link_prediction/plots/202603301429_Batch_Output/Collab_FastPRB_alpha0.85_eps0.00424_T5000_lr10.01_lr20.004_h100_ks40_202603262012_Details/worker_2_TimeAcc.png,plot_file,plot,,,,,,,False,1,91202,png
results/online_link_prediction/plots/202603301429_Batch_Output/Collab_FastPRB_alpha0.85_eps0.00424_T5000_lr10.01_lr20.004_h100_ks40_202603262012_Details/worker_3_TimeAcc.png,plot_file,plot,,,,,,,False,1,92009,png
results/online_link_prediction/plots/202603301429_Batch_Output/Collab_FastPRB_alpha0.85_eps0.00424_T5000_lr10.01_lr20.004_h100_ks40_202603262012_Details/worker_4_TimeAcc.png,plot_file,plot,,,,,,,False,1,92099,png
results/online_link_prediction/plots/202603301429_Batch_Output/Collab_FastPRB_alpha0.85_eps0.00424_T5000_lr10.01_lr20.004_h100_ks40_202603262012_Details/worker_5_TimeAcc.png,plot_file,plot,,,,,,,False,1,98063,png
results/online_link_prediction/plots/202603301429_Batch_Output/Collab_FastPRB_alpha0.85_eps0.00424_T5000_lr10.01_lr20.004_h100_ks40_202603262012_Details/worker_6_TimeAcc.png,plot_file,plot,,,,,,,False,1,94722,png
results/online_link_prediction/plots/202603301429_Batch_Output/Collab_FastPRB_alpha0.85_eps0.00424_T5000_lr10.01_lr20.004_h100_ks40_202603262012_Details/worker_7_TimeAcc.png,plot_file,plot,,,,,,,False,1,96986,png
results/online_link_prediction/plots/202603301429_Batch_Output/Collab_FastPRB_alpha0.85_eps0.00424_T5000_lr10.01_lr20.004_h100_ks40_202603262012_Details/worker_8_TimeAcc.png,plot_file,plot,,,,,,,False,1,90803,png
results/online_link_prediction/plots/202603301429_Batch_Output/Collab_FastPRB_alpha0.85_eps0.00424_T5000_lr10.01_lr20.004_h100_ks40_202603262012_Details/worker_9_TimeAcc.png,plot_file,plot,,,,,,,False,1,94081,png
results/online_link_prediction/plots/202603301429_Batch_Output/Collab_FastPRB_alpha0.85_eps0.0424_T5000_k10_lr10.01_lr20.004_h100_ks40_202603262126_Details/worker_0_TimeAcc.png,plot_file,plot,,,,,,,False,1,87624,png
results/online_link_prediction/plots/202603301429_Batch_Output/Collab_FastPRB_alpha0.85_eps0.0424_T5000_k10_lr10.01_lr20.004_h100_ks40_202603262126_Details/worker_1_TimeAcc.png,plot_file,plot,,,,,,,False,1,98443,png
results/online_link_prediction/plots/202603301429_Batch_Output/Collab_FastPRB_alpha0.85_eps0.0424_T5000_k10_lr10.01_lr20.004_h100_ks40_202603262126_Details/worker_2_TimeAcc.png,plot_file,plot,,,,,,,False,1,101549,png
results/online_link_prediction/plots/202603301429_Batch_Output/Collab_FastPRB_alpha0.85_eps0.0424_T5000_k10_lr10.01_lr20.004_h100_ks40_202603262126_Details/worker_3_TimeAcc.png,plot_file,plot,,,,,,,False,1,92476,png
results/online_link_prediction/plots/202603301429_Batch_Output/Collab_FastPRB_alpha0.85_eps0.0424_T5000_k10_lr10.01_lr20.004_h100_ks40_202603262126_Details/worker_4_TimeAcc.png,plot_file,plot,,,,,,,False,1,88871,png
results/online_link_prediction/plots/202603301429_Batch_Output/Collab_FastPRB_alpha0.85_eps0.0424_T5000_k10_lr10.01_lr20.004_h100_ks40_202603262126_Details/worker_5_TimeAcc.png,plot_file,plot,,,,,,,False,1,83345,png
results/online_link_prediction/plots/202603301429_Batch_Output/Collab_FastPRB_alpha0.85_eps0.0424_T5000_k10_lr10.01_lr20.004_h100_ks40_202603262126_Details/worker_6_TimeAcc.png,plot_file,plot,,,,,,,False,1,90188,png
results/online_link_prediction/plots/202603301429_Batch_Output/Collab_FastPRB_alpha0.85_eps0.0424_T5000_k10_lr10.01_lr20.004_h100_ks40_202603262126_Details/worker_7_TimeAcc.png,plot_file,plot,,,,,,,False,1,97508,png
results/online_link_prediction/plots/202603301429_Batch_Output/Collab_FastPRB_alpha0.85_eps0.0424_T5000_k10_lr10.01_lr20.004_h100_ks40_202603262126_Details/worker_8_TimeAcc.png,plot_file,plot,,,,,,,False,1,85982,png
results/online_link_prediction/plots/202603301429_Batch_Output/Collab_FastPRB_alpha0.85_eps0.0424_T5000_k10_lr10.01_lr20.004_h100_ks40_202603262126_Details/worker_9_TimeAcc.png,plot_file,plot,,,,,,,False,1,98343,png
results/online_link_prediction/plots/202603301429_Batch_Output/Collab_FastPRB_alpha0.85_eps0.0424_T5000_k10_lr10.01_lr20.004_h100_ks40_202603262208_Details/worker_0_TimeAcc.png,plot_file,plot,,,,,,,False,1,90600,png
results/online_link_prediction/plots/202603301429_Batch_Output/Collab_FastPRB_alpha0.85_eps0.0424_T5000_k10_lr10.01_lr20.004_h100_ks40_202603262208_Details/worker_1_TimeAcc.png,plot_file,plot,,,,,,,False,1,101275,png
results/online_link_prediction/plots/202603301429_Batch_Output/Collab_FastPRB_alpha0.85_eps0.0424_T5000_k10_lr10.01_lr20.004_h100_ks40_202603262208_Details/worker_2_TimeAcc.png,plot_file,plot,,,,,,,False,1,104839,png
results/online_link_prediction/plots/202603301429_Batch_Output/Collab_FastPRB_alpha0.85_eps0.0424_T5000_k10_lr10.01_lr20.004_h100_ks40_202603262208_Details/worker_3_TimeAcc.png,plot_file,plot,,,,,,,False,1,95395,png
results/online_link_prediction/plots/202603301429_Batch_Output/Collab_FastPRB_alpha0.85_eps0.0424_T5000_k10_lr10.01_lr20.004_h100_ks40_202603262208_Details/worker_4_TimeAcc.png,plot_file,plot,,,,,,,False,1,91633,png
results/online_link_prediction/plots/202603301429_Batch_Output/Collab_FastPRB_alpha0.85_eps0.0424_T5000_k10_lr10.01_lr20.004_h100_ks40_202603262208_Details/worker_5_TimeAcc.png,plot_file,plot,,,,,,,False,1,86477,png
results/online_link_prediction/plots/202603301429_Batch_Output/Collab_FastPRB_alpha0.85_eps0.0424_T5000_k10_lr10.01_lr20.004_h100_ks40_202603262208_Details/worker_6_TimeAcc.png,plot_file,plot,,,,,,,False,1,94162,png
results/online_link_prediction/plots/202603301429_Batch_Output/Collab_FastPRB_alpha0.85_eps0.0424_T5000_k10_lr10.01_lr20.004_h100_ks40_202603262208_Details/worker_7_TimeAcc.png,plot_file,plot,,,,,,,False,1,100783,png
results/online_link_prediction/plots/202603301429_Batch_Output/Collab_FastPRB_alpha0.85_eps0.0424_T5000_k10_lr10.01_lr20.004_h100_ks40_202603262208_Details/worker_8_TimeAcc.png,plot_file,plot,,,,,,,False,1,89929,png
results/online_link_prediction/plots/202603301429_Batch_Output/Collab_FastPRB_alpha0.85_eps0.0424_T5000_k10_lr10.01_lr20.004_h100_ks40_202603262208_Details/worker_9_TimeAcc.png,plot_file,plot,,,,,,,False,1,102128,png
results/online_link_prediction/plots/202603301429_Batch_Output/Collab_FastPRB_alpha0.85_eps0.0424_T5000_k10_lr10.01_lr20.004_h100_ks40_202603262252_Details/worker_0_TimeAcc.png,plot_file,plot,,,,,,,False,1,90794,png
results/online_link_prediction/plots/202603301429_Batch_Output/Collab_FastPRB_alpha0.85_eps0.0424_T5000_k10_lr10.01_lr20.004_h100_ks40_202603262252_Details/worker_1_TimeAcc.png,plot_file,plot,,,,,,,False,1,101264,png
results/online_link_prediction/plots/202603301429_Batch_Output/Collab_FastPRB_alpha0.85_eps0.0424_T5000_k10_lr10.01_lr20.004_h100_ks40_202603262252_Details/worker_2_TimeAcc.png,plot_file,plot,,,,,,,False,1,103413,png
results/online_link_prediction/plots/202603301429_Batch_Output/Collab_FastPRB_alpha0.85_eps0.0424_T5000_k10_lr10.01_lr20.004_h100_ks40_202603262252_Details/worker_3_TimeAcc.png,plot_file,plot,,,,,,,False,1,94745,png
results/online_link_prediction/plots/202603301429_Batch_Output/Collab_FastPRB_alpha0.85_eps0.0424_T5000_k10_lr10.01_lr20.004_h100_ks40_202603262252_Details/worker_4_TimeAcc.png,plot_file,plot,,,,,,,False,1,91182,png
results/online_link_prediction/plots/202603301429_Batch_Output/Collab_FastPRB_alpha0.85_eps0.0424_T5000_k10_lr10.01_lr20.004_h100_ks40_202603262252_Details/worker_5_TimeAcc.png,plot_file,plot,,,,,,,False,1,85394,png
results/online_link_prediction/plots/202603301429_Batch_Output/Collab_FastPRB_alpha0.85_eps0.0424_T5000_k10_lr10.01_lr20.004_h100_ks40_202603262252_Details/worker_6_TimeAcc.png,plot_file,plot,,,,,,,False,1,93280,png
results/online_link_prediction/plots/202603301429_Batch_Output/Collab_FastPRB_alpha0.85_eps0.0424_T5000_k10_lr10.01_lr20.004_h100_ks40_202603262252_Details/worker_7_TimeAcc.png,plot_file,plot,,,,,,,False,1,100047,png
results/online_link_prediction/plots/202603301429_Batch_Output/Collab_FastPRB_alpha0.85_eps0.0424_T5000_k10_lr10.01_lr20.004_h100_ks40_202603262252_Details/worker_8_TimeAcc.png,plot_file,plot,,,,,,,False,1,88405,png
results/online_link_prediction/plots/202603301429_Batch_Output/Collab_FastPRB_alpha0.85_eps0.0424_T5000_k10_lr10.01_lr20.004_h100_ks40_202603262252_Details/worker_9_TimeAcc.png,plot_file,plot,,,,,,,False,1,100212,png
results/online_link_prediction/plots/202603301429_Batch_Output/Collab_FastPRB_alpha0.85_eps0.0424_T5000_lr10.01_lr20.004_h100_ks40_202603262012_Details/worker_0_TimeAcc.png,plot_file,plot,,,,,,,False,1,87329,png
results/online_link_prediction/plots/202603301429_Batch_Output/Collab_FastPRB_alpha0.85_eps0.0424_T5000_lr10.01_lr20.004_h100_ks40_202603262012_Details/worker_1_TimeAcc.png,plot_file,plot,,,,,,,False,1,98439,png
results/online_link_prediction/plots/202603301429_Batch_Output/Collab_FastPRB_alpha0.85_eps0.0424_T5000_lr10.01_lr20.004_h100_ks40_202603262012_Details/worker_2_TimeAcc.png,plot_file,plot,,,,,,,False,1,101479,png
results/online_link_prediction/plots/202603301429_Batch_Output/Collab_FastPRB_alpha0.85_eps0.0424_T5000_lr10.01_lr20.004_h100_ks40_202603262012_Details/worker_3_TimeAcc.png,plot_file,plot,,,,,,,False,1,92310,png
results/online_link_prediction/plots/202603301429_Batch_Output/Collab_FastPRB_alpha0.85_eps0.0424_T5000_lr10.01_lr20.004_h100_ks40_202603262012_Details/worker_4_TimeAcc.png,plot_file,plot,,,,,,,False,1,88281,png
results/online_link_prediction/plots/202603301429_Batch_Output/Collab_FastPRB_alpha0.85_eps0.0424_T5000_lr10.01_lr20.004_h100_ks40_202603262012_Details/worker_5_TimeAcc.png,plot_file,plot,,,,,,,False,1,83024,png
results/online_link_prediction/plots/202603301429_Batch_Output/Collab_FastPRB_alpha0.85_eps0.0424_T5000_lr10.01_lr20.004_h100_ks40_202603262012_Details/worker_6_TimeAcc.png,plot_file,plot,,,,,,,False,1,90860,png
results/online_link_prediction/plots/202603301429_Batch_Output/Collab_FastPRB_alpha0.85_eps0.0424_T5000_lr10.01_lr20.004_h100_ks40_202603262012_Details/worker_7_TimeAcc.png,plot_file,plot,,,,,,,False,1,97537,png
results/online_link_prediction/plots/202603301429_Batch_Output/Collab_FastPRB_alpha0.85_eps0.0424_T5000_lr10.01_lr20.004_h100_ks40_202603262012_Details/worker_8_TimeAcc.png,plot_file,plot,,,,,,,False,1,86069,png
results/online_link_prediction/plots/202603301429_Batch_Output/Collab_FastPRB_alpha0.85_eps0.0424_T5000_lr10.01_lr20.004_h100_ks40_202603262012_Details/worker_9_TimeAcc.png,plot_file,plot,,,,,,,False,1,97979,png
results/online_link_prediction/plots/202603301429_Batch_Output/Collab_FastPRB_alpha0.85_eps4.24e-05_T5000_k10_lr10.01_lr20.004_h100_ks40_202603262209_Details/worker_0_TimeAcc.png,plot_file,plot,,,,,,,False,1,95854,png
results/online_link_prediction/plots/202603301429_Batch_Output/Collab_FastPRB_alpha0.85_eps4.24e-05_T5000_k10_lr10.01_lr20.004_h100_ks40_202603262209_Details/worker_1_TimeAcc.png,plot_file,plot,,,,,,,False,1,91707,png
results/online_link_prediction/plots/202603301429_Batch_Output/Collab_FastPRB_alpha0.85_eps4.24e-05_T5000_k10_lr10.01_lr20.004_h100_ks40_202603262209_Details/worker_2_TimeAcc.png,plot_file,plot,,,,,,,False,1,96470,png
results/online_link_prediction/plots/202603301429_Batch_Output/Collab_FastPRB_alpha0.85_eps4.24e-05_T5000_k10_lr10.01_lr20.004_h100_ks40_202603262209_Details/worker_3_TimeAcc.png,plot_file,plot,,,,,,,False,1,98112,png
results/online_link_prediction/plots/202603301429_Batch_Output/Collab_FastPRB_alpha0.85_eps4.24e-05_T5000_k10_lr10.01_lr20.004_h100_ks40_202603262209_Details/worker_4_TimeAcc.png,plot_file,plot,,,,,,,False,1,96140,png
results/online_link_prediction/plots/202603301429_Batch_Output/Collab_FastPRB_alpha0.85_eps4.24e-05_T5000_k10_lr10.01_lr20.004_h100_ks40_202603262209_Details/worker_5_TimeAcc.png,plot_file,plot,,,,,,,False,1,99839,png
results/online_link_prediction/plots/202603301429_Batch_Output/Collab_FastPRB_alpha0.85_eps4.24e-05_T5000_k10_lr10.01_lr20.004_h100_ks40_202603262209_Details/worker_6_TimeAcc.png,plot_file,plot,,,,,,,False,1,95932,png
results/online_link_prediction/plots/202603301429_Batch_Output/Collab_FastPRB_alpha0.85_eps4.24e-05_T5000_k10_lr10.01_lr20.004_h100_ks40_202603262209_Details/worker_7_TimeAcc.png,plot_file,plot,,,,,,,False,1,98467,png
results/online_link_prediction/plots/202603301429_Batch_Output/Collab_FastPRB_alpha0.85_eps4.24e-05_T5000_k10_lr10.01_lr20.004_h100_ks40_202603262209_Details/worker_8_TimeAcc.png,plot_file,plot,,,,,,,False,1,94555,png
results/online_link_prediction/plots/202603301429_Batch_Output/Collab_FastPRB_alpha0.85_eps4.24e-05_T5000_k10_lr10.01_lr20.004_h100_ks40_202603262209_Details/worker_9_TimeAcc.png,plot_file,plot,,,,,,,False,1,97541,png
results/online_link_prediction/plots/202603301429_Batch_Output/Collab_FastPRB_alpha0.85_eps4.24e-05_T5000_k10_lr10.01_lr20.004_h100_ks40_202603262321_Details/worker_0_TimeAcc.png,plot_file,plot,,,,,,,False,1,93087,png
results/online_link_prediction/plots/202603301429_Batch_Output/Collab_FastPRB_alpha0.85_eps4.24e-05_T5000_k10_lr10.01_lr20.004_h100_ks40_202603262321_Details/worker_1_TimeAcc.png,plot_file,plot,,,,,,,False,1,89584,png
results/online_link_prediction/plots/202603301429_Batch_Output/Collab_FastPRB_alpha0.85_eps4.24e-05_T5000_k10_lr10.01_lr20.004_h100_ks40_202603262321_Details/worker_2_TimeAcc.png,plot_file,plot,,,,,,,False,1,94419,png
results/online_link_prediction/plots/202603301429_Batch_Output/Collab_FastPRB_alpha0.85_eps4.24e-05_T5000_k10_lr10.01_lr20.004_h100_ks40_202603262321_Details/worker_3_TimeAcc.png,plot_file,plot,,,,,,,False,1,95477,png
results/online_link_prediction/plots/202603301429_Batch_Output/Collab_FastPRB_alpha0.85_eps4.24e-05_T5000_k10_lr10.01_lr20.004_h100_ks40_202603262321_Details/worker_4_TimeAcc.png,plot_file,plot,,,,,,,False,1,93996,png
results/online_link_prediction/plots/202603301429_Batch_Output/Collab_FastPRB_alpha0.85_eps4.24e-05_T5000_k10_lr10.01_lr20.004_h100_ks40_202603262321_Details/worker_5_TimeAcc.png,plot_file,plot,,,,,,,False,1,97452,png
results/online_link_prediction/plots/202603301429_Batch_Output/Collab_FastPRB_alpha0.85_eps4.24e-05_T5000_k10_lr10.01_lr20.004_h100_ks40_202603262321_Details/worker_6_TimeAcc.png,plot_file,plot,,,,,,,False,1,93805,png
results/online_link_prediction/plots/202603301429_Batch_Output/Collab_FastPRB_alpha0.85_eps4.24e-05_T5000_k10_lr10.01_lr20.004_h100_ks40_202603262321_Details/worker_7_TimeAcc.png,plot_file,plot,,,,,,,False,1,95391,png
results/online_link_prediction/plots/202603301429_Batch_Output/Collab_FastPRB_alpha0.85_eps4.24e-05_T5000_k10_lr10.01_lr20.004_h100_ks40_202603262321_Details/worker_8_TimeAcc.png,plot_file,plot,,,,,,,False,1,92645,png
results/online_link_prediction/plots/202603301429_Batch_Output/Collab_FastPRB_alpha0.85_eps4.24e-05_T5000_k10_lr10.01_lr20.004_h100_ks40_202603262321_Details/worker_9_TimeAcc.png,plot_file,plot,,,,,,,False,1,95631,png
results/online_link_prediction/plots/202603301429_Batch_Output/Collab_FastPRB_alpha0.85_eps4.24e-05_T5000_lr10.01_lr20.004_h100_ks40_202603262013_Details/worker_0_TimeAcc.png,plot_file,plot,,,,,,,False,1,91724,png
results/online_link_prediction/plots/202603301429_Batch_Output/Collab_FastPRB_alpha0.85_eps4.24e-05_T5000_lr10.01_lr20.004_h100_ks40_202603262013_Details/worker_1_TimeAcc.png,plot_file,plot,,,,,,,False,1,87807,png
results/online_link_prediction/plots/202603301429_Batch_Output/Collab_FastPRB_alpha0.85_eps4.24e-05_T5000_lr10.01_lr20.004_h100_ks40_202603262013_Details/worker_2_TimeAcc.png,plot_file,plot,,,,,,,False,1,92635,png
results/online_link_prediction/plots/202603301429_Batch_Output/Collab_FastPRB_alpha0.85_eps4.24e-05_T5000_lr10.01_lr20.004_h100_ks40_202603262013_Details/worker_3_TimeAcc.png,plot_file,plot,,,,,,,False,1,93779,png
results/online_link_prediction/plots/202603301429_Batch_Output/Collab_FastPRB_alpha0.85_eps4.24e-05_T5000_lr10.01_lr20.004_h100_ks40_202603262013_Details/worker_4_TimeAcc.png,plot_file,plot,,,,,,,False,1,91790,png
results/online_link_prediction/plots/202603301429_Batch_Output/Collab_FastPRB_alpha0.85_eps4.24e-05_T5000_lr10.01_lr20.004_h100_ks40_202603262013_Details/worker_5_TimeAcc.png,plot_file,plot,,,,,,,False,1,96014,png
results/online_link_prediction/plots/202603301429_Batch_Output/Collab_FastPRB_alpha0.85_eps4.24e-05_T5000_lr10.01_lr20.004_h100_ks40_202603262013_Details/worker_6_TimeAcc.png,plot_file,plot,,,,,,,False,1,92042,png
results/online_link_prediction/plots/202603301429_Batch_Output/Collab_FastPRB_alpha0.85_eps4.24e-05_T5000_lr10.01_lr20.004_h100_ks40_202603262013_Details/worker_7_TimeAcc.png,plot_file,plot,,,,,,,False,1,94097,png
results/online_link_prediction/plots/202603301429_Batch_Output/Collab_FastPRB_alpha0.85_eps4.24e-05_T5000_lr10.01_lr20.004_h100_ks40_202603262013_Details/worker_8_TimeAcc.png,plot_file,plot,,,,,,,False,1,90985,png
results/online_link_prediction/plots/202603301429_Batch_Output/Collab_FastPRB_alpha0.85_eps4.24e-05_T5000_lr10.01_lr20.004_h100_ks40_202603262013_Details/worker_9_TimeAcc.png,plot_file,plot,,,,,,,False,1,93242,png
results/online_link_prediction/plots/202603301429_Batch_Output/Collab_FastPRB_alpha0.85_eps4.24e-06_T5000_k10_lr10.01_lr20.004_h100_ks40_202603270208_Details/worker_0_TimeAcc.png,plot_file,plot,,,,,,,False,1,95898,png
results/online_link_prediction/plots/202603301429_Batch_Output/Collab_FastPRB_alpha0.85_eps4.24e-06_T5000_k10_lr10.01_lr20.004_h100_ks40_202603270208_Details/worker_1_TimeAcc.png,plot_file,plot,,,,,,,False,1,94021,png
results/online_link_prediction/plots/202603301429_Batch_Output/Collab_FastPRB_alpha0.85_eps4.24e-06_T5000_k10_lr10.01_lr20.004_h100_ks40_202603270208_Details/worker_2_TimeAcc.png,plot_file,plot,,,,,,,False,1,95215,png
results/online_link_prediction/plots/202603301429_Batch_Output/Collab_FastPRB_alpha0.85_eps4.24e-06_T5000_k10_lr10.01_lr20.004_h100_ks40_202603270208_Details/worker_3_TimeAcc.png,plot_file,plot,,,,,,,False,1,93818,png
results/online_link_prediction/plots/202603301429_Batch_Output/Collab_FastPRB_alpha0.85_eps4.24e-06_T5000_k10_lr10.01_lr20.004_h100_ks40_202603270208_Details/worker_4_TimeAcc.png,plot_file,plot,,,,,,,False,1,97745,png
results/online_link_prediction/plots/202603301429_Batch_Output/Collab_FastPRB_alpha0.85_eps4.24e-06_T5000_k10_lr10.01_lr20.004_h100_ks40_202603270208_Details/worker_5_TimeAcc.png,plot_file,plot,,,,,,,False,1,97012,png
results/online_link_prediction/plots/202603301429_Batch_Output/Collab_FastPRB_alpha0.85_eps4.24e-06_T5000_k10_lr10.01_lr20.004_h100_ks40_202603270208_Details/worker_6_TimeAcc.png,plot_file,plot,,,,,,,False,1,97443,png
results/online_link_prediction/plots/202603301429_Batch_Output/Collab_FastPRB_alpha0.85_eps4.24e-06_T5000_k10_lr10.01_lr20.004_h100_ks40_202603270208_Details/worker_7_TimeAcc.png,plot_file,plot,,,,,,,False,1,94890,png
results/online_link_prediction/plots/202603301429_Batch_Output/Collab_FastPRB_alpha0.85_eps4.24e-06_T5000_k10_lr10.01_lr20.004_h100_ks40_202603270208_Details/worker_8_TimeAcc.png,plot_file,plot,,,,,,,False,1,95378,png
results/online_link_prediction/plots/202603301429_Batch_Output/Collab_FastPRB_alpha0.85_eps4.24e-06_T5000_k10_lr10.01_lr20.004_h100_ks40_202603270208_Details/worker_9_TimeAcc.png,plot_file,plot,,,,,,,False,1,98075,png
results/online_link_prediction/plots/202603301429_Batch_Output/Collab_FastPRB_alpha0.85_eps4.24e-06_T5000_k10_lr10.01_lr20.004_h100_ks40_202603280035_Details/worker_0_TimeAcc.png,plot_file,plot,,,,,,,False,1,93904,png
results/online_link_prediction/plots/202603301429_Batch_Output/Collab_FastPRB_alpha0.85_eps4.24e-06_T5000_k10_lr10.01_lr20.004_h100_ks40_202603280035_Details/worker_1_TimeAcc.png,plot_file,plot,,,,,,,False,1,92446,png
results/online_link_prediction/plots/202603301429_Batch_Output/Collab_FastPRB_alpha0.85_eps4.24e-06_T5000_k10_lr10.01_lr20.004_h100_ks40_202603280035_Details/worker_2_TimeAcc.png,plot_file,plot,,,,,,,False,1,94178,png
results/online_link_prediction/plots/202603301429_Batch_Output/Collab_FastPRB_alpha0.85_eps4.24e-06_T5000_k10_lr10.01_lr20.004_h100_ks40_202603280035_Details/worker_3_TimeAcc.png,plot_file,plot,,,,,,,False,1,92594,png
results/online_link_prediction/plots/202603301429_Batch_Output/Collab_FastPRB_alpha0.85_eps4.24e-06_T5000_k10_lr10.01_lr20.004_h100_ks40_202603280035_Details/worker_4_TimeAcc.png,plot_file,plot,,,,,,,False,1,96200,png
results/online_link_prediction/plots/202603301429_Batch_Output/Collab_FastPRB_alpha0.85_eps4.24e-06_T5000_k10_lr10.01_lr20.004_h100_ks40_202603280035_Details/worker_5_TimeAcc.png,plot_file,plot,,,,,,,False,1,93404,png
results/online_link_prediction/plots/202603301429_Batch_Output/Collab_FastPRB_alpha0.85_eps4.24e-06_T5000_k10_lr10.01_lr20.004_h100_ks40_202603280035_Details/worker_6_TimeAcc.png,plot_file,plot,,,,,,,False,1,95458,png
results/online_link_prediction/plots/202603301429_Batch_Output/Collab_FastPRB_alpha0.85_eps4.24e-06_T5000_k10_lr10.01_lr20.004_h100_ks40_202603280035_Details/worker_7_TimeAcc.png,plot_file,plot,,,,,,,False,1,93410,png
results/online_link_prediction/plots/202603301429_Batch_Output/Collab_FastPRB_alpha0.85_eps4.24e-06_T5000_k10_lr10.01_lr20.004_h100_ks40_202603280035_Details/worker_8_TimeAcc.png,plot_file,plot,,,,,,,False,1,94514,png
results/online_link_prediction/plots/202603301429_Batch_Output/Collab_FastPRB_alpha0.85_eps4.24e-06_T5000_k10_lr10.01_lr20.004_h100_ks40_202603280035_Details/worker_9_TimeAcc.png,plot_file,plot,,,,,,,False,1,96350,png
results/online_link_prediction/plots/202603301429_Batch_Output/Collab_FastPRB_alpha0.85_eps4.24e-06_T5000_lr10.01_lr20.004_h100_ks40_202603250052_Details/worker_0_TimeAcc.png,plot_file,plot,,,,,,,False,1,92832,png
results/online_link_prediction/plots/202603301429_Batch_Output/Collab_FastPRB_alpha0.85_eps4.24e-06_T5000_lr10.01_lr20.004_h100_ks40_202603250052_Details/worker_1_TimeAcc.png,plot_file,plot,,,,,,,False,1,91883,png
results/online_link_prediction/plots/202603301429_Batch_Output/Collab_FastPRB_alpha0.85_eps4.24e-06_T5000_lr10.01_lr20.004_h100_ks40_202603250052_Details/worker_2_TimeAcc.png,plot_file,plot,,,,,,,False,1,93525,png
results/online_link_prediction/plots/202603301429_Batch_Output/Collab_FastPRB_alpha0.85_eps4.24e-06_T5000_lr10.01_lr20.004_h100_ks40_202603250052_Details/worker_3_TimeAcc.png,plot_file,plot,,,,,,,False,1,92040,png
results/online_link_prediction/plots/202603301429_Batch_Output/Collab_FastPRB_alpha0.85_eps4.24e-06_T5000_lr10.01_lr20.004_h100_ks40_202603250052_Details/worker_4_TimeAcc.png,plot_file,plot,,,,,,,False,1,96076,png
results/online_link_prediction/plots/202603301429_Batch_Output/Collab_FastPRB_alpha0.85_eps4.24e-06_T5000_lr10.01_lr20.004_h100_ks40_202603250052_Details/worker_5_TimeAcc.png,plot_file,plot,,,,,,,False,1,95522,png
results/online_link_prediction/plots/202603301429_Batch_Output/Collab_FastPRB_alpha0.85_eps4.24e-06_T5000_lr10.01_lr20.004_h100_ks40_202603250052_Details/worker_6_TimeAcc.png,plot_file,plot,,,,,,,False,1,94779,png
results/online_link_prediction/plots/202603301429_Batch_Output/Collab_FastPRB_alpha0.85_eps4.24e-06_T5000_lr10.01_lr20.004_h100_ks40_202603250052_Details/worker_7_TimeAcc.png,plot_file,plot,,,,,,,False,1,92544,png
results/online_link_prediction/plots/202603301429_Batch_Output/Collab_FastPRB_alpha0.85_eps4.24e-06_T5000_lr10.01_lr20.004_h100_ks40_202603250052_Details/worker_8_TimeAcc.png,plot_file,plot,,,,,,,False,1,93975,png
results/online_link_prediction/plots/202603301429_Batch_Output/Collab_FastPRB_alpha0.85_eps4.24e-06_T5000_lr10.01_lr20.004_h100_ks40_202603250052_Details/worker_9_TimeAcc.png,plot_file,plot,,,,,,,False,1,95351,png
results/online_link_prediction/plots/202603301429_Batch_Output/Collab_FastPRB_alpha0.85_eps4.24e-06_T5000_lr10.01_lr20.004_h100_ks40_202603262013_Details/worker_0_TimeAcc.png,plot_file,plot,,,,,,,False,1,92605,png
results/online_link_prediction/plots/202603301429_Batch_Output/Collab_FastPRB_alpha0.85_eps4.24e-06_T5000_lr10.01_lr20.004_h100_ks40_202603262013_Details/worker_1_TimeAcc.png,plot_file,plot,,,,,,,False,1,91262,png
results/online_link_prediction/plots/202603301429_Batch_Output/Collab_FastPRB_alpha0.85_eps4.24e-06_T5000_lr10.01_lr20.004_h100_ks40_202603262013_Details/worker_2_TimeAcc.png,plot_file,plot,,,,,,,False,1,92945,png
results/online_link_prediction/plots/202603301429_Batch_Output/Collab_FastPRB_alpha0.85_eps4.24e-06_T5000_lr10.01_lr20.004_h100_ks40_202603262013_Details/worker_3_TimeAcc.png,plot_file,plot,,,,,,,False,1,91499,png
results/online_link_prediction/plots/202603301429_Batch_Output/Collab_FastPRB_alpha0.85_eps4.24e-06_T5000_lr10.01_lr20.004_h100_ks40_202603262013_Details/worker_4_TimeAcc.png,plot_file,plot,,,,,,,False,1,95198,png
results/online_link_prediction/plots/202603301429_Batch_Output/Collab_FastPRB_alpha0.85_eps4.24e-06_T5000_lr10.01_lr20.004_h100_ks40_202603262013_Details/worker_5_TimeAcc.png,plot_file,plot,,,,,,,False,1,94437,png
results/online_link_prediction/plots/202603301429_Batch_Output/Collab_FastPRB_alpha0.85_eps4.24e-06_T5000_lr10.01_lr20.004_h100_ks40_202603262013_Details/worker_6_TimeAcc.png,plot_file,plot,,,,,,,False,1,94742,png
results/online_link_prediction/plots/202603301429_Batch_Output/Collab_FastPRB_alpha0.85_eps4.24e-06_T5000_lr10.01_lr20.004_h100_ks40_202603262013_Details/worker_7_TimeAcc.png,plot_file,plot,,,,,,,False,1,91750,png
results/online_link_prediction/plots/202603301429_Batch_Output/Collab_FastPRB_alpha0.85_eps4.24e-06_T5000_lr10.01_lr20.004_h100_ks40_202603262013_Details/worker_8_TimeAcc.png,plot_file,plot,,,,,,,False,1,93231,png
results/online_link_prediction/plots/202603301429_Batch_Output/Collab_FastPRB_alpha0.85_eps4.24e-06_T5000_lr10.01_lr20.004_h100_ks40_202603262013_Details/worker_9_TimeAcc.png,plot_file,plot,,,,,,,False,1,95320,png
results/online_link_prediction/plots/202603301429_Batch_Output/Collab_FastPRB_alpha0.85_eps4.24e-07_T5000_k10_lr10.01_lr20.004_h100_ks40_202603270208_Details/worker_0_TimeAcc.png,plot_file,plot,,,,,,,False,1,94663,png
results/online_link_prediction/plots/202603301429_Batch_Output/Collab_FastPRB_alpha0.85_eps4.24e-07_T5000_k10_lr10.01_lr20.004_h100_ks40_202603270208_Details/worker_1_TimeAcc.png,plot_file,plot,,,,,,,False,1,91662,png
results/online_link_prediction/plots/202603301429_Batch_Output/Collab_FastPRB_alpha0.85_eps4.24e-07_T5000_k10_lr10.01_lr20.004_h100_ks40_202603270208_Details/worker_2_TimeAcc.png,plot_file,plot,,,,,,,False,1,96308,png
results/online_link_prediction/plots/202603301429_Batch_Output/Collab_FastPRB_alpha0.85_eps4.24e-07_T5000_k10_lr10.01_lr20.004_h100_ks40_202603270208_Details/worker_3_TimeAcc.png,plot_file,plot,,,,,,,False,1,95849,png
results/online_link_prediction/plots/202603301429_Batch_Output/Collab_FastPRB_alpha0.85_eps4.24e-07_T5000_k10_lr10.01_lr20.004_h100_ks40_202603270208_Details/worker_4_TimeAcc.png,plot_file,plot,,,,,,,False,1,98740,png
results/online_link_prediction/plots/202603301429_Batch_Output/Collab_FastPRB_alpha0.85_eps4.24e-07_T5000_k10_lr10.01_lr20.004_h100_ks40_202603270208_Details/worker_5_TimeAcc.png,plot_file,plot,,,,,,,False,1,95153,png
results/online_link_prediction/plots/202603301429_Batch_Output/Collab_FastPRB_alpha0.85_eps4.24e-07_T5000_k10_lr10.01_lr20.004_h100_ks40_202603270208_Details/worker_6_TimeAcc.png,plot_file,plot,,,,,,,False,1,95842,png
results/online_link_prediction/plots/202603301429_Batch_Output/Collab_FastPRB_alpha0.85_eps4.24e-07_T5000_k10_lr10.01_lr20.004_h100_ks40_202603270208_Details/worker_7_TimeAcc.png,plot_file,plot,,,,,,,False,1,95434,png
results/online_link_prediction/plots/202603301429_Batch_Output/Collab_FastPRB_alpha0.85_eps4.24e-07_T5000_k10_lr10.01_lr20.004_h100_ks40_202603270208_Details/worker_8_TimeAcc.png,plot_file,plot,,,,,,,False,1,100420,png
results/online_link_prediction/plots/202603301429_Batch_Output/Collab_FastPRB_alpha0.85_eps4.24e-07_T5000_k10_lr10.01_lr20.004_h100_ks40_202603270208_Details/worker_9_TimeAcc.png,plot_file,plot,,,,,,,False,1,98388,png
results/online_link_prediction/plots/202603301429_Batch_Output/Collab_FastPRB_alpha0.85_eps4.24e-07_T5000_lr10.01_lr20.004_h100_ks40_202603262013_Details/worker_0_TimeAcc.png,plot_file,plot,,,,,,,False,1,91516,png
results/online_link_prediction/plots/202603301429_Batch_Output/Collab_FastPRB_alpha0.85_eps4.24e-07_T5000_lr10.01_lr20.004_h100_ks40_202603262013_Details/worker_1_TimeAcc.png,plot_file,plot,,,,,,,False,1,87580,png
results/online_link_prediction/plots/202603301429_Batch_Output/Collab_FastPRB_alpha0.85_eps4.24e-07_T5000_lr10.01_lr20.004_h100_ks40_202603262013_Details/worker_2_TimeAcc.png,plot_file,plot,,,,,,,False,1,92815,png
results/online_link_prediction/plots/202603301429_Batch_Output/Collab_FastPRB_alpha0.85_eps4.24e-07_T5000_lr10.01_lr20.004_h100_ks40_202603262013_Details/worker_3_TimeAcc.png,plot_file,plot,,,,,,,False,1,92622,png
results/online_link_prediction/plots/202603301429_Batch_Output/Collab_FastPRB_alpha0.85_eps4.24e-07_T5000_lr10.01_lr20.004_h100_ks40_202603262013_Details/worker_4_TimeAcc.png,plot_file,plot,,,,,,,False,1,94386,png
results/online_link_prediction/plots/202603301429_Batch_Output/Collab_FastPRB_alpha0.85_eps4.24e-07_T5000_lr10.01_lr20.004_h100_ks40_202603262013_Details/worker_5_TimeAcc.png,plot_file,plot,,,,,,,False,1,91576,png
results/online_link_prediction/plots/202603301429_Batch_Output/Collab_FastPRB_alpha0.85_eps4.24e-07_T5000_lr10.01_lr20.004_h100_ks40_202603262013_Details/worker_6_TimeAcc.png,plot_file,plot,,,,,,,False,1,92970,png
results/online_link_prediction/plots/202603301429_Batch_Output/Collab_FastPRB_alpha0.85_eps4.24e-07_T5000_lr10.01_lr20.004_h100_ks40_202603262013_Details/worker_7_TimeAcc.png,plot_file,plot,,,,,,,False,1,92257,png
results/online_link_prediction/plots/202603301429_Batch_Output/Collab_FastPRB_alpha0.85_eps4.24e-07_T5000_lr10.01_lr20.004_h100_ks40_202603262013_Details/worker_8_TimeAcc.png,plot_file,plot,,,,,,,False,1,97375,png
results/online_link_prediction/plots/202603301429_Batch_Output/Collab_FastPRB_alpha0.85_eps4.24e-07_T5000_lr10.01_lr20.004_h100_ks40_202603262013_Details/worker_9_TimeAcc.png,plot_file,plot,,,,,,,False,1,94364,png
results/online_link_prediction/plots/202603301429_Batch_Output/ogbl-Collab_Regret_vs_Rounds.pdf,plot_file,plot,,,,,,,False,1,35570,pdf
results/online_link_prediction/plots/202603301429_Batch_Output/ogbl-Collab_Regret_vs_Rounds.png,plot_file,plot,,,,,,,False,1,387802,png
results/online_link_prediction/plots/202603301520_Batch_Output/Collab_PRB_alpha0.85_powT50_T5000_lr10.01_lr20.004_h100_ks40_202603250055_Details/worker_0_TimeAcc.png,plot_file,plot,,,,,,,False,1,93411,png
results/online_link_prediction/plots/202603301520_Batch_Output/Collab_PRB_alpha0.85_powT50_T5000_lr10.01_lr20.004_h100_ks40_202603250055_Details/worker_1_TimeAcc.png,plot_file,plot,,,,,,,False,1,89640,png
results/online_link_prediction/plots/202603301520_Batch_Output/Collab_PRB_alpha0.85_powT50_T5000_lr10.01_lr20.004_h100_ks40_202603250055_Details/worker_2_TimeAcc.png,plot_file,plot,,,,,,,False,1,95029,png
results/online_link_prediction/plots/202603301520_Batch_Output/Collab_PRB_alpha0.85_powT50_T5000_lr10.01_lr20.004_h100_ks40_202603250055_Details/worker_3_TimeAcc.png,plot_file,plot,,,,,,,False,1,94288,png
results/online_link_prediction/plots/202603301520_Batch_Output/Collab_PRB_alpha0.85_powT50_T5000_lr10.01_lr20.004_h100_ks40_202603250055_Details/worker_4_TimeAcc.png,plot_file,plot,,,,,,,False,1,97892,png
results/online_link_prediction/plots/202603301520_Batch_Output/Collab_PRB_alpha0.85_powT50_T5000_lr10.01_lr20.004_h100_ks40_202603250055_Details/worker_5_TimeAcc.png,plot_file,plot,,,,,,,False,1,94223,png
results/online_link_prediction/plots/202603301520_Batch_Output/Collab_PRB_alpha0.85_powT50_T5000_lr10.01_lr20.004_h100_ks40_202603250055_Details/worker_6_TimeAcc.png,plot_file,plot,,,,,,,False,1,94614,png
results/online_link_prediction/plots/202603301520_Batch_Output/Collab_PRB_alpha0.85_powT50_T5000_lr10.01_lr20.004_h100_ks40_202603250055_Details/worker_7_TimeAcc.png,plot_file,plot,,,,,,,False,1,93769,png
results/online_link_prediction/plots/202603301520_Batch_Output/Collab_PRB_alpha0.85_powT50_T5000_lr10.01_lr20.004_h100_ks40_202603250055_Details/worker_8_TimeAcc.png,plot_file,plot,,,,,,,False,1,99709,png
results/online_link_prediction/plots/202603301520_Batch_Output/Collab_PRB_alpha0.85_powT50_T5000_lr10.01_lr20.004_h100_ks40_202603250055_Details/worker_9_TimeAcc.png,plot_file,plot,,,,,,,False,1,96945,png
results/online_link_prediction/plots/202603301520_Batch_Output/ogbl-Collab_Regret_vs_Rounds.pdf,plot_file,plot,,,,,,,False,1,16685,pdf
results/online_link_prediction/plots/202603301520_Batch_Output/ogbl-Collab_Regret_vs_Rounds.png,plot_file,plot,,,,,,,False,1,234465,png
results/online_link_prediction/plots/202603301521_Batch_Output/Collab_PRB_alpha0.85_powT50_T5000_lr10.01_lr20.004_h100_ks40_202603250055_Details/worker_0_TimeAcc.png,plot_file,plot,,,,,,,False,1,93411,png
results/online_link_prediction/plots/202603301521_Batch_Output/Collab_PRB_alpha0.85_powT50_T5000_lr10.01_lr20.004_h100_ks40_202603250055_Details/worker_1_TimeAcc.png,plot_file,plot,,,,,,,False,1,89640,png
results/online_link_prediction/plots/202603301521_Batch_Output/Collab_PRB_alpha0.85_powT50_T5000_lr10.01_lr20.004_h100_ks40_202603250055_Details/worker_2_TimeAcc.png,plot_file,plot,,,,,,,False,1,95029,png
results/online_link_prediction/plots/202603301521_Batch_Output/Collab_PRB_alpha0.85_powT50_T5000_lr10.01_lr20.004_h100_ks40_202603250055_Details/worker_3_TimeAcc.png,plot_file,plot,,,,,,,False,1,94288,png
results/online_link_prediction/plots/202603301521_Batch_Output/Collab_PRB_alpha0.85_powT50_T5000_lr10.01_lr20.004_h100_ks40_202603250055_Details/worker_4_TimeAcc.png,plot_file,plot,,,,,,,False,1,97892,png
results/online_link_prediction/plots/202603301521_Batch_Output/Collab_PRB_alpha0.85_powT50_T5000_lr10.01_lr20.004_h100_ks40_202603250055_Details/worker_5_TimeAcc.png,plot_file,plot,,,,,,,False,1,94223,png
results/online_link_prediction/plots/202603301521_Batch_Output/Collab_PRB_alpha0.85_powT50_T5000_lr10.01_lr20.004_h100_ks40_202603250055_Details/worker_6_TimeAcc.png,plot_file,plot,,,,,,,False,1,94614,png
results/online_link_prediction/plots/202603301521_Batch_Output/Collab_PRB_alpha0.85_powT50_T5000_lr10.01_lr20.004_h100_ks40_202603250055_Details/worker_7_TimeAcc.png,plot_file,plot,,,,,,,False,1,93769,png
results/online_link_prediction/plots/202603301521_Batch_Output/Collab_PRB_alpha0.85_powT50_T5000_lr10.01_lr20.004_h100_ks40_202603250055_Details/worker_8_TimeAcc.png,plot_file,plot,,,,,,,False,1,99709,png
results/online_link_prediction/plots/202603301521_Batch_Output/Collab_PRB_alpha0.85_powT50_T5000_lr10.01_lr20.004_h100_ks40_202603250055_Details/worker_9_TimeAcc.png,plot_file,plot,,,,,,,False,1,96945,png
results/online_link_prediction/plots/202603301521_Batch_Output/Collab_PRB_alpha0.85_powT50_T5000_lr10.01_lr20.004_h100_ks40_202603260000_Details/worker_0_TimeAcc.png,plot_file,plot,,,,,,,False,1,90431,png
results/online_link_prediction/plots/202603301521_Batch_Output/Collab_PRB_alpha0.85_powT50_T5000_lr10.01_lr20.004_h100_ks40_202603260000_Details/worker_1_TimeAcc.png,plot_file,plot,,,,,,,False,1,87303,png
results/online_link_prediction/plots/202603301521_Batch_Output/Collab_PRB_alpha0.85_powT50_T5000_lr10.01_lr20.004_h100_ks40_202603260000_Details/worker_2_TimeAcc.png,plot_file,plot,,,,,,,False,1,92117,png
results/online_link_prediction/plots/202603301521_Batch_Output/Collab_PRB_alpha0.85_powT50_T5000_lr10.01_lr20.004_h100_ks40_202603260000_Details/worker_3_TimeAcc.png,plot_file,plot,,,,,,,False,1,91556,png
results/online_link_prediction/plots/202603301521_Batch_Output/Collab_PRB_alpha0.85_powT50_T5000_lr10.01_lr20.004_h100_ks40_202603260000_Details/worker_4_TimeAcc.png,plot_file,plot,,,,,,,False,1,95085,png
results/online_link_prediction/plots/202603301521_Batch_Output/Collab_PRB_alpha0.85_powT50_T5000_lr10.01_lr20.004_h100_ks40_202603260000_Details/worker_5_TimeAcc.png,plot_file,plot,,,,,,,False,1,91356,png
results/online_link_prediction/plots/202603301521_Batch_Output/Collab_PRB_alpha0.85_powT50_T5000_lr10.01_lr20.004_h100_ks40_202603260000_Details/worker_6_TimeAcc.png,plot_file,plot,,,,,,,False,1,91898,png
results/online_link_prediction/plots/202603301521_Batch_Output/Collab_PRB_alpha0.85_powT50_T5000_lr10.01_lr20.004_h100_ks40_202603260000_Details/worker_7_TimeAcc.png,plot_file,plot,,,,,,,False,1,91054,png
results/online_link_prediction/plots/202603301521_Batch_Output/Collab_PRB_alpha0.85_powT50_T5000_lr10.01_lr20.004_h100_ks40_202603260000_Details/worker_8_TimeAcc.png,plot_file,plot,,,,,,,False,1,97073,png
results/online_link_prediction/plots/202603301521_Batch_Output/Collab_PRB_alpha0.85_powT50_T5000_lr10.01_lr20.004_h100_ks40_202603260000_Details/worker_9_TimeAcc.png,plot_file,plot,,,,,,,False,1,94203,png
results/online_link_prediction/plots/202603301521_Batch_Output/ogbl-Collab_Regret_vs_Rounds.pdf,plot_file,plot,,,,,,,False,1,16822,pdf
results/online_link_prediction/plots/202603301521_Batch_Output/ogbl-Collab_Regret_vs_Rounds.png,plot_file,plot,,,,,,,False,1,239373,png
results/online_link_prediction/plots/202603301923_Batch_Output/MovieLens_FastPRB_alpha0.85_eps8.33e-05_T10000_lr10.0073_lr20.0004_202601282237_Details/worker_0_TimeAcc.png,plot_file,plot,,,,,,,False,1,85583,png
results/online_link_prediction/plots/202603301923_Batch_Output/MovieLens_FastPRB_alpha0.85_eps8.33e-05_T10000_lr10.0073_lr20.0004_202601282237_Details/worker_1_TimeAcc.png,plot_file,plot,,,,,,,False,1,81371,png
results/online_link_prediction/plots/202603301923_Batch_Output/MovieLens_FastPRB_alpha0.85_eps8.33e-05_T10000_lr10.0073_lr20.0004_202601282237_Details/worker_2_TimeAcc.png,plot_file,plot,,,,,,,False,1,82214,png
results/online_link_prediction/plots/202603301923_Batch_Output/MovieLens_FastPRB_alpha0.85_eps8.33e-05_T10000_lr10.0073_lr20.0004_202601282237_Details/worker_3_TimeAcc.png,plot_file,plot,,,,,,,False,1,84571,png
results/online_link_prediction/plots/202603301923_Batch_Output/MovieLens_FastPRB_alpha0.85_eps8.33e-05_T10000_lr10.0073_lr20.0004_202601282237_Details/worker_4_TimeAcc.png,plot_file,plot,,,,,,,False,1,84352,png
results/online_link_prediction/plots/202603301923_Batch_Output/MovieLens_FastPRB_alpha0.85_eps8.33e-05_T10000_lr10.0073_lr20.0004_202601282237_Details/worker_5_TimeAcc.png,plot_file,plot,,,,,,,False,1,84964,png
results/online_link_prediction/plots/202603301923_Batch_Output/MovieLens_FastPRB_alpha0.85_eps8.33e-05_T10000_lr10.0073_lr20.0004_202601282237_Details/worker_6_TimeAcc.png,plot_file,plot,,,,,,,False,1,83655,png
results/online_link_prediction/plots/202603301923_Batch_Output/MovieLens_FastPRB_alpha0.85_eps8.33e-05_T10000_lr10.0073_lr20.0004_202601282237_Details/worker_7_TimeAcc.png,plot_file,plot,,,,,,,False,1,82815,png
results/online_link_prediction/plots/202603301923_Batch_Output/MovieLens_FastPRB_alpha0.85_eps8.33e-05_T10000_lr10.0073_lr20.0004_202601282237_Details/worker_8_TimeAcc.png,plot_file,plot,,,,,,,False,1,81153,png
results/online_link_prediction/plots/202603301923_Batch_Output/MovieLens_FastPRB_alpha0.85_eps8.33e-05_T10000_lr10.0073_lr20.0004_202601282237_Details/worker_9_TimeAcc.png,plot_file,plot,,,,,,,False,1,83543,png
results/online_link_prediction/plots/202603301923_Batch_Output/MovieLens_PRB_alpha0.85_powT50_T10000_lr10.0073_lr20.0004_202601290025_Details/worker_0_TimeAcc.png,plot_file,plot,,,,,,,False,1,87238,png
results/online_link_prediction/plots/202603301923_Batch_Output/MovieLens_PRB_alpha0.85_powT50_T10000_lr10.0073_lr20.0004_202601290025_Details/worker_1_TimeAcc.png,plot_file,plot,,,,,,,False,1,84347,png
results/online_link_prediction/plots/202603301923_Batch_Output/MovieLens_PRB_alpha0.85_powT50_T10000_lr10.0073_lr20.0004_202601290025_Details/worker_2_TimeAcc.png,plot_file,plot,,,,,,,False,1,84831,png
results/online_link_prediction/plots/202603301923_Batch_Output/MovieLens_PRB_alpha0.85_powT50_T10000_lr10.0073_lr20.0004_202601290025_Details/worker_3_TimeAcc.png,plot_file,plot,,,,,,,False,1,87256,png
results/online_link_prediction/plots/202603301923_Batch_Output/MovieLens_PRB_alpha0.85_powT50_T10000_lr10.0073_lr20.0004_202601290025_Details/worker_4_TimeAcc.png,plot_file,plot,,,,,,,False,1,85822,png
results/online_link_prediction/plots/202603301923_Batch_Output/MovieLens_PRB_alpha0.85_powT50_T10000_lr10.0073_lr20.0004_202601290025_Details/worker_5_TimeAcc.png,plot_file,plot,,,,,,,False,1,87495,png
results/online_link_prediction/plots/202603301923_Batch_Output/MovieLens_PRB_alpha0.85_powT50_T10000_lr10.0073_lr20.0004_202601290025_Details/worker_6_TimeAcc.png,plot_file,plot,,,,,,,False,1,85981,png
results/online_link_prediction/plots/202603301923_Batch_Output/MovieLens_PRB_alpha0.85_powT50_T10000_lr10.0073_lr20.0004_202601290025_Details/worker_7_TimeAcc.png,plot_file,plot,,,,,,,False,1,84233,png
results/online_link_prediction/plots/202603301923_Batch_Output/MovieLens_PRB_alpha0.85_powT50_T10000_lr10.0073_lr20.0004_202601290025_Details/worker_8_TimeAcc.png,plot_file,plot,,,,,,,False,1,82057,png
results/online_link_prediction/plots/202603301923_Batch_Output/MovieLens_PRB_alpha0.85_powT50_T10000_lr10.0073_lr20.0004_202601290025_Details/worker_9_TimeAcc.png,plot_file,plot,,,,,,,False,1,86067,png
results/online_link_prediction/plots/202603301923_Batch_Output/MovieLens_Regret_vs_Rounds.pdf,plot_file,plot,,,,,,,False,1,16170,pdf
results/online_link_prediction/plots/202603301923_Batch_Output/MovieLens_Regret_vs_Rounds.png,plot_file,plot,,,,,,,False,1,243215,png
results/online_link_prediction/plots/202603301923_Batch_Output/MovieLens_Regret_vs_Time.pdf,plot_file,plot,,,,,,,False,1,28160,pdf
results/online_link_prediction/plots/202603301923_Batch_Output/MovieLens_Regret_vs_Time.png,plot_file,plot,,,,,,,False,1,279900,png
results/online_link_prediction/plots/202603301927_Batch_Output/MovieLens_FastPRB_alpha0.85_eps8.33e-05_T10000_lr10.0073_lr20.0004_202601282237_Details/worker_0_TimeAcc.png,plot_file,plot,,,,,,,False,1,85583,png
results/online_link_prediction/plots/202603301927_Batch_Output/MovieLens_FastPRB_alpha0.85_eps8.33e-05_T10000_lr10.0073_lr20.0004_202601282237_Details/worker_1_TimeAcc.png,plot_file,plot,,,,,,,False,1,81371,png
results/online_link_prediction/plots/202603301927_Batch_Output/MovieLens_FastPRB_alpha0.85_eps8.33e-05_T10000_lr10.0073_lr20.0004_202601282237_Details/worker_2_TimeAcc.png,plot_file,plot,,,,,,,False,1,82214,png
results/online_link_prediction/plots/202603301927_Batch_Output/MovieLens_FastPRB_alpha0.85_eps8.33e-05_T10000_lr10.0073_lr20.0004_202601282237_Details/worker_3_TimeAcc.png,plot_file,plot,,,,,,,False,1,84571,png
results/online_link_prediction/plots/202603301927_Batch_Output/MovieLens_FastPRB_alpha0.85_eps8.33e-05_T10000_lr10.0073_lr20.0004_202601282237_Details/worker_4_TimeAcc.png,plot_file,plot,,,,,,,False,1,84352,png
results/online_link_prediction/plots/202603301927_Batch_Output/MovieLens_FastPRB_alpha0.85_eps8.33e-05_T10000_lr10.0073_lr20.0004_202601282237_Details/worker_5_TimeAcc.png,plot_file,plot,,,,,,,False,1,84964,png
results/online_link_prediction/plots/202603301927_Batch_Output/MovieLens_FastPRB_alpha0.85_eps8.33e-05_T10000_lr10.0073_lr20.0004_202601282237_Details/worker_6_TimeAcc.png,plot_file,plot,,,,,,,False,1,83655,png
results/online_link_prediction/plots/202603301927_Batch_Output/MovieLens_FastPRB_alpha0.85_eps8.33e-05_T10000_lr10.0073_lr20.0004_202601282237_Details/worker_7_TimeAcc.png,plot_file,plot,,,,,,,False,1,82815,png
results/online_link_prediction/plots/202603301927_Batch_Output/MovieLens_FastPRB_alpha0.85_eps8.33e-05_T10000_lr10.0073_lr20.0004_202601282237_Details/worker_8_TimeAcc.png,plot_file,plot,,,,,,,False,1,81153,png
results/online_link_prediction/plots/202603301927_Batch_Output/MovieLens_FastPRB_alpha0.85_eps8.33e-05_T10000_lr10.0073_lr20.0004_202601282237_Details/worker_9_TimeAcc.png,plot_file,plot,,,,,,,False,1,83543,png
results/online_link_prediction/plots/202603301927_Batch_Output/MovieLens_PRB_alpha0.85_powT50_T10000_lr10.0073_lr20.0004_202601290025_Details/worker_0_TimeAcc.png,plot_file,plot,,,,,,,False,1,87238,png
results/online_link_prediction/plots/202603301927_Batch_Output/MovieLens_PRB_alpha0.85_powT50_T10000_lr10.0073_lr20.0004_202601290025_Details/worker_1_TimeAcc.png,plot_file,plot,,,,,,,False,1,84347,png
results/online_link_prediction/plots/202603301927_Batch_Output/MovieLens_PRB_alpha0.85_powT50_T10000_lr10.0073_lr20.0004_202601290025_Details/worker_2_TimeAcc.png,plot_file,plot,,,,,,,False,1,84831,png
results/online_link_prediction/plots/202603301927_Batch_Output/MovieLens_PRB_alpha0.85_powT50_T10000_lr10.0073_lr20.0004_202601290025_Details/worker_3_TimeAcc.png,plot_file,plot,,,,,,,False,1,87256,png
results/online_link_prediction/plots/202603301927_Batch_Output/MovieLens_PRB_alpha0.85_powT50_T10000_lr10.0073_lr20.0004_202601290025_Details/worker_4_TimeAcc.png,plot_file,plot,,,,,,,False,1,85822,png
results/online_link_prediction/plots/202603301927_Batch_Output/MovieLens_PRB_alpha0.85_powT50_T10000_lr10.0073_lr20.0004_202601290025_Details/worker_5_TimeAcc.png,plot_file,plot,,,,,,,False,1,87495,png
results/online_link_prediction/plots/202603301927_Batch_Output/MovieLens_PRB_alpha0.85_powT50_T10000_lr10.0073_lr20.0004_202601290025_Details/worker_6_TimeAcc.png,plot_file,plot,,,,,,,False,1,85981,png
results/online_link_prediction/plots/202603301927_Batch_Output/MovieLens_PRB_alpha0.85_powT50_T10000_lr10.0073_lr20.0004_202601290025_Details/worker_7_TimeAcc.png,plot_file,plot,,,,,,,False,1,84233,png
results/online_link_prediction/plots/202603301927_Batch_Output/MovieLens_PRB_alpha0.85_powT50_T10000_lr10.0073_lr20.0004_202601290025_Details/worker_8_TimeAcc.png,plot_file,plot,,,,,,,False,1,82057,png
results/online_link_prediction/plots/202603301927_Batch_Output/MovieLens_PRB_alpha0.85_powT50_T10000_lr10.0073_lr20.0004_202601290025_Details/worker_9_TimeAcc.png,plot_file,plot,,,,,,,False,1,86067,png
results/online_link_prediction/plots/202603301927_Batch_Output/MovieLens_Regret_vs_Rounds.pdf,plot_file,plot,,,,,,,False,1,16170,pdf
results/online_link_prediction/plots/202603301927_Batch_Output/MovieLens_Regret_vs_Rounds.png,plot_file,plot,,,,,,,False,1,243215,png
results/online_link_prediction/plots/202603301927_Batch_Output/MovieLens_Regret_vs_Time.pdf,plot_file,plot,,,,,,,False,1,28160,pdf
results/online_link_prediction/plots/202603301927_Batch_Output/MovieLens_Regret_vs_Time.png,plot_file,plot,,,,,,,False,1,279900,png
results/online_link_prediction/plots/202603301935_Batch_Output/MovieLens_FastPRB_alpha0.85_eps8.33e-05_T10000_lr10.0073_lr20.0004_202601282237_Details/worker_0_TimeAcc.png,plot_file,plot,,,,,,,False,1,85583,png
results/online_link_prediction/plots/202603301935_Batch_Output/MovieLens_FastPRB_alpha0.85_eps8.33e-05_T10000_lr10.0073_lr20.0004_202601282237_Details/worker_1_TimeAcc.png,plot_file,plot,,,,,,,False,1,81371,png
results/online_link_prediction/plots/202603301935_Batch_Output/MovieLens_FastPRB_alpha0.85_eps8.33e-05_T10000_lr10.0073_lr20.0004_202601282237_Details/worker_2_TimeAcc.png,plot_file,plot,,,,,,,False,1,82214,png
results/online_link_prediction/plots/202603301935_Batch_Output/MovieLens_FastPRB_alpha0.85_eps8.33e-05_T10000_lr10.0073_lr20.0004_202601282237_Details/worker_3_TimeAcc.png,plot_file,plot,,,,,,,False,1,84571,png
results/online_link_prediction/plots/202603301935_Batch_Output/MovieLens_FastPRB_alpha0.85_eps8.33e-05_T10000_lr10.0073_lr20.0004_202601282237_Details/worker_4_TimeAcc.png,plot_file,plot,,,,,,,False,1,84352,png
results/online_link_prediction/plots/202603301935_Batch_Output/MovieLens_FastPRB_alpha0.85_eps8.33e-05_T10000_lr10.0073_lr20.0004_202601282237_Details/worker_5_TimeAcc.png,plot_file,plot,,,,,,,False,1,84964,png
results/online_link_prediction/plots/202603301935_Batch_Output/MovieLens_FastPRB_alpha0.85_eps8.33e-05_T10000_lr10.0073_lr20.0004_202601282237_Details/worker_6_TimeAcc.png,plot_file,plot,,,,,,,False,1,83655,png
results/online_link_prediction/plots/202603301935_Batch_Output/MovieLens_FastPRB_alpha0.85_eps8.33e-05_T10000_lr10.0073_lr20.0004_202601282237_Details/worker_7_TimeAcc.png,plot_file,plot,,,,,,,False,1,82815,png
results/online_link_prediction/plots/202603301935_Batch_Output/MovieLens_FastPRB_alpha0.85_eps8.33e-05_T10000_lr10.0073_lr20.0004_202601282237_Details/worker_8_TimeAcc.png,plot_file,plot,,,,,,,False,1,81153,png
results/online_link_prediction/plots/202603301935_Batch_Output/MovieLens_FastPRB_alpha0.85_eps8.33e-05_T10000_lr10.0073_lr20.0004_202601282237_Details/worker_9_TimeAcc.png,plot_file,plot,,,,,,,False,1,83543,png
results/online_link_prediction/plots/202603301935_Batch_Output/MovieLens_PRB_alpha0.85_powT50_T10000_lr10.0073_lr20.0004_202601290025_Details/worker_0_TimeAcc.png,plot_file,plot,,,,,,,False,1,87238,png
results/online_link_prediction/plots/202603301935_Batch_Output/MovieLens_PRB_alpha0.85_powT50_T10000_lr10.0073_lr20.0004_202601290025_Details/worker_1_TimeAcc.png,plot_file,plot,,,,,,,False,1,84347,png
results/online_link_prediction/plots/202603301935_Batch_Output/MovieLens_PRB_alpha0.85_powT50_T10000_lr10.0073_lr20.0004_202601290025_Details/worker_2_TimeAcc.png,plot_file,plot,,,,,,,False,1,84831,png
results/online_link_prediction/plots/202603301935_Batch_Output/MovieLens_PRB_alpha0.85_powT50_T10000_lr10.0073_lr20.0004_202601290025_Details/worker_3_TimeAcc.png,plot_file,plot,,,,,,,False,1,87256,png
results/online_link_prediction/plots/202603301935_Batch_Output/MovieLens_PRB_alpha0.85_powT50_T10000_lr10.0073_lr20.0004_202601290025_Details/worker_4_TimeAcc.png,plot_file,plot,,,,,,,False,1,85822,png
results/online_link_prediction/plots/202603301935_Batch_Output/MovieLens_PRB_alpha0.85_powT50_T10000_lr10.0073_lr20.0004_202601290025_Details/worker_5_TimeAcc.png,plot_file,plot,,,,,,,False,1,87495,png
results/online_link_prediction/plots/202603301935_Batch_Output/MovieLens_PRB_alpha0.85_powT50_T10000_lr10.0073_lr20.0004_202601290025_Details/worker_6_TimeAcc.png,plot_file,plot,,,,,,,False,1,85981,png
results/online_link_prediction/plots/202603301935_Batch_Output/MovieLens_PRB_alpha0.85_powT50_T10000_lr10.0073_lr20.0004_202601290025_Details/worker_7_TimeAcc.png,plot_file,plot,,,,,,,False,1,84233,png
results/online_link_prediction/plots/202603301935_Batch_Output/MovieLens_PRB_alpha0.85_powT50_T10000_lr10.0073_lr20.0004_202601290025_Details/worker_8_TimeAcc.png,plot_file,plot,,,,,,,False,1,82057,png
results/online_link_prediction/plots/202603301935_Batch_Output/MovieLens_PRB_alpha0.85_powT50_T10000_lr10.0073_lr20.0004_202601290025_Details/worker_9_TimeAcc.png,plot_file,plot,,,,,,,False,1,86067,png
results/online_link_prediction/plots/202603301935_Batch_Output/MovieLens_Regret_vs_Rounds.pdf,plot_file,plot,,,,,,,False,1,15666,pdf
results/online_link_prediction/plots/202603301935_Batch_Output/MovieLens_Regret_vs_Rounds.png,plot_file,plot,,,,,,,False,1,245117,png
results/online_link_prediction/plots/202603301935_Batch_Output/MovieLens_Regret_vs_Time.pdf,plot_file,plot,,,,,,,False,1,33687,pdf
results/online_link_prediction/plots/202603301935_Batch_Output/MovieLens_Regret_vs_Time.png,plot_file,plot,,,,,,,False,1,274416,png
results/online_link_prediction/plots/202603301938_Batch_Output/MovieLens_FastPRB_alpha0.85_eps8.33e-05_T10000_lr10.0073_lr20.0004_202601282237_Details/worker_0_TimeAcc.png,plot_file,plot,,,,,,,False,1,85583,png
results/online_link_prediction/plots/202603301938_Batch_Output/MovieLens_FastPRB_alpha0.85_eps8.33e-05_T10000_lr10.0073_lr20.0004_202601282237_Details/worker_1_TimeAcc.png,plot_file,plot,,,,,,,False,1,81371,png
results/online_link_prediction/plots/202603301938_Batch_Output/MovieLens_FastPRB_alpha0.85_eps8.33e-05_T10000_lr10.0073_lr20.0004_202601282237_Details/worker_2_TimeAcc.png,plot_file,plot,,,,,,,False,1,82214,png
results/online_link_prediction/plots/202603301938_Batch_Output/MovieLens_FastPRB_alpha0.85_eps8.33e-05_T10000_lr10.0073_lr20.0004_202601282237_Details/worker_3_TimeAcc.png,plot_file,plot,,,,,,,False,1,84571,png
results/online_link_prediction/plots/202603301938_Batch_Output/MovieLens_FastPRB_alpha0.85_eps8.33e-05_T10000_lr10.0073_lr20.0004_202601282237_Details/worker_4_TimeAcc.png,plot_file,plot,,,,,,,False,1,84352,png
results/online_link_prediction/plots/202603301938_Batch_Output/MovieLens_FastPRB_alpha0.85_eps8.33e-05_T10000_lr10.0073_lr20.0004_202601282237_Details/worker_5_TimeAcc.png,plot_file,plot,,,,,,,False,1,84964,png
results/online_link_prediction/plots/202603301938_Batch_Output/MovieLens_FastPRB_alpha0.85_eps8.33e-05_T10000_lr10.0073_lr20.0004_202601282237_Details/worker_6_TimeAcc.png,plot_file,plot,,,,,,,False,1,83655,png
results/online_link_prediction/plots/202603301938_Batch_Output/MovieLens_FastPRB_alpha0.85_eps8.33e-05_T10000_lr10.0073_lr20.0004_202601282237_Details/worker_7_TimeAcc.png,plot_file,plot,,,,,,,False,1,82815,png
results/online_link_prediction/plots/202603301938_Batch_Output/MovieLens_FastPRB_alpha0.85_eps8.33e-05_T10000_lr10.0073_lr20.0004_202601282237_Details/worker_8_TimeAcc.png,plot_file,plot,,,,,,,False,1,81153,png
results/online_link_prediction/plots/202603301938_Batch_Output/MovieLens_FastPRB_alpha0.85_eps8.33e-05_T10000_lr10.0073_lr20.0004_202601282237_Details/worker_9_TimeAcc.png,plot_file,plot,,,,,,,False,1,83543,png
results/online_link_prediction/plots/202603301938_Batch_Output/MovieLens_PRB_alpha0.85_powT50_T10000_lr10.0073_lr20.0004_202601290025_Details/worker_0_TimeAcc.png,plot_file,plot,,,,,,,False,1,87238,png
results/online_link_prediction/plots/202603301938_Batch_Output/MovieLens_PRB_alpha0.85_powT50_T10000_lr10.0073_lr20.0004_202601290025_Details/worker_1_TimeAcc.png,plot_file,plot,,,,,,,False,1,84347,png
results/online_link_prediction/plots/202603301938_Batch_Output/MovieLens_PRB_alpha0.85_powT50_T10000_lr10.0073_lr20.0004_202601290025_Details/worker_2_TimeAcc.png,plot_file,plot,,,,,,,False,1,84831,png
results/online_link_prediction/plots/202603301938_Batch_Output/MovieLens_PRB_alpha0.85_powT50_T10000_lr10.0073_lr20.0004_202601290025_Details/worker_3_TimeAcc.png,plot_file,plot,,,,,,,False,1,87256,png
results/online_link_prediction/plots/202603301938_Batch_Output/MovieLens_PRB_alpha0.85_powT50_T10000_lr10.0073_lr20.0004_202601290025_Details/worker_4_TimeAcc.png,plot_file,plot,,,,,,,False,1,85822,png
results/online_link_prediction/plots/202603301938_Batch_Output/MovieLens_PRB_alpha0.85_powT50_T10000_lr10.0073_lr20.0004_202601290025_Details/worker_5_TimeAcc.png,plot_file,plot,,,,,,,False,1,87495,png
results/online_link_prediction/plots/202603301938_Batch_Output/MovieLens_PRB_alpha0.85_powT50_T10000_lr10.0073_lr20.0004_202601290025_Details/worker_6_TimeAcc.png,plot_file,plot,,,,,,,False,1,85981,png
results/online_link_prediction/plots/202603301938_Batch_Output/MovieLens_PRB_alpha0.85_powT50_T10000_lr10.0073_lr20.0004_202601290025_Details/worker_7_TimeAcc.png,plot_file,plot,,,,,,,False,1,84233,png
results/online_link_prediction/plots/202603301938_Batch_Output/MovieLens_PRB_alpha0.85_powT50_T10000_lr10.0073_lr20.0004_202601290025_Details/worker_8_TimeAcc.png,plot_file,plot,,,,,,,False,1,82057,png
results/online_link_prediction/plots/202603301938_Batch_Output/MovieLens_PRB_alpha0.85_powT50_T10000_lr10.0073_lr20.0004_202601290025_Details/worker_9_TimeAcc.png,plot_file,plot,,,,,,,False,1,86067,png
results/online_link_prediction/plots/202603301938_Batch_Output/MovieLens_Regret_vs_Rounds.pdf,plot_file,plot,,,,,,,False,1,16970,pdf
results/online_link_prediction/plots/202603301938_Batch_Output/MovieLens_Regret_vs_Rounds.png,plot_file,plot,,,,,,,False,1,250254,png
results/online_link_prediction/plots/202603301938_Batch_Output/MovieLens_Regret_vs_Time.pdf,plot_file,plot,,,,,,,False,1,28697,pdf
results/online_link_prediction/plots/202603301938_Batch_Output/MovieLens_Regret_vs_Time.png,plot_file,plot,,,,,,,False,1,277268,png
results/online_link_prediction/plots/202603301940_Batch_Output/MovieLens_FastPRB_alpha0.85_eps8.33e-05_T10000_lr10.0073_lr20.0004_202601282237_Details/worker_0_TimeAcc.png,plot_file,plot,,,,,,,False,1,83727,png
results/online_link_prediction/plots/202603301940_Batch_Output/MovieLens_FastPRB_alpha0.85_eps8.33e-05_T10000_lr10.0073_lr20.0004_202601282237_Details/worker_1_TimeAcc.png,plot_file,plot,,,,,,,False,1,80775,png
results/online_link_prediction/plots/202603301940_Batch_Output/MovieLens_FastPRB_alpha0.85_eps8.33e-05_T10000_lr10.0073_lr20.0004_202601282237_Details/worker_2_TimeAcc.png,plot_file,plot,,,,,,,False,1,81430,png
results/online_link_prediction/plots/202603301940_Batch_Output/MovieLens_FastPRB_alpha0.85_eps8.33e-05_T10000_lr10.0073_lr20.0004_202601282237_Details/worker_3_TimeAcc.png,plot_file,plot,,,,,,,False,1,83770,png
results/online_link_prediction/plots/202603301940_Batch_Output/MovieLens_FastPRB_alpha0.85_eps8.33e-05_T10000_lr10.0073_lr20.0004_202601282237_Details/worker_4_TimeAcc.png,plot_file,plot,,,,,,,False,1,82847,png
results/online_link_prediction/plots/202603301940_Batch_Output/MovieLens_FastPRB_alpha0.85_eps8.33e-05_T10000_lr10.0073_lr20.0004_202601282237_Details/worker_5_TimeAcc.png,plot_file,plot,,,,,,,False,1,83838,png
results/online_link_prediction/plots/202603301940_Batch_Output/MovieLens_FastPRB_alpha0.85_eps8.33e-05_T10000_lr10.0073_lr20.0004_202601282237_Details/worker_6_TimeAcc.png,plot_file,plot,,,,,,,False,1,82196,png
results/online_link_prediction/plots/202603301940_Batch_Output/MovieLens_FastPRB_alpha0.85_eps8.33e-05_T10000_lr10.0073_lr20.0004_202601282237_Details/worker_7_TimeAcc.png,plot_file,plot,,,,,,,False,1,81893,png
results/online_link_prediction/plots/202603301940_Batch_Output/MovieLens_FastPRB_alpha0.85_eps8.33e-05_T10000_lr10.0073_lr20.0004_202601282237_Details/worker_8_TimeAcc.png,plot_file,plot,,,,,,,False,1,80053,png
results/online_link_prediction/plots/202603301940_Batch_Output/MovieLens_FastPRB_alpha0.85_eps8.33e-05_T10000_lr10.0073_lr20.0004_202601282237_Details/worker_9_TimeAcc.png,plot_file,plot,,,,,,,False,1,82919,png
results/online_link_prediction/plots/202603301940_Batch_Output/MovieLens_PRB_alpha0.85_powT50_T10000_lr10.0073_lr20.0004_202601290025_Details/worker_0_TimeAcc.png,plot_file,plot,,,,,,,False,1,85337,png
results/online_link_prediction/plots/202603301940_Batch_Output/MovieLens_PRB_alpha0.85_powT50_T10000_lr10.0073_lr20.0004_202601290025_Details/worker_1_TimeAcc.png,plot_file,plot,,,,,,,False,1,82353,png
results/online_link_prediction/plots/202603301940_Batch_Output/MovieLens_PRB_alpha0.85_powT50_T10000_lr10.0073_lr20.0004_202601290025_Details/worker_2_TimeAcc.png,plot_file,plot,,,,,,,False,1,84594,png
results/online_link_prediction/plots/202603301940_Batch_Output/MovieLens_PRB_alpha0.85_powT50_T10000_lr10.0073_lr20.0004_202601290025_Details/worker_3_TimeAcc.png,plot_file,plot,,,,,,,False,1,87009,png
results/online_link_prediction/plots/202603301940_Batch_Output/MovieLens_PRB_alpha0.85_powT50_T10000_lr10.0073_lr20.0004_202601290025_Details/worker_4_TimeAcc.png,plot_file,plot,,,,,,,False,1,84425,png
results/online_link_prediction/plots/202603301940_Batch_Output/MovieLens_PRB_alpha0.85_powT50_T10000_lr10.0073_lr20.0004_202601290025_Details/worker_5_TimeAcc.png,plot_file,plot,,,,,,,False,1,87415,png
results/online_link_prediction/plots/202603301940_Batch_Output/MovieLens_PRB_alpha0.85_powT50_T10000_lr10.0073_lr20.0004_202601290025_Details/worker_6_TimeAcc.png,plot_file,plot,,,,,,,False,1,85350,png
results/online_link_prediction/plots/202603301940_Batch_Output/MovieLens_PRB_alpha0.85_powT50_T10000_lr10.0073_lr20.0004_202601290025_Details/worker_7_TimeAcc.png,plot_file,plot,,,,,,,False,1,82905,png
results/online_link_prediction/plots/202603301940_Batch_Output/MovieLens_PRB_alpha0.85_powT50_T10000_lr10.0073_lr20.0004_202601290025_Details/worker_8_TimeAcc.png,plot_file,plot,,,,,,,False,1,80221,png
results/online_link_prediction/plots/202603301940_Batch_Output/MovieLens_PRB_alpha0.85_powT50_T10000_lr10.0073_lr20.0004_202601290025_Details/worker_9_TimeAcc.png,plot_file,plot,,,,,,,False,1,85947,png
results/online_link_prediction/plots/202603301940_Batch_Output/MovieLens_Regret_vs_Rounds.pdf,plot_file,plot,,,,,,,False,1,19477,pdf
results/online_link_prediction/plots/202603301940_Batch_Output/MovieLens_Regret_vs_Rounds.png,plot_file,plot,,,,,,,False,1,266742,png
results/online_link_prediction/plots/202603301940_Batch_Output/MovieLens_Regret_vs_Time.pdf,plot_file,plot,,,,,,,False,1,27476,pdf
results/online_link_prediction/plots/202603301940_Batch_Output/MovieLens_Regret_vs_Time.png,plot_file,plot,,,,,,,False,1,286737,png
results/online_link_prediction/plots/202603301941_Batch_Output/Collab_FastPRB_alpha0.85_eps4.24e-06_T5000_lr10.01_lr20.004_202601290028_Details/worker_0_TimeAcc.png,plot_file,plot,,,,,,,False,1,92373,png
results/online_link_prediction/plots/202603301941_Batch_Output/Collab_FastPRB_alpha0.85_eps4.24e-06_T5000_lr10.01_lr20.004_202601290028_Details/worker_1_TimeAcc.png,plot_file,plot,,,,,,,False,1,91807,png
results/online_link_prediction/plots/202603301941_Batch_Output/Collab_FastPRB_alpha0.85_eps4.24e-06_T5000_lr10.01_lr20.004_202601290028_Details/worker_2_TimeAcc.png,plot_file,plot,,,,,,,False,1,93546,png
results/online_link_prediction/plots/202603301941_Batch_Output/Collab_FastPRB_alpha0.85_eps4.24e-06_T5000_lr10.01_lr20.004_202601290028_Details/worker_3_TimeAcc.png,plot_file,plot,,,,,,,False,1,91642,png
results/online_link_prediction/plots/202603301941_Batch_Output/Collab_FastPRB_alpha0.85_eps4.24e-06_T5000_lr10.01_lr20.004_202601290028_Details/worker_4_TimeAcc.png,plot_file,plot,,,,,,,False,1,94522,png
results/online_link_prediction/plots/202603301941_Batch_Output/Collab_FastPRB_alpha0.85_eps4.24e-06_T5000_lr10.01_lr20.004_202601290028_Details/worker_5_TimeAcc.png,plot_file,plot,,,,,,,False,1,94331,png
results/online_link_prediction/plots/202603301941_Batch_Output/Collab_FastPRB_alpha0.85_eps4.24e-06_T5000_lr10.01_lr20.004_202601290028_Details/worker_6_TimeAcc.png,plot_file,plot,,,,,,,False,1,93617,png
results/online_link_prediction/plots/202603301941_Batch_Output/Collab_FastPRB_alpha0.85_eps4.24e-06_T5000_lr10.01_lr20.004_202601290028_Details/worker_7_TimeAcc.png,plot_file,plot,,,,,,,False,1,91107,png
results/online_link_prediction/plots/202603301941_Batch_Output/Collab_FastPRB_alpha0.85_eps4.24e-06_T5000_lr10.01_lr20.004_202601290028_Details/worker_8_TimeAcc.png,plot_file,plot,,,,,,,False,1,91828,png
results/online_link_prediction/plots/202603301941_Batch_Output/Collab_FastPRB_alpha0.85_eps4.24e-06_T5000_lr10.01_lr20.004_202601290028_Details/worker_9_TimeAcc.png,plot_file,plot,,,,,,,False,1,94147,png
results/online_link_prediction/plots/202603301941_Batch_Output/Collab_PRB_alpha0.85_powT50_T5000_lr10.01_lr20.004_202601290026_Details/worker_0_TimeAcc.png,plot_file,plot,,,,,,,False,1,89140,png
results/online_link_prediction/plots/202603301941_Batch_Output/Collab_PRB_alpha0.85_powT50_T5000_lr10.01_lr20.004_202601290026_Details/worker_1_TimeAcc.png,plot_file,plot,,,,,,,False,1,86499,png
results/online_link_prediction/plots/202603301941_Batch_Output/Collab_PRB_alpha0.85_powT50_T5000_lr10.01_lr20.004_202601290026_Details/worker_2_TimeAcc.png,plot_file,plot,,,,,,,False,1,91331,png
results/online_link_prediction/plots/202603301941_Batch_Output/Collab_PRB_alpha0.85_powT50_T5000_lr10.01_lr20.004_202601290026_Details/worker_3_TimeAcc.png,plot_file,plot,,,,,,,False,1,91121,png
results/online_link_prediction/plots/202603301941_Batch_Output/Collab_PRB_alpha0.85_powT50_T5000_lr10.01_lr20.004_202601290026_Details/worker_4_TimeAcc.png,plot_file,plot,,,,,,,False,1,94475,png
results/online_link_prediction/plots/202603301941_Batch_Output/Collab_PRB_alpha0.85_powT50_T5000_lr10.01_lr20.004_202601290026_Details/worker_5_TimeAcc.png,plot_file,plot,,,,,,,False,1,90573,png
results/online_link_prediction/plots/202603301941_Batch_Output/Collab_PRB_alpha0.85_powT50_T5000_lr10.01_lr20.004_202601290026_Details/worker_6_TimeAcc.png,plot_file,plot,,,,,,,False,1,90947,png
results/online_link_prediction/plots/202603301941_Batch_Output/Collab_PRB_alpha0.85_powT50_T5000_lr10.01_lr20.004_202601290026_Details/worker_7_TimeAcc.png,plot_file,plot,,,,,,,False,1,90288,png
results/online_link_prediction/plots/202603301941_Batch_Output/Collab_PRB_alpha0.85_powT50_T5000_lr10.01_lr20.004_202601290026_Details/worker_8_TimeAcc.png,plot_file,plot,,,,,,,False,1,96134,png
results/online_link_prediction/plots/202603301941_Batch_Output/Collab_PRB_alpha0.85_powT50_T5000_lr10.01_lr20.004_202601290026_Details/worker_9_TimeAcc.png,plot_file,plot,,,,,,,False,1,93345,png
results/online_link_prediction/plots/202603301941_Batch_Output/ogbl-Collab_Regret_vs_Rounds.pdf,plot_file,plot,,,,,,,False,1,20406,pdf
results/online_link_prediction/plots/202603301941_Batch_Output/ogbl-Collab_Regret_vs_Rounds.png,plot_file,plot,,,,,,,False,1,262620,png
results/online_link_prediction/plots/202603301943_Batch_Output/Collab_FastPRB_alpha0.85_eps4.24e-06_T5000_lr10.01_lr20.004_202601290028_Details/worker_0_TimeAcc.png,plot_file,plot,,,,,,,False,1,91785,png
results/online_link_prediction/plots/202603301943_Batch_Output/Collab_FastPRB_alpha0.85_eps4.24e-06_T5000_lr10.01_lr20.004_202601290028_Details/worker_1_TimeAcc.png,plot_file,plot,,,,,,,False,1,89542,png
results/online_link_prediction/plots/202603301943_Batch_Output/Collab_FastPRB_alpha0.85_eps4.24e-06_T5000_lr10.01_lr20.004_202601290028_Details/worker_2_TimeAcc.png,plot_file,plot,,,,,,,False,1,91519,png
results/online_link_prediction/plots/202603301943_Batch_Output/Collab_FastPRB_alpha0.85_eps4.24e-06_T5000_lr10.01_lr20.004_202601290028_Details/worker_3_TimeAcc.png,plot_file,plot,,,,,,,False,1,89454,png
results/online_link_prediction/plots/202603301943_Batch_Output/Collab_FastPRB_alpha0.85_eps4.24e-06_T5000_lr10.01_lr20.004_202601290028_Details/worker_4_TimeAcc.png,plot_file,plot,,,,,,,False,1,94710,png
results/online_link_prediction/plots/202603301943_Batch_Output/Collab_FastPRB_alpha0.85_eps4.24e-06_T5000_lr10.01_lr20.004_202601290028_Details/worker_5_TimeAcc.png,plot_file,plot,,,,,,,False,1,92802,png
results/online_link_prediction/plots/202603301943_Batch_Output/Collab_FastPRB_alpha0.85_eps4.24e-06_T5000_lr10.01_lr20.004_202601290028_Details/worker_6_TimeAcc.png,plot_file,plot,,,,,,,False,1,92535,png
results/online_link_prediction/plots/202603301943_Batch_Output/Collab_FastPRB_alpha0.85_eps4.24e-06_T5000_lr10.01_lr20.004_202601290028_Details/worker_7_TimeAcc.png,plot_file,plot,,,,,,,False,1,90478,png
results/online_link_prediction/plots/202603301943_Batch_Output/Collab_FastPRB_alpha0.85_eps4.24e-06_T5000_lr10.01_lr20.004_202601290028_Details/worker_8_TimeAcc.png,plot_file,plot,,,,,,,False,1,91846,png
results/online_link_prediction/plots/202603301943_Batch_Output/Collab_FastPRB_alpha0.85_eps4.24e-06_T5000_lr10.01_lr20.004_202601290028_Details/worker_9_TimeAcc.png,plot_file,plot,,,,,,,False,1,92453,png
results/online_link_prediction/plots/202603301943_Batch_Output/Collab_PRB_alpha0.85_powT50_T5000_lr10.01_lr20.004_202601290026_Details/worker_0_TimeAcc.png,plot_file,plot,,,,,,,False,1,89104,png
results/online_link_prediction/plots/202603301943_Batch_Output/Collab_PRB_alpha0.85_powT50_T5000_lr10.01_lr20.004_202601290026_Details/worker_1_TimeAcc.png,plot_file,plot,,,,,,,False,1,85292,png
results/online_link_prediction/plots/202603301943_Batch_Output/Collab_PRB_alpha0.85_powT50_T5000_lr10.01_lr20.004_202601290026_Details/worker_2_TimeAcc.png,plot_file,plot,,,,,,,False,1,90302,png
results/online_link_prediction/plots/202603301943_Batch_Output/Collab_PRB_alpha0.85_powT50_T5000_lr10.01_lr20.004_202601290026_Details/worker_3_TimeAcc.png,plot_file,plot,,,,,,,False,1,90641,png
results/online_link_prediction/plots/202603301943_Batch_Output/Collab_PRB_alpha0.85_powT50_T5000_lr10.01_lr20.004_202601290026_Details/worker_4_TimeAcc.png,plot_file,plot,,,,,,,False,1,94136,png
results/online_link_prediction/plots/202603301943_Batch_Output/Collab_PRB_alpha0.85_powT50_T5000_lr10.01_lr20.004_202601290026_Details/worker_5_TimeAcc.png,plot_file,plot,,,,,,,False,1,89750,png
results/online_link_prediction/plots/202603301943_Batch_Output/Collab_PRB_alpha0.85_powT50_T5000_lr10.01_lr20.004_202601290026_Details/worker_6_TimeAcc.png,plot_file,plot,,,,,,,False,1,89818,png
results/online_link_prediction/plots/202603301943_Batch_Output/Collab_PRB_alpha0.85_powT50_T5000_lr10.01_lr20.004_202601290026_Details/worker_7_TimeAcc.png,plot_file,plot,,,,,,,False,1,89128,png
results/online_link_prediction/plots/202603301943_Batch_Output/Collab_PRB_alpha0.85_powT50_T5000_lr10.01_lr20.004_202601290026_Details/worker_8_TimeAcc.png,plot_file,plot,,,,,,,False,1,95999,png
results/online_link_prediction/plots/202603301943_Batch_Output/Collab_PRB_alpha0.85_powT50_T5000_lr10.01_lr20.004_202601290026_Details/worker_9_TimeAcc.png,plot_file,plot,,,,,,,False,1,92684,png
results/online_link_prediction/plots/202603301943_Batch_Output/ogbl-Collab_Regret_vs_Rounds.pdf,plot_file,plot,,,,,,,False,1,21551,pdf
results/online_link_prediction/plots/202603301943_Batch_Output/ogbl-Collab_Regret_vs_Rounds.png,plot_file,plot,,,,,,,False,1,289257,png
results/online_link_prediction/plots/202603301943_Batch_Output/ogbl-Collab_Regret_vs_Time.pdf,plot_file,plot,,,,,,,False,1,20073,pdf
results/online_link_prediction/plots/202603301943_Batch_Output/ogbl-Collab_Regret_vs_Time.png,plot_file,plot,,,,,,,False,1,275660,png
results/online_link_prediction/plots/202603301944_Batch_Output/MovieLens_FastPRB_alpha0.85_eps8.33e-05_T10000_lr10.0073_lr20.0004_202601282237_Details/worker_0_TimeAcc.png,plot_file,plot,,,,,,,False,1,83727,png
results/online_link_prediction/plots/202603301944_Batch_Output/MovieLens_FastPRB_alpha0.85_eps8.33e-05_T10000_lr10.0073_lr20.0004_202601282237_Details/worker_1_TimeAcc.png,plot_file,plot,,,,,,,False,1,80775,png
results/online_link_prediction/plots/202603301944_Batch_Output/MovieLens_FastPRB_alpha0.85_eps8.33e-05_T10000_lr10.0073_lr20.0004_202601282237_Details/worker_2_TimeAcc.png,plot_file,plot,,,,,,,False,1,81430,png
results/online_link_prediction/plots/202603301944_Batch_Output/MovieLens_FastPRB_alpha0.85_eps8.33e-05_T10000_lr10.0073_lr20.0004_202601282237_Details/worker_3_TimeAcc.png,plot_file,plot,,,,,,,False,1,83770,png
results/online_link_prediction/plots/202603301944_Batch_Output/MovieLens_FastPRB_alpha0.85_eps8.33e-05_T10000_lr10.0073_lr20.0004_202601282237_Details/worker_4_TimeAcc.png,plot_file,plot,,,,,,,False,1,82847,png
results/online_link_prediction/plots/202603301944_Batch_Output/MovieLens_FastPRB_alpha0.85_eps8.33e-05_T10000_lr10.0073_lr20.0004_202601282237_Details/worker_5_TimeAcc.png,plot_file,plot,,,,,,,False,1,83838,png
results/online_link_prediction/plots/202603301944_Batch_Output/MovieLens_FastPRB_alpha0.85_eps8.33e-05_T10000_lr10.0073_lr20.0004_202601282237_Details/worker_6_TimeAcc.png,plot_file,plot,,,,,,,False,1,82196,png
results/online_link_prediction/plots/202603301944_Batch_Output/MovieLens_FastPRB_alpha0.85_eps8.33e-05_T10000_lr10.0073_lr20.0004_202601282237_Details/worker_7_TimeAcc.png,plot_file,plot,,,,,,,False,1,81893,png
results/online_link_prediction/plots/202603301944_Batch_Output/MovieLens_FastPRB_alpha0.85_eps8.33e-05_T10000_lr10.0073_lr20.0004_202601282237_Details/worker_8_TimeAcc.png,plot_file,plot,,,,,,,False,1,80053,png
results/online_link_prediction/plots/202603301944_Batch_Output/MovieLens_FastPRB_alpha0.85_eps8.33e-05_T10000_lr10.0073_lr20.0004_202601282237_Details/worker_9_TimeAcc.png,plot_file,plot,,,,,,,False,1,82919,png
results/online_link_prediction/plots/202603301944_Batch_Output/MovieLens_PRB_alpha0.85_powT50_T10000_lr10.0073_lr20.0004_202601290025_Details/worker_0_TimeAcc.png,plot_file,plot,,,,,,,False,1,85337,png
results/online_link_prediction/plots/202603301944_Batch_Output/MovieLens_PRB_alpha0.85_powT50_T10000_lr10.0073_lr20.0004_202601290025_Details/worker_1_TimeAcc.png,plot_file,plot,,,,,,,False,1,82353,png
results/online_link_prediction/plots/202603301944_Batch_Output/MovieLens_PRB_alpha0.85_powT50_T10000_lr10.0073_lr20.0004_202601290025_Details/worker_2_TimeAcc.png,plot_file,plot,,,,,,,False,1,84594,png
results/online_link_prediction/plots/202603301944_Batch_Output/MovieLens_PRB_alpha0.85_powT50_T10000_lr10.0073_lr20.0004_202601290025_Details/worker_3_TimeAcc.png,plot_file,plot,,,,,,,False,1,87009,png
results/online_link_prediction/plots/202603301944_Batch_Output/MovieLens_PRB_alpha0.85_powT50_T10000_lr10.0073_lr20.0004_202601290025_Details/worker_4_TimeAcc.png,plot_file,plot,,,,,,,False,1,84425,png
results/online_link_prediction/plots/202603301944_Batch_Output/MovieLens_PRB_alpha0.85_powT50_T10000_lr10.0073_lr20.0004_202601290025_Details/worker_5_TimeAcc.png,plot_file,plot,,,,,,,False,1,87415,png
results/online_link_prediction/plots/202603301944_Batch_Output/MovieLens_PRB_alpha0.85_powT50_T10000_lr10.0073_lr20.0004_202601290025_Details/worker_6_TimeAcc.png,plot_file,plot,,,,,,,False,1,85350,png
results/online_link_prediction/plots/202603301944_Batch_Output/MovieLens_PRB_alpha0.85_powT50_T10000_lr10.0073_lr20.0004_202601290025_Details/worker_7_TimeAcc.png,plot_file,plot,,,,,,,False,1,82905,png
results/online_link_prediction/plots/202603301944_Batch_Output/MovieLens_PRB_alpha0.85_powT50_T10000_lr10.0073_lr20.0004_202601290025_Details/worker_8_TimeAcc.png,plot_file,plot,,,,,,,False,1,80221,png
results/online_link_prediction/plots/202603301944_Batch_Output/MovieLens_PRB_alpha0.85_powT50_T10000_lr10.0073_lr20.0004_202601290025_Details/worker_9_TimeAcc.png,plot_file,plot,,,,,,,False,1,85947,png
results/online_link_prediction/plots/202603301944_Batch_Output/MovieLens_Regret_vs_Rounds.pdf,plot_file,plot,,,,,,,False,1,15029,pdf
results/online_link_prediction/plots/202603301944_Batch_Output/MovieLens_Regret_vs_Rounds.png,plot_file,plot,,,,,,,False,1,228786,png
results/online_link_prediction/plots/202603301944_Batch_Output/MovieLens_Regret_vs_Time.pdf,plot_file,plot,,,,,,,False,1,20761,pdf
results/online_link_prediction/plots/202603301944_Batch_Output/MovieLens_Regret_vs_Time.png,plot_file,plot,,,,,,,False,1,245325,png
results/online_link_prediction/plots/202603301945_Batch_Output/MovieLens_FastPRB_alpha0.85_eps8.33e-05_T10000_lr10.0073_lr20.0004_202601282237_Details/worker_0_TimeAcc.png,plot_file,plot,,,,,,,False,1,83727,png
results/online_link_prediction/plots/202603301945_Batch_Output/MovieLens_FastPRB_alpha0.85_eps8.33e-05_T10000_lr10.0073_lr20.0004_202601282237_Details/worker_1_TimeAcc.png,plot_file,plot,,,,,,,False,1,80775,png
results/online_link_prediction/plots/202603301945_Batch_Output/MovieLens_FastPRB_alpha0.85_eps8.33e-05_T10000_lr10.0073_lr20.0004_202601282237_Details/worker_2_TimeAcc.png,plot_file,plot,,,,,,,False,1,81430,png
results/online_link_prediction/plots/202603301945_Batch_Output/MovieLens_FastPRB_alpha0.85_eps8.33e-05_T10000_lr10.0073_lr20.0004_202601282237_Details/worker_3_TimeAcc.png,plot_file,plot,,,,,,,False,1,83770,png
results/online_link_prediction/plots/202603301945_Batch_Output/MovieLens_FastPRB_alpha0.85_eps8.33e-05_T10000_lr10.0073_lr20.0004_202601282237_Details/worker_4_TimeAcc.png,plot_file,plot,,,,,,,False,1,82847,png
results/online_link_prediction/plots/202603301945_Batch_Output/MovieLens_FastPRB_alpha0.85_eps8.33e-05_T10000_lr10.0073_lr20.0004_202601282237_Details/worker_5_TimeAcc.png,plot_file,plot,,,,,,,False,1,83838,png
results/online_link_prediction/plots/202603301945_Batch_Output/MovieLens_FastPRB_alpha0.85_eps8.33e-05_T10000_lr10.0073_lr20.0004_202601282237_Details/worker_6_TimeAcc.png,plot_file,plot,,,,,,,False,1,82196,png
results/online_link_prediction/plots/202603301945_Batch_Output/MovieLens_FastPRB_alpha0.85_eps8.33e-05_T10000_lr10.0073_lr20.0004_202601282237_Details/worker_7_TimeAcc.png,plot_file,plot,,,,,,,False,1,81893,png
results/online_link_prediction/plots/202603301945_Batch_Output/MovieLens_FastPRB_alpha0.85_eps8.33e-05_T10000_lr10.0073_lr20.0004_202601282237_Details/worker_8_TimeAcc.png,plot_file,plot,,,,,,,False,1,80053,png
results/online_link_prediction/plots/202603301945_Batch_Output/MovieLens_FastPRB_alpha0.85_eps8.33e-05_T10000_lr10.0073_lr20.0004_202601282237_Details/worker_9_TimeAcc.png,plot_file,plot,,,,,,,False,1,82919,png
results/online_link_prediction/plots/202603301945_Batch_Output/MovieLens_PRB_alpha0.85_powT50_T10000_lr10.0073_lr20.0004_202601290025_Details/worker_0_TimeAcc.png,plot_file,plot,,,,,,,False,1,85337,png
results/online_link_prediction/plots/202603301945_Batch_Output/MovieLens_PRB_alpha0.85_powT50_T10000_lr10.0073_lr20.0004_202601290025_Details/worker_1_TimeAcc.png,plot_file,plot,,,,,,,False,1,82353,png
results/online_link_prediction/plots/202603301945_Batch_Output/MovieLens_PRB_alpha0.85_powT50_T10000_lr10.0073_lr20.0004_202601290025_Details/worker_2_TimeAcc.png,plot_file,plot,,,,,,,False,1,84594,png
results/online_link_prediction/plots/202603301945_Batch_Output/MovieLens_PRB_alpha0.85_powT50_T10000_lr10.0073_lr20.0004_202601290025_Details/worker_3_TimeAcc.png,plot_file,plot,,,,,,,False,1,87009,png
results/online_link_prediction/plots/202603301945_Batch_Output/MovieLens_PRB_alpha0.85_powT50_T10000_lr10.0073_lr20.0004_202601290025_Details/worker_4_TimeAcc.png,plot_file,plot,,,,,,,False,1,84425,png
results/online_link_prediction/plots/202603301945_Batch_Output/MovieLens_PRB_alpha0.85_powT50_T10000_lr10.0073_lr20.0004_202601290025_Details/worker_5_TimeAcc.png,plot_file,plot,,,,,,,False,1,87415,png
results/online_link_prediction/plots/202603301945_Batch_Output/MovieLens_PRB_alpha0.85_powT50_T10000_lr10.0073_lr20.0004_202601290025_Details/worker_6_TimeAcc.png,plot_file,plot,,,,,,,False,1,85350,png
results/online_link_prediction/plots/202603301945_Batch_Output/MovieLens_PRB_alpha0.85_powT50_T10000_lr10.0073_lr20.0004_202601290025_Details/worker_7_TimeAcc.png,plot_file,plot,,,,,,,False,1,82905,png
results/online_link_prediction/plots/202603301945_Batch_Output/MovieLens_PRB_alpha0.85_powT50_T10000_lr10.0073_lr20.0004_202601290025_Details/worker_8_TimeAcc.png,plot_file,plot,,,,,,,False,1,80221,png
results/online_link_prediction/plots/202603301945_Batch_Output/MovieLens_PRB_alpha0.85_powT50_T10000_lr10.0073_lr20.0004_202601290025_Details/worker_9_TimeAcc.png,plot_file,plot,,,,,,,False,1,85947,png
results/online_link_prediction/plots/202603301945_Batch_Output/MovieLens_Regret_vs_Rounds.pdf,plot_file,plot,,,,,,,False,1,16620,pdf
results/online_link_prediction/plots/202603301945_Batch_Output/MovieLens_Regret_vs_Rounds.png,plot_file,plot,,,,,,,False,1,252815,png
results/online_link_prediction/plots/202603301945_Batch_Output/MovieLens_Regret_vs_Time.pdf,plot_file,plot,,,,,,,False,1,19064,pdf
results/online_link_prediction/plots/202603301945_Batch_Output/MovieLens_Regret_vs_Time.png,plot_file,plot,,,,,,,False,1,239296,png
results/online_link_prediction/plots/202603311319_Batch_Output/Collab_FastPRB_alpha0.85_eps0.000424_T5000_k10_lr10.01_lr20.004_h100_ks40_202603301915_Details/worker_0_TimeAcc.png,plot_file,plot,,,,,,,False,1,95160,png
results/online_link_prediction/plots/202603311319_Batch_Output/Collab_FastPRB_alpha0.85_eps0.000424_T5000_k10_lr10.01_lr20.004_h100_ks40_202603301915_Details/worker_1_TimeAcc.png,plot_file,plot,,,,,,,False,1,93086,png
results/online_link_prediction/plots/202603311319_Batch_Output/Collab_FastPRB_alpha0.85_eps0.000424_T5000_k10_lr10.01_lr20.004_h100_ks40_202603301915_Details/worker_2_TimeAcc.png,plot_file,plot,,,,,,,False,1,93970,png
results/online_link_prediction/plots/202603311319_Batch_Output/Collab_FastPRB_alpha0.85_eps0.000424_T5000_k10_lr10.01_lr20.004_h100_ks40_202603301915_Details/worker_3_TimeAcc.png,plot_file,plot,,,,,,,False,1,95091,png
results/online_link_prediction/plots/202603311319_Batch_Output/Collab_FastPRB_alpha0.85_eps0.000424_T5000_k10_lr10.01_lr20.004_h100_ks40_202603301915_Details/worker_4_TimeAcc.png,plot_file,plot,,,,,,,False,1,91980,png
results/online_link_prediction/plots/202603311319_Batch_Output/Collab_FastPRB_alpha0.85_eps0.000424_T5000_k10_lr10.01_lr20.004_h100_ks40_202603301915_Details/worker_5_TimeAcc.png,plot_file,plot,,,,,,,False,1,94991,png
results/online_link_prediction/plots/202603311319_Batch_Output/Collab_FastPRB_alpha0.85_eps0.000424_T5000_k10_lr10.01_lr20.004_h100_ks40_202603301915_Details/worker_6_TimeAcc.png,plot_file,plot,,,,,,,False,1,93870,png
results/online_link_prediction/plots/202603311319_Batch_Output/Collab_FastPRB_alpha0.85_eps0.000424_T5000_k10_lr10.01_lr20.004_h100_ks40_202603301915_Details/worker_7_TimeAcc.png,plot_file,plot,,,,,,,False,1,95565,png
results/online_link_prediction/plots/202603311319_Batch_Output/Collab_FastPRB_alpha0.85_eps0.000424_T5000_k10_lr10.01_lr20.004_h100_ks40_202603301915_Details/worker_8_TimeAcc.png,plot_file,plot,,,,,,,False,1,96350,png
results/online_link_prediction/plots/202603311319_Batch_Output/Collab_FastPRB_alpha0.85_eps0.000424_T5000_k10_lr10.01_lr20.004_h100_ks40_202603301915_Details/worker_9_TimeAcc.png,plot_file,plot,,,,,,,False,1,96644,png
results/online_link_prediction/plots/202603311319_Batch_Output/Collab_FastPRB_alpha0.85_eps0.00424_T5000_k10_lr10.01_lr20.004_h100_ks40_202603301915_Details/worker_0_TimeAcc.png,plot_file,plot,,,,,,,False,1,96049,png
results/online_link_prediction/plots/202603311319_Batch_Output/Collab_FastPRB_alpha0.85_eps0.00424_T5000_k10_lr10.01_lr20.004_h100_ks40_202603301915_Details/worker_1_TimeAcc.png,plot_file,plot,,,,,,,False,1,96535,png
results/online_link_prediction/plots/202603311319_Batch_Output/Collab_FastPRB_alpha0.85_eps0.00424_T5000_k10_lr10.01_lr20.004_h100_ks40_202603301915_Details/worker_2_TimeAcc.png,plot_file,plot,,,,,,,False,1,95727,png
results/online_link_prediction/plots/202603311319_Batch_Output/Collab_FastPRB_alpha0.85_eps0.00424_T5000_k10_lr10.01_lr20.004_h100_ks40_202603301915_Details/worker_3_TimeAcc.png,plot_file,plot,,,,,,,False,1,95881,png
results/online_link_prediction/plots/202603311319_Batch_Output/Collab_FastPRB_alpha0.85_eps0.00424_T5000_k10_lr10.01_lr20.004_h100_ks40_202603301915_Details/worker_4_TimeAcc.png,plot_file,plot,,,,,,,False,1,94513,png
results/online_link_prediction/plots/202603311319_Batch_Output/Collab_FastPRB_alpha0.85_eps0.00424_T5000_k10_lr10.01_lr20.004_h100_ks40_202603301915_Details/worker_5_TimeAcc.png,plot_file,plot,,,,,,,False,1,100996,png
results/online_link_prediction/plots/202603311319_Batch_Output/Collab_FastPRB_alpha0.85_eps0.00424_T5000_k10_lr10.01_lr20.004_h100_ks40_202603301915_Details/worker_6_TimeAcc.png,plot_file,plot,,,,,,,False,1,97993,png
results/online_link_prediction/plots/202603311319_Batch_Output/Collab_FastPRB_alpha0.85_eps0.00424_T5000_k10_lr10.01_lr20.004_h100_ks40_202603301915_Details/worker_7_TimeAcc.png,plot_file,plot,,,,,,,False,1,100232,png
results/online_link_prediction/plots/202603311319_Batch_Output/Collab_FastPRB_alpha0.85_eps0.00424_T5000_k10_lr10.01_lr20.004_h100_ks40_202603301915_Details/worker_8_TimeAcc.png,plot_file,plot,,,,,,,False,1,95267,png
results/online_link_prediction/plots/202603311319_Batch_Output/Collab_FastPRB_alpha0.85_eps0.00424_T5000_k10_lr10.01_lr20.004_h100_ks40_202603301915_Details/worker_9_TimeAcc.png,plot_file,plot,,,,,,,False,1,96679,png
results/online_link_prediction/plots/202603311319_Batch_Output/Collab_FastPRB_alpha0.85_eps0.0424_T5000_k10_lr10.01_lr20.004_h100_ks40_202603301915_Details/worker_0_TimeAcc.png,plot_file,plot,,,,,,,False,1,90926,png
results/online_link_prediction/plots/202603311319_Batch_Output/Collab_FastPRB_alpha0.85_eps0.0424_T5000_k10_lr10.01_lr20.004_h100_ks40_202603301915_Details/worker_1_TimeAcc.png,plot_file,plot,,,,,,,False,1,101067,png
results/online_link_prediction/plots/202603311319_Batch_Output/Collab_FastPRB_alpha0.85_eps0.0424_T5000_k10_lr10.01_lr20.004_h100_ks40_202603301915_Details/worker_2_TimeAcc.png,plot_file,plot,,,,,,,False,1,104886,png
results/online_link_prediction/plots/202603311319_Batch_Output/Collab_FastPRB_alpha0.85_eps0.0424_T5000_k10_lr10.01_lr20.004_h100_ks40_202603301915_Details/worker_3_TimeAcc.png,plot_file,plot,,,,,,,False,1,96950,png
results/online_link_prediction/plots/202603311319_Batch_Output/Collab_FastPRB_alpha0.85_eps0.0424_T5000_k10_lr10.01_lr20.004_h100_ks40_202603301915_Details/worker_4_TimeAcc.png,plot_file,plot,,,,,,,False,1,91839,png
results/online_link_prediction/plots/202603311319_Batch_Output/Collab_FastPRB_alpha0.85_eps0.0424_T5000_k10_lr10.01_lr20.004_h100_ks40_202603301915_Details/worker_5_TimeAcc.png,plot_file,plot,,,,,,,False,1,86968,png
results/online_link_prediction/plots/202603311319_Batch_Output/Collab_FastPRB_alpha0.85_eps0.0424_T5000_k10_lr10.01_lr20.004_h100_ks40_202603301915_Details/worker_6_TimeAcc.png,plot_file,plot,,,,,,,False,1,95644,png
results/online_link_prediction/plots/202603311319_Batch_Output/Collab_FastPRB_alpha0.85_eps0.0424_T5000_k10_lr10.01_lr20.004_h100_ks40_202603301915_Details/worker_7_TimeAcc.png,plot_file,plot,,,,,,,False,1,100672,png
results/online_link_prediction/plots/202603311319_Batch_Output/Collab_FastPRB_alpha0.85_eps0.0424_T5000_k10_lr10.01_lr20.004_h100_ks40_202603301915_Details/worker_8_TimeAcc.png,plot_file,plot,,,,,,,False,1,90678,png
results/online_link_prediction/plots/202603311319_Batch_Output/Collab_FastPRB_alpha0.85_eps0.0424_T5000_k10_lr10.01_lr20.004_h100_ks40_202603301915_Details/worker_9_TimeAcc.png,plot_file,plot,,,,,,,False,1,101757,png
results/online_link_prediction/plots/202603311319_Batch_Output/Collab_FastPRB_alpha0.85_eps4.24e-05_T5000_k10_lr10.01_lr20.004_h100_ks40_202603301915_Details/worker_0_TimeAcc.png,plot_file,plot,,,,,,,False,1,94145,png
results/online_link_prediction/plots/202603311319_Batch_Output/Collab_FastPRB_alpha0.85_eps4.24e-05_T5000_k10_lr10.01_lr20.004_h100_ks40_202603301915_Details/worker_1_TimeAcc.png,plot_file,plot,,,,,,,False,1,90961,png
results/online_link_prediction/plots/202603311319_Batch_Output/Collab_FastPRB_alpha0.85_eps4.24e-05_T5000_k10_lr10.01_lr20.004_h100_ks40_202603301915_Details/worker_2_TimeAcc.png,plot_file,plot,,,,,,,False,1,95192,png
results/online_link_prediction/plots/202603311319_Batch_Output/Collab_FastPRB_alpha0.85_eps4.24e-05_T5000_k10_lr10.01_lr20.004_h100_ks40_202603301915_Details/worker_3_TimeAcc.png,plot_file,plot,,,,,,,False,1,97056,png
results/online_link_prediction/plots/202603311319_Batch_Output/Collab_FastPRB_alpha0.85_eps4.24e-05_T5000_k10_lr10.01_lr20.004_h100_ks40_202603301915_Details/worker_4_TimeAcc.png,plot_file,plot,,,,,,,False,1,95779,png
results/online_link_prediction/plots/202603311319_Batch_Output/Collab_FastPRB_alpha0.85_eps4.24e-05_T5000_k10_lr10.01_lr20.004_h100_ks40_202603301915_Details/worker_5_TimeAcc.png,plot_file,plot,,,,,,,False,1,98816,png
results/online_link_prediction/plots/202603311319_Batch_Output/Collab_FastPRB_alpha0.85_eps4.24e-05_T5000_k10_lr10.01_lr20.004_h100_ks40_202603301915_Details/worker_6_TimeAcc.png,plot_file,plot,,,,,,,False,1,94943,png
results/online_link_prediction/plots/202603311319_Batch_Output/Collab_FastPRB_alpha0.85_eps4.24e-05_T5000_k10_lr10.01_lr20.004_h100_ks40_202603301915_Details/worker_7_TimeAcc.png,plot_file,plot,,,,,,,False,1,97116,png
results/online_link_prediction/plots/202603311319_Batch_Output/Collab_FastPRB_alpha0.85_eps4.24e-05_T5000_k10_lr10.01_lr20.004_h100_ks40_202603301915_Details/worker_8_TimeAcc.png,plot_file,plot,,,,,,,False,1,93814,png
results/online_link_prediction/plots/202603311319_Batch_Output/Collab_FastPRB_alpha0.85_eps4.24e-05_T5000_k10_lr10.01_lr20.004_h100_ks40_202603301915_Details/worker_9_TimeAcc.png,plot_file,plot,,,,,,,False,1,97384,png
results/online_link_prediction/plots/202603311319_Batch_Output/Collab_FastPRB_alpha0.85_eps4.24e-06_T5000_k10_lr10.01_lr20.004_h100_ks40_202603310116_Details/worker_0_TimeAcc.png,plot_file,plot,,,,,,,False,1,96786,png
results/online_link_prediction/plots/202603311319_Batch_Output/Collab_FastPRB_alpha0.85_eps4.24e-06_T5000_k10_lr10.01_lr20.004_h100_ks40_202603310116_Details/worker_1_TimeAcc.png,plot_file,plot,,,,,,,False,1,94393,png
results/online_link_prediction/plots/202603311319_Batch_Output/Collab_FastPRB_alpha0.85_eps4.24e-06_T5000_k10_lr10.01_lr20.004_h100_ks40_202603310116_Details/worker_2_TimeAcc.png,plot_file,plot,,,,,,,False,1,95597,png
results/online_link_prediction/plots/202603311319_Batch_Output/Collab_FastPRB_alpha0.85_eps4.24e-06_T5000_k10_lr10.01_lr20.004_h100_ks40_202603310116_Details/worker_3_TimeAcc.png,plot_file,plot,,,,,,,False,1,93982,png
results/online_link_prediction/plots/202603311319_Batch_Output/Collab_FastPRB_alpha0.85_eps4.24e-06_T5000_k10_lr10.01_lr20.004_h100_ks40_202603310116_Details/worker_4_TimeAcc.png,plot_file,plot,,,,,,,False,1,98025,png
results/online_link_prediction/plots/202603311319_Batch_Output/Collab_FastPRB_alpha0.85_eps4.24e-06_T5000_k10_lr10.01_lr20.004_h100_ks40_202603310116_Details/worker_5_TimeAcc.png,plot_file,plot,,,,,,,False,1,97753,png
results/online_link_prediction/plots/202603311319_Batch_Output/Collab_FastPRB_alpha0.85_eps4.24e-06_T5000_k10_lr10.01_lr20.004_h100_ks40_202603310116_Details/worker_6_TimeAcc.png,plot_file,plot,,,,,,,False,1,97131,png
results/online_link_prediction/plots/202603311319_Batch_Output/Collab_FastPRB_alpha0.85_eps4.24e-06_T5000_k10_lr10.01_lr20.004_h100_ks40_202603310116_Details/worker_7_TimeAcc.png,plot_file,plot,,,,,,,False,1,94625,png
results/online_link_prediction/plots/202603311319_Batch_Output/Collab_FastPRB_alpha0.85_eps4.24e-06_T5000_k10_lr10.01_lr20.004_h100_ks40_202603310116_Details/worker_8_TimeAcc.png,plot_file,plot,,,,,,,False,1,95716,png
results/online_link_prediction/plots/202603311319_Batch_Output/Collab_FastPRB_alpha0.85_eps4.24e-06_T5000_k10_lr10.01_lr20.004_h100_ks40_202603310116_Details/worker_9_TimeAcc.png,plot_file,plot,,,,,,,False,1,97795,png
results/online_link_prediction/plots/202603311319_Batch_Output/Collab_FastPRB_alpha0.85_eps4.24e-07_T5000_k10_lr10.01_lr20.004_h100_ks40_202603310116_Details/worker_0_TimeAcc.png,plot_file,plot,,,,,,,False,1,94964,png
results/online_link_prediction/plots/202603311319_Batch_Output/Collab_FastPRB_alpha0.85_eps4.24e-07_T5000_k10_lr10.01_lr20.004_h100_ks40_202603310116_Details/worker_1_TimeAcc.png,plot_file,plot,,,,,,,False,1,92514,png
results/online_link_prediction/plots/202603311319_Batch_Output/Collab_FastPRB_alpha0.85_eps4.24e-07_T5000_k10_lr10.01_lr20.004_h100_ks40_202603310116_Details/worker_2_TimeAcc.png,plot_file,plot,,,,,,,False,1,95605,png
results/online_link_prediction/plots/202603311319_Batch_Output/Collab_FastPRB_alpha0.85_eps4.24e-07_T5000_k10_lr10.01_lr20.004_h100_ks40_202603310116_Details/worker_3_TimeAcc.png,plot_file,plot,,,,,,,False,1,95985,png
results/online_link_prediction/plots/202603311319_Batch_Output/Collab_FastPRB_alpha0.85_eps4.24e-07_T5000_k10_lr10.01_lr20.004_h100_ks40_202603310116_Details/worker_4_TimeAcc.png,plot_file,plot,,,,,,,False,1,98022,png
results/online_link_prediction/plots/202603311319_Batch_Output/Collab_FastPRB_alpha0.85_eps4.24e-07_T5000_k10_lr10.01_lr20.004_h100_ks40_202603310116_Details/worker_5_TimeAcc.png,plot_file,plot,,,,,,,False,1,95625,png
results/online_link_prediction/plots/202603311319_Batch_Output/Collab_FastPRB_alpha0.85_eps4.24e-07_T5000_k10_lr10.01_lr20.004_h100_ks40_202603310116_Details/worker_6_TimeAcc.png,plot_file,plot,,,,,,,False,1,95607,png
results/online_link_prediction/plots/202603311319_Batch_Output/Collab_FastPRB_alpha0.85_eps4.24e-07_T5000_k10_lr10.01_lr20.004_h100_ks40_202603310116_Details/worker_7_TimeAcc.png,plot_file,plot,,,,,,,False,1,95901,png
results/online_link_prediction/plots/202603311319_Batch_Output/Collab_FastPRB_alpha0.85_eps4.24e-07_T5000_k10_lr10.01_lr20.004_h100_ks40_202603310116_Details/worker_8_TimeAcc.png,plot_file,plot,,,,,,,False,1,100976,png
results/online_link_prediction/plots/202603311319_Batch_Output/Collab_FastPRB_alpha0.85_eps4.24e-07_T5000_k10_lr10.01_lr20.004_h100_ks40_202603310116_Details/worker_9_TimeAcc.png,plot_file,plot,,,,,,,False,1,97944,png
results/online_link_prediction/plots/202603311319_Batch_Output/ogbl-Collab_Regret_vs_Rounds.pdf,plot_file,plot,,,,,,,False,1,30038,pdf
results/online_link_prediction/plots/202603311319_Batch_Output/ogbl-Collab_Regret_vs_Rounds.png,plot_file,plot,,,,,,,False,1,382067,png
results/online_link_prediction/plots/202604051523_Batch_Output/AmazonFashion_Regret_vs_Rounds.pdf,plot_file,plot,,,,,,,False,1,16251,pdf
results/online_link_prediction/plots/202604051523_Batch_Output/AmazonFashion_Regret_vs_Rounds.png,plot_file,plot,,,,,,,False,1,240943,png
results/online_link_prediction/plots/202604051523_Batch_Output/Amazon_fashion_PRB_alpha0.85_powT50_T5000_lr10.1_lr20.01_202601291452_Details/worker_0_TimeAcc.png,plot_file,plot,,,,,,,False,1,83121,png
results/online_link_prediction/plots/202604051523_Batch_Output/Amazon_fashion_PRB_alpha0.85_powT50_T5000_lr10.1_lr20.01_202601291452_Details/worker_1_TimeAcc.png,plot_file,plot,,,,,,,False,1,68282,png
results/online_link_prediction/plots/202604051523_Batch_Output/Amazon_fashion_PRB_alpha0.85_powT50_T5000_lr10.1_lr20.01_202601291452_Details/worker_2_TimeAcc.png,plot_file,plot,,,,,,,False,1,76071,png
results/online_link_prediction/plots/202604051523_Batch_Output/Amazon_fashion_PRB_alpha0.85_powT50_T5000_lr10.1_lr20.01_202601291452_Details/worker_3_TimeAcc.png,plot_file,plot,,,,,,,False,1,69202,png
results/online_link_prediction/plots/202604051523_Batch_Output/Amazon_fashion_PRB_alpha0.85_powT50_T5000_lr10.1_lr20.01_202601291452_Details/worker_4_TimeAcc.png,plot_file,plot,,,,,,,False,1,73731,png
results/online_link_prediction/plots/202604051523_Batch_Output/Amazon_fashion_PRB_alpha0.85_powT50_T5000_lr10.1_lr20.01_202601291452_Details/worker_5_TimeAcc.png,plot_file,plot,,,,,,,False,1,71814,png
results/online_link_prediction/plots/202604051523_Batch_Output/Amazon_fashion_PRB_alpha0.85_powT50_T5000_lr10.1_lr20.01_202601291452_Details/worker_6_TimeAcc.png,plot_file,plot,,,,,,,False,1,72805,png
results/online_link_prediction/plots/202604051523_Batch_Output/Amazon_fashion_PRB_alpha0.85_powT50_T5000_lr10.1_lr20.01_202601291452_Details/worker_7_TimeAcc.png,plot_file,plot,,,,,,,False,1,66690,png
results/online_link_prediction/plots/202604051523_Batch_Output/Amazon_fashion_PRB_alpha0.85_powT50_T5000_lr10.1_lr20.01_202601291452_Details/worker_8_TimeAcc.png,plot_file,plot,,,,,,,False,1,68999,png
results/online_link_prediction/plots/202604051523_Batch_Output/Amazon_fashion_PRB_alpha0.85_powT50_T5000_lr10.1_lr20.01_202601291452_Details/worker_9_TimeAcc.png,plot_file,plot,,,,,,,False,1,68055,png
results/online_link_prediction/plots/202604051523_Batch_Output/Facebook_FastPRB_alpha0.85_eps0.000248_T10000_lr10.06_lr20.02_202601291743_Details/worker_0_TimeAcc.png,plot_file,plot,,,,,,,False,1,86631,png
results/online_link_prediction/plots/202604051523_Batch_Output/Facebook_FastPRB_alpha0.85_eps0.000248_T10000_lr10.06_lr20.02_202601291743_Details/worker_1_TimeAcc.png,plot_file,plot,,,,,,,False,1,83269,png
results/online_link_prediction/plots/202604051523_Batch_Output/Facebook_FastPRB_alpha0.85_eps0.000248_T10000_lr10.06_lr20.02_202601291743_Details/worker_2_TimeAcc.png,plot_file,plot,,,,,,,False,1,84996,png
results/online_link_prediction/plots/202604051523_Batch_Output/Facebook_FastPRB_alpha0.85_eps0.000248_T10000_lr10.06_lr20.02_202601291743_Details/worker_3_TimeAcc.png,plot_file,plot,,,,,,,False,1,86469,png
results/online_link_prediction/plots/202604051523_Batch_Output/Facebook_FastPRB_alpha0.85_eps0.000248_T10000_lr10.06_lr20.02_202601291743_Details/worker_4_TimeAcc.png,plot_file,plot,,,,,,,False,1,87402,png
results/online_link_prediction/plots/202604051523_Batch_Output/Facebook_FastPRB_alpha0.85_eps0.000248_T10000_lr10.06_lr20.02_202601291743_Details/worker_5_TimeAcc.png,plot_file,plot,,,,,,,False,1,84129,png
results/online_link_prediction/plots/202604051523_Batch_Output/Facebook_FastPRB_alpha0.85_eps0.000248_T10000_lr10.06_lr20.02_202601291743_Details/worker_6_TimeAcc.png,plot_file,plot,,,,,,,False,1,91139,png
results/online_link_prediction/plots/202604051523_Batch_Output/Facebook_FastPRB_alpha0.85_eps0.000248_T10000_lr10.06_lr20.02_202601291743_Details/worker_7_TimeAcc.png,plot_file,plot,,,,,,,False,1,82393,png
results/online_link_prediction/plots/202604051523_Batch_Output/Facebook_FastPRB_alpha0.85_eps0.000248_T10000_lr10.06_lr20.02_202601291743_Details/worker_8_TimeAcc.png,plot_file,plot,,,,,,,False,1,86368,png
results/online_link_prediction/plots/202604051523_Batch_Output/Facebook_FastPRB_alpha0.85_eps0.000248_T10000_lr10.06_lr20.02_202601291743_Details/worker_9_TimeAcc.png,plot_file,plot,,,,,,,False,1,88928,png
results/online_link_prediction/plots/202604051523_Batch_Output/Facebook_Regret_vs_Rounds.pdf,plot_file,plot,,,,,,,False,1,17708,pdf
results/online_link_prediction/plots/202604051523_Batch_Output/Facebook_Regret_vs_Rounds.png,plot_file,plot,,,,,,,False,1,228830,png
results/online_link_prediction/plots/202604051523_Batch_Output/GrQc_Regret_vs_Rounds.pdf,plot_file,plot,,,,,,,False,1,16693,pdf
results/online_link_prediction/plots/202604051523_Batch_Output/GrQc_Regret_vs_Rounds.png,plot_file,plot,,,,,,,False,1,225500,png
results/online_link_prediction/plots/202604051523_Batch_Output/Grqc_PRB_alpha0.85_powT50_T10000_lr10.01_lr20.004_202601291452_Details/worker_0_TimeAcc.png,plot_file,plot,,,,,,,False,1,101979,png
results/online_link_prediction/plots/202604051523_Batch_Output/Grqc_PRB_alpha0.85_powT50_T10000_lr10.01_lr20.004_202601291452_Details/worker_1_TimeAcc.png,plot_file,plot,,,,,,,False,1,95981,png
results/online_link_prediction/plots/202604051523_Batch_Output/Grqc_PRB_alpha0.85_powT50_T10000_lr10.01_lr20.004_202601291452_Details/worker_2_TimeAcc.png,plot_file,plot,,,,,,,False,1,93710,png
results/online_link_prediction/plots/202604051523_Batch_Output/Grqc_PRB_alpha0.85_powT50_T10000_lr10.01_lr20.004_202601291452_Details/worker_3_TimeAcc.png,plot_file,plot,,,,,,,False,1,95609,png
results/online_link_prediction/plots/202604051523_Batch_Output/Grqc_PRB_alpha0.85_powT50_T10000_lr10.01_lr20.004_202601291452_Details/worker_4_TimeAcc.png,plot_file,plot,,,,,,,False,1,92986,png
results/online_link_prediction/plots/202604051523_Batch_Output/Grqc_PRB_alpha0.85_powT50_T10000_lr10.01_lr20.004_202601291452_Details/worker_5_TimeAcc.png,plot_file,plot,,,,,,,False,1,97618,png
results/online_link_prediction/plots/202604051523_Batch_Output/Grqc_PRB_alpha0.85_powT50_T10000_lr10.01_lr20.004_202601291452_Details/worker_6_TimeAcc.png,plot_file,plot,,,,,,,False,1,96454,png
results/online_link_prediction/plots/202604051523_Batch_Output/Grqc_PRB_alpha0.85_powT50_T10000_lr10.01_lr20.004_202601291452_Details/worker_7_TimeAcc.png,plot_file,plot,,,,,,,False,1,92196,png
results/online_link_prediction/plots/202604051523_Batch_Output/Grqc_PRB_alpha0.85_powT50_T10000_lr10.01_lr20.004_202601291452_Details/worker_8_TimeAcc.png,plot_file,plot,,,,,,,False,1,89399,png
results/online_link_prediction/plots/202604051523_Batch_Output/Grqc_PRB_alpha0.85_powT50_T10000_lr10.01_lr20.004_202601291452_Details/worker_9_TimeAcc.png,plot_file,plot,,,,,,,False,1,96594,png
results/online_link_prediction/plots/202604051523_Batch_Output/MovieLens_PRB_alpha0.85_powT50_T10000_lr10.0073_lr20.0004_202601290025_Details/worker_0_TimeAcc.png,plot_file,plot,,,,,,,False,1,87238,png
results/online_link_prediction/plots/202604051523_Batch_Output/MovieLens_PRB_alpha0.85_powT50_T10000_lr10.0073_lr20.0004_202601290025_Details/worker_1_TimeAcc.png,plot_file,plot,,,,,,,False,1,84347,png
results/online_link_prediction/plots/202604051523_Batch_Output/MovieLens_PRB_alpha0.85_powT50_T10000_lr10.0073_lr20.0004_202601290025_Details/worker_2_TimeAcc.png,plot_file,plot,,,,,,,False,1,84831,png
results/online_link_prediction/plots/202604051523_Batch_Output/MovieLens_PRB_alpha0.85_powT50_T10000_lr10.0073_lr20.0004_202601290025_Details/worker_3_TimeAcc.png,plot_file,plot,,,,,,,False,1,87256,png
results/online_link_prediction/plots/202604051523_Batch_Output/MovieLens_PRB_alpha0.85_powT50_T10000_lr10.0073_lr20.0004_202601290025_Details/worker_4_TimeAcc.png,plot_file,plot,,,,,,,False,1,85822,png
results/online_link_prediction/plots/202604051523_Batch_Output/MovieLens_PRB_alpha0.85_powT50_T10000_lr10.0073_lr20.0004_202601290025_Details/worker_5_TimeAcc.png,plot_file,plot,,,,,,,False,1,87495,png
results/online_link_prediction/plots/202604051523_Batch_Output/MovieLens_PRB_alpha0.85_powT50_T10000_lr10.0073_lr20.0004_202601290025_Details/worker_6_TimeAcc.png,plot_file,plot,,,,,,,False,1,85981,png
results/online_link_prediction/plots/202604051523_Batch_Output/MovieLens_PRB_alpha0.85_powT50_T10000_lr10.0073_lr20.0004_202601290025_Details/worker_7_TimeAcc.png,plot_file,plot,,,,,,,False,1,84233,png
results/online_link_prediction/plots/202604051523_Batch_Output/MovieLens_PRB_alpha0.85_powT50_T10000_lr10.0073_lr20.0004_202601290025_Details/worker_8_TimeAcc.png,plot_file,plot,,,,,,,False,1,82057,png
results/online_link_prediction/plots/202604051523_Batch_Output/MovieLens_PRB_alpha0.85_powT50_T10000_lr10.0073_lr20.0004_202601290025_Details/worker_9_TimeAcc.png,plot_file,plot,,,,,,,False,1,86067,png
results/online_link_prediction/plots/202604051523_Batch_Output/MovieLens_Regret_vs_Rounds.pdf,plot_file,plot,,,,,,,False,1,15180,pdf
results/online_link_prediction/plots/202604051523_Batch_Output/MovieLens_Regret_vs_Rounds.png,plot_file,plot,,,,,,,False,1,222908,png
results/online_link_prediction/plots/202604051530_Batch_Output/AmazonFashion_Regret_vs_Rounds.pdf,plot_file,plot,,,,,,,False,1,19176,pdf
results/online_link_prediction/plots/202604051530_Batch_Output/AmazonFashion_Regret_vs_Rounds.png,plot_file,plot,,,,,,,False,1,249905,png
results/online_link_prediction/plots/202604051530_Batch_Output/Amazon_fashion_PRB_alpha0.85_powT50_T5000_lr10.1_lr20.01_202601291452_Details/worker_0_TimeAcc.png,plot_file,plot,,,,,,,False,1,83121,png
results/online_link_prediction/plots/202604051530_Batch_Output/Amazon_fashion_PRB_alpha0.85_powT50_T5000_lr10.1_lr20.01_202601291452_Details/worker_1_TimeAcc.png,plot_file,plot,,,,,,,False,1,68282,png
results/online_link_prediction/plots/202604051530_Batch_Output/Amazon_fashion_PRB_alpha0.85_powT50_T5000_lr10.1_lr20.01_202601291452_Details/worker_2_TimeAcc.png,plot_file,plot,,,,,,,False,1,76071,png
results/online_link_prediction/plots/202604051530_Batch_Output/Amazon_fashion_PRB_alpha0.85_powT50_T5000_lr10.1_lr20.01_202601291452_Details/worker_3_TimeAcc.png,plot_file,plot,,,,,,,False,1,69202,png
results/online_link_prediction/plots/202604051530_Batch_Output/Amazon_fashion_PRB_alpha0.85_powT50_T5000_lr10.1_lr20.01_202601291452_Details/worker_4_TimeAcc.png,plot_file,plot,,,,,,,False,1,73731,png
results/online_link_prediction/plots/202604051530_Batch_Output/Amazon_fashion_PRB_alpha0.85_powT50_T5000_lr10.1_lr20.01_202601291452_Details/worker_5_TimeAcc.png,plot_file,plot,,,,,,,False,1,71814,png
results/online_link_prediction/plots/202604051530_Batch_Output/Amazon_fashion_PRB_alpha0.85_powT50_T5000_lr10.1_lr20.01_202601291452_Details/worker_6_TimeAcc.png,plot_file,plot,,,,,,,False,1,72805,png
results/online_link_prediction/plots/202604051530_Batch_Output/Amazon_fashion_PRB_alpha0.85_powT50_T5000_lr10.1_lr20.01_202601291452_Details/worker_7_TimeAcc.png,plot_file,plot,,,,,,,False,1,66690,png
results/online_link_prediction/plots/202604051530_Batch_Output/Amazon_fashion_PRB_alpha0.85_powT50_T5000_lr10.1_lr20.01_202601291452_Details/worker_8_TimeAcc.png,plot_file,plot,,,,,,,False,1,68999,png
results/online_link_prediction/plots/202604051530_Batch_Output/Amazon_fashion_PRB_alpha0.85_powT50_T5000_lr10.1_lr20.01_202601291452_Details/worker_9_TimeAcc.png,plot_file,plot,,,,,,,False,1,68055,png
results/online_link_prediction/plots/202604051530_Batch_Output/Facebook_FastPRB_alpha0.85_eps0.000248_T10000_lr10.06_lr20.02_202601291743_Details/worker_0_TimeAcc.png,plot_file,plot,,,,,,,False,1,86631,png
results/online_link_prediction/plots/202604051530_Batch_Output/Facebook_FastPRB_alpha0.85_eps0.000248_T10000_lr10.06_lr20.02_202601291743_Details/worker_1_TimeAcc.png,plot_file,plot,,,,,,,False,1,83269,png
results/online_link_prediction/plots/202604051530_Batch_Output/Facebook_FastPRB_alpha0.85_eps0.000248_T10000_lr10.06_lr20.02_202601291743_Details/worker_2_TimeAcc.png,plot_file,plot,,,,,,,False,1,84996,png
results/online_link_prediction/plots/202604051530_Batch_Output/Facebook_FastPRB_alpha0.85_eps0.000248_T10000_lr10.06_lr20.02_202601291743_Details/worker_3_TimeAcc.png,plot_file,plot,,,,,,,False,1,86469,png
results/online_link_prediction/plots/202604051530_Batch_Output/Facebook_FastPRB_alpha0.85_eps0.000248_T10000_lr10.06_lr20.02_202601291743_Details/worker_4_TimeAcc.png,plot_file,plot,,,,,,,False,1,87402,png
results/online_link_prediction/plots/202604051530_Batch_Output/Facebook_FastPRB_alpha0.85_eps0.000248_T10000_lr10.06_lr20.02_202601291743_Details/worker_5_TimeAcc.png,plot_file,plot,,,,,,,False,1,84129,png
results/online_link_prediction/plots/202604051530_Batch_Output/Facebook_FastPRB_alpha0.85_eps0.000248_T10000_lr10.06_lr20.02_202601291743_Details/worker_6_TimeAcc.png,plot_file,plot,,,,,,,False,1,91139,png
results/online_link_prediction/plots/202604051530_Batch_Output/Facebook_FastPRB_alpha0.85_eps0.000248_T10000_lr10.06_lr20.02_202601291743_Details/worker_7_TimeAcc.png,plot_file,plot,,,,,,,False,1,82393,png
results/online_link_prediction/plots/202604051530_Batch_Output/Facebook_FastPRB_alpha0.85_eps0.000248_T10000_lr10.06_lr20.02_202601291743_Details/worker_8_TimeAcc.png,plot_file,plot,,,,,,,False,1,86368,png
results/online_link_prediction/plots/202604051530_Batch_Output/Facebook_FastPRB_alpha0.85_eps0.000248_T10000_lr10.06_lr20.02_202601291743_Details/worker_9_TimeAcc.png,plot_file,plot,,,,,,,False,1,88928,png
results/online_link_prediction/plots/202604051530_Batch_Output/Facebook_Regret_vs_Rounds.pdf,plot_file,plot,,,,,,,False,1,24972,pdf
results/online_link_prediction/plots/202604051530_Batch_Output/Facebook_Regret_vs_Rounds.png,plot_file,plot,,,,,,,False,1,242336,png
results/online_link_prediction/plots/202604051530_Batch_Output/GrQc_Regret_vs_Rounds.pdf,plot_file,plot,,,,,,,False,1,20428,pdf
results/online_link_prediction/plots/202604051530_Batch_Output/GrQc_Regret_vs_Rounds.png,plot_file,plot,,,,,,,False,1,235329,png
results/online_link_prediction/plots/202604051530_Batch_Output/Grqc_PRB_alpha0.85_powT50_T10000_lr10.01_lr20.004_202601291452_Details/worker_0_TimeAcc.png,plot_file,plot,,,,,,,False,1,101979,png
results/online_link_prediction/plots/202604051530_Batch_Output/Grqc_PRB_alpha0.85_powT50_T10000_lr10.01_lr20.004_202601291452_Details/worker_1_TimeAcc.png,plot_file,plot,,,,,,,False,1,95981,png
results/online_link_prediction/plots/202604051530_Batch_Output/Grqc_PRB_alpha0.85_powT50_T10000_lr10.01_lr20.004_202601291452_Details/worker_2_TimeAcc.png,plot_file,plot,,,,,,,False,1,93710,png
results/online_link_prediction/plots/202604051530_Batch_Output/Grqc_PRB_alpha0.85_powT50_T10000_lr10.01_lr20.004_202601291452_Details/worker_3_TimeAcc.png,plot_file,plot,,,,,,,False,1,95609,png
results/online_link_prediction/plots/202604051530_Batch_Output/Grqc_PRB_alpha0.85_powT50_T10000_lr10.01_lr20.004_202601291452_Details/worker_4_TimeAcc.png,plot_file,plot,,,,,,,False,1,92986,png
results/online_link_prediction/plots/202604051530_Batch_Output/Grqc_PRB_alpha0.85_powT50_T10000_lr10.01_lr20.004_202601291452_Details/worker_5_TimeAcc.png,plot_file,plot,,,,,,,False,1,97618,png
results/online_link_prediction/plots/202604051530_Batch_Output/Grqc_PRB_alpha0.85_powT50_T10000_lr10.01_lr20.004_202601291452_Details/worker_6_TimeAcc.png,plot_file,plot,,,,,,,False,1,96454,png
results/online_link_prediction/plots/202604051530_Batch_Output/Grqc_PRB_alpha0.85_powT50_T10000_lr10.01_lr20.004_202601291452_Details/worker_7_TimeAcc.png,plot_file,plot,,,,,,,False,1,92196,png
results/online_link_prediction/plots/202604051530_Batch_Output/Grqc_PRB_alpha0.85_powT50_T10000_lr10.01_lr20.004_202601291452_Details/worker_8_TimeAcc.png,plot_file,plot,,,,,,,False,1,89399,png
results/online_link_prediction/plots/202604051530_Batch_Output/Grqc_PRB_alpha0.85_powT50_T10000_lr10.01_lr20.004_202601291452_Details/worker_9_TimeAcc.png,plot_file,plot,,,,,,,False,1,96594,png
results/online_link_prediction/plots/202604051530_Batch_Output/MovieLens_PRB_alpha0.85_powT50_T10000_lr10.0073_lr20.0004_202601290025_Details/worker_0_TimeAcc.png,plot_file,plot,,,,,,,False,1,87238,png
results/online_link_prediction/plots/202604051530_Batch_Output/MovieLens_PRB_alpha0.85_powT50_T10000_lr10.0073_lr20.0004_202601290025_Details/worker_1_TimeAcc.png,plot_file,plot,,,,,,,False,1,84347,png
results/online_link_prediction/plots/202604051530_Batch_Output/MovieLens_PRB_alpha0.85_powT50_T10000_lr10.0073_lr20.0004_202601290025_Details/worker_2_TimeAcc.png,plot_file,plot,,,,,,,False,1,84831,png
results/online_link_prediction/plots/202604051530_Batch_Output/MovieLens_PRB_alpha0.85_powT50_T10000_lr10.0073_lr20.0004_202601290025_Details/worker_3_TimeAcc.png,plot_file,plot,,,,,,,False,1,87256,png
results/online_link_prediction/plots/202604051530_Batch_Output/MovieLens_PRB_alpha0.85_powT50_T10000_lr10.0073_lr20.0004_202601290025_Details/worker_4_TimeAcc.png,plot_file,plot,,,,,,,False,1,85822,png
results/online_link_prediction/plots/202604051530_Batch_Output/MovieLens_PRB_alpha0.85_powT50_T10000_lr10.0073_lr20.0004_202601290025_Details/worker_5_TimeAcc.png,plot_file,plot,,,,,,,False,1,87495,png
results/online_link_prediction/plots/202604051530_Batch_Output/MovieLens_PRB_alpha0.85_powT50_T10000_lr10.0073_lr20.0004_202601290025_Details/worker_6_TimeAcc.png,plot_file,plot,,,,,,,False,1,85981,png
results/online_link_prediction/plots/202604051530_Batch_Output/MovieLens_PRB_alpha0.85_powT50_T10000_lr10.0073_lr20.0004_202601290025_Details/worker_7_TimeAcc.png,plot_file,plot,,,,,,,False,1,84233,png
results/online_link_prediction/plots/202604051530_Batch_Output/MovieLens_PRB_alpha0.85_powT50_T10000_lr10.0073_lr20.0004_202601290025_Details/worker_8_TimeAcc.png,plot_file,plot,,,,,,,False,1,82057,png
results/online_link_prediction/plots/202604051530_Batch_Output/MovieLens_PRB_alpha0.85_powT50_T10000_lr10.0073_lr20.0004_202601290025_Details/worker_9_TimeAcc.png,plot_file,plot,,,,,,,False,1,86067,png
results/online_link_prediction/plots/202604051530_Batch_Output/MovieLens_Regret_vs_Rounds.pdf,plot_file,plot,,,,,,,False,1,22771,pdf
results/online_link_prediction/plots/202604051530_Batch_Output/MovieLens_Regret_vs_Rounds.png,plot_file,plot,,,,,,,False,1,235678,png
results/online_link_prediction/plots/202604051533_Batch_Output/AmazonFashion_Regret_vs_Rounds.pdf,plot_file,plot,,,,,,,False,1,19109,pdf
results/online_link_prediction/plots/202604051533_Batch_Output/AmazonFashion_Regret_vs_Rounds.png,plot_file,plot,,,,,,,False,1,251495,png
results/online_link_prediction/plots/202604051533_Batch_Output/Amazon_fashion_PRB_alpha0.85_powT50_T5000_lr10.1_lr20.01_202601291452_Details/worker_0_TimeAcc.png,plot_file,plot,,,,,,,False,1,82583,png
results/online_link_prediction/plots/202604051533_Batch_Output/Amazon_fashion_PRB_alpha0.85_powT50_T5000_lr10.1_lr20.01_202601291452_Details/worker_1_TimeAcc.png,plot_file,plot,,,,,,,False,1,68188,png
results/online_link_prediction/plots/202604051533_Batch_Output/Amazon_fashion_PRB_alpha0.85_powT50_T5000_lr10.1_lr20.01_202601291452_Details/worker_2_TimeAcc.png,plot_file,plot,,,,,,,False,1,76174,png
results/online_link_prediction/plots/202604051533_Batch_Output/Amazon_fashion_PRB_alpha0.85_powT50_T5000_lr10.1_lr20.01_202601291452_Details/worker_3_TimeAcc.png,plot_file,plot,,,,,,,False,1,68920,png
results/online_link_prediction/plots/202604051533_Batch_Output/Amazon_fashion_PRB_alpha0.85_powT50_T5000_lr10.1_lr20.01_202601291452_Details/worker_4_TimeAcc.png,plot_file,plot,,,,,,,False,1,73013,png
results/online_link_prediction/plots/202604051533_Batch_Output/Amazon_fashion_PRB_alpha0.85_powT50_T5000_lr10.1_lr20.01_202601291452_Details/worker_5_TimeAcc.png,plot_file,plot,,,,,,,False,1,71188,png
results/online_link_prediction/plots/202604051533_Batch_Output/Amazon_fashion_PRB_alpha0.85_powT50_T5000_lr10.1_lr20.01_202601291452_Details/worker_6_TimeAcc.png,plot_file,plot,,,,,,,False,1,73246,png
results/online_link_prediction/plots/202604051533_Batch_Output/Amazon_fashion_PRB_alpha0.85_powT50_T5000_lr10.1_lr20.01_202601291452_Details/worker_7_TimeAcc.png,plot_file,plot,,,,,,,False,1,66055,png
results/online_link_prediction/plots/202604051533_Batch_Output/Amazon_fashion_PRB_alpha0.85_powT50_T5000_lr10.1_lr20.01_202601291452_Details/worker_8_TimeAcc.png,plot_file,plot,,,,,,,False,1,68010,png
results/online_link_prediction/plots/202604051533_Batch_Output/Amazon_fashion_PRB_alpha0.85_powT50_T5000_lr10.1_lr20.01_202601291452_Details/worker_9_TimeAcc.png,plot_file,plot,,,,,,,False,1,67377,png
results/online_link_prediction/plots/202604051533_Batch_Output/Facebook_PRB_alpha0.85_powT50_T10000_lr10.06_lr20.02_202601291452_Details/worker_0_TimeAcc.png,plot_file,plot,,,,,,,False,1,82526,png
results/online_link_prediction/plots/202604051533_Batch_Output/Facebook_PRB_alpha0.85_powT50_T10000_lr10.06_lr20.02_202601291452_Details/worker_1_TimeAcc.png,plot_file,plot,,,,,,,False,1,84392,png
results/online_link_prediction/plots/202604051533_Batch_Output/Facebook_PRB_alpha0.85_powT50_T10000_lr10.06_lr20.02_202601291452_Details/worker_2_TimeAcc.png,plot_file,plot,,,,,,,False,1,81625,png
results/online_link_prediction/plots/202604051533_Batch_Output/Facebook_PRB_alpha0.85_powT50_T10000_lr10.06_lr20.02_202601291452_Details/worker_3_TimeAcc.png,plot_file,plot,,,,,,,False,1,85587,png
results/online_link_prediction/plots/202604051533_Batch_Output/Facebook_PRB_alpha0.85_powT50_T10000_lr10.06_lr20.02_202601291452_Details/worker_4_TimeAcc.png,plot_file,plot,,,,,,,False,1,84673,png
results/online_link_prediction/plots/202604051533_Batch_Output/Facebook_PRB_alpha0.85_powT50_T10000_lr10.06_lr20.02_202601291452_Details/worker_5_TimeAcc.png,plot_file,plot,,,,,,,False,1,86686,png
results/online_link_prediction/plots/202604051533_Batch_Output/Facebook_PRB_alpha0.85_powT50_T10000_lr10.06_lr20.02_202601291452_Details/worker_6_TimeAcc.png,plot_file,plot,,,,,,,False,1,84970,png
results/online_link_prediction/plots/202604051533_Batch_Output/Facebook_PRB_alpha0.85_powT50_T10000_lr10.06_lr20.02_202601291452_Details/worker_7_TimeAcc.png,plot_file,plot,,,,,,,False,1,80692,png
results/online_link_prediction/plots/202604051533_Batch_Output/Facebook_PRB_alpha0.85_powT50_T10000_lr10.06_lr20.02_202601291452_Details/worker_8_TimeAcc.png,plot_file,plot,,,,,,,False,1,88728,png
results/online_link_prediction/plots/202604051533_Batch_Output/Facebook_PRB_alpha0.85_powT50_T10000_lr10.06_lr20.02_202601291452_Details/worker_9_TimeAcc.png,plot_file,plot,,,,,,,False,1,90069,png
results/online_link_prediction/plots/202604051533_Batch_Output/Facebook_Regret_vs_Rounds.pdf,plot_file,plot,,,,,,,False,1,24275,pdf
results/online_link_prediction/plots/202604051533_Batch_Output/Facebook_Regret_vs_Rounds.png,plot_file,plot,,,,,,,False,1,239489,png
results/online_link_prediction/plots/202604051533_Batch_Output/GrQc_Regret_vs_Rounds.pdf,plot_file,plot,,,,,,,False,1,20155,pdf
results/online_link_prediction/plots/202604051533_Batch_Output/GrQc_Regret_vs_Rounds.png,plot_file,plot,,,,,,,False,1,239414,png
results/online_link_prediction/plots/202604051533_Batch_Output/Grqc_PRB_alpha0.85_powT50_T10000_lr10.01_lr20.004_202601291452_Details/worker_0_TimeAcc.png,plot_file,plot,,,,,,,False,1,100620,png
results/online_link_prediction/plots/202604051533_Batch_Output/Grqc_PRB_alpha0.85_powT50_T10000_lr10.01_lr20.004_202601291452_Details/worker_1_TimeAcc.png,plot_file,plot,,,,,,,False,1,94269,png
results/online_link_prediction/plots/202604051533_Batch_Output/Grqc_PRB_alpha0.85_powT50_T10000_lr10.01_lr20.004_202601291452_Details/worker_2_TimeAcc.png,plot_file,plot,,,,,,,False,1,92165,png
results/online_link_prediction/plots/202604051533_Batch_Output/Grqc_PRB_alpha0.85_powT50_T10000_lr10.01_lr20.004_202601291452_Details/worker_3_TimeAcc.png,plot_file,plot,,,,,,,False,1,93705,png
results/online_link_prediction/plots/202604051533_Batch_Output/Grqc_PRB_alpha0.85_powT50_T10000_lr10.01_lr20.004_202601291452_Details/worker_4_TimeAcc.png,plot_file,plot,,,,,,,False,1,91440,png
results/online_link_prediction/plots/202604051533_Batch_Output/Grqc_PRB_alpha0.85_powT50_T10000_lr10.01_lr20.004_202601291452_Details/worker_5_TimeAcc.png,plot_file,plot,,,,,,,False,1,95938,png
results/online_link_prediction/plots/202604051533_Batch_Output/Grqc_PRB_alpha0.85_powT50_T10000_lr10.01_lr20.004_202601291452_Details/worker_6_TimeAcc.png,plot_file,plot,,,,,,,False,1,94441,png
results/online_link_prediction/plots/202604051533_Batch_Output/Grqc_PRB_alpha0.85_powT50_T10000_lr10.01_lr20.004_202601291452_Details/worker_7_TimeAcc.png,plot_file,plot,,,,,,,False,1,90822,png
results/online_link_prediction/plots/202604051533_Batch_Output/Grqc_PRB_alpha0.85_powT50_T10000_lr10.01_lr20.004_202601291452_Details/worker_8_TimeAcc.png,plot_file,plot,,,,,,,False,1,87755,png
results/online_link_prediction/plots/202604051533_Batch_Output/Grqc_PRB_alpha0.85_powT50_T10000_lr10.01_lr20.004_202601291452_Details/worker_9_TimeAcc.png,plot_file,plot,,,,,,,False,1,95478,png
results/online_link_prediction/plots/202604051533_Batch_Output/MovieLens_PRB_alpha0.85_powT50_T10000_lr10.0073_lr20.0004_202601290025_Details/worker_0_TimeAcc.png,plot_file,plot,,,,,,,False,1,86043,png
results/online_link_prediction/plots/202604051533_Batch_Output/MovieLens_PRB_alpha0.85_powT50_T10000_lr10.0073_lr20.0004_202601290025_Details/worker_1_TimeAcc.png,plot_file,plot,,,,,,,False,1,83307,png
results/online_link_prediction/plots/202604051533_Batch_Output/MovieLens_PRB_alpha0.85_powT50_T10000_lr10.0073_lr20.0004_202601290025_Details/worker_2_TimeAcc.png,plot_file,plot,,,,,,,False,1,85138,png
results/online_link_prediction/plots/202604051533_Batch_Output/MovieLens_PRB_alpha0.85_powT50_T10000_lr10.0073_lr20.0004_202601290025_Details/worker_3_TimeAcc.png,plot_file,plot,,,,,,,False,1,87333,png
results/online_link_prediction/plots/202604051533_Batch_Output/MovieLens_PRB_alpha0.85_powT50_T10000_lr10.0073_lr20.0004_202601290025_Details/worker_4_TimeAcc.png,plot_file,plot,,,,,,,False,1,85273,png
results/online_link_prediction/plots/202604051533_Batch_Output/MovieLens_PRB_alpha0.85_powT50_T10000_lr10.0073_lr20.0004_202601290025_Details/worker_5_TimeAcc.png,plot_file,plot,,,,,,,False,1,87922,png
results/online_link_prediction/plots/202604051533_Batch_Output/MovieLens_PRB_alpha0.85_powT50_T10000_lr10.0073_lr20.0004_202601290025_Details/worker_6_TimeAcc.png,plot_file,plot,,,,,,,False,1,86007,png
results/online_link_prediction/plots/202604051533_Batch_Output/MovieLens_PRB_alpha0.85_powT50_T10000_lr10.0073_lr20.0004_202601290025_Details/worker_7_TimeAcc.png,plot_file,plot,,,,,,,False,1,83487,png
results/online_link_prediction/plots/202604051533_Batch_Output/MovieLens_PRB_alpha0.85_powT50_T10000_lr10.0073_lr20.0004_202601290025_Details/worker_8_TimeAcc.png,plot_file,plot,,,,,,,False,1,80713,png
results/online_link_prediction/plots/202604051533_Batch_Output/MovieLens_PRB_alpha0.85_powT50_T10000_lr10.0073_lr20.0004_202601290025_Details/worker_9_TimeAcc.png,plot_file,plot,,,,,,,False,1,86153,png
results/online_link_prediction/plots/202604051533_Batch_Output/MovieLens_Regret_vs_Rounds.pdf,plot_file,plot,,,,,,,False,1,22736,pdf
results/online_link_prediction/plots/202604051533_Batch_Output/MovieLens_Regret_vs_Rounds.png,plot_file,plot,,,,,,,False,1,238806,png
results/online_link_prediction/plots/202605071016_Batch_Output/MovieLens_FastPRB_alpha0.85_eps8.33e-05_T10000_k10_initH1_initK5_lr10.0073_lr20.0004_h100_ks40_202605061210_Details/worker_0_TimeAcc.png,plot_file,plot,,,,,,,False,1,84052,png
results/online_link_prediction/plots/202605071016_Batch_Output/MovieLens_FastPRB_alpha0.85_eps8.33e-05_T10000_k10_initH1_initK5_lr10.0073_lr20.0004_h100_ks40_202605061210_Details/worker_1_TimeAcc.png,plot_file,plot,,,,,,,False,1,80525,png
results/online_link_prediction/plots/202605071016_Batch_Output/MovieLens_FastPRB_alpha0.85_eps8.33e-05_T10000_k10_initH1_initK5_lr10.0073_lr20.0004_h100_ks40_202605061210_Details/worker_2_TimeAcc.png,plot_file,plot,,,,,,,False,1,80346,png
results/online_link_prediction/plots/202605071016_Batch_Output/MovieLens_FastPRB_alpha0.85_eps8.33e-05_T10000_k10_initH1_initK5_lr10.0073_lr20.0004_h100_ks40_202605061210_Details/worker_3_TimeAcc.png,plot_file,plot,,,,,,,False,1,83118,png
results/online_link_prediction/plots/202605071016_Batch_Output/MovieLens_FastPRB_alpha0.85_eps8.33e-05_T10000_k10_initH1_initK5_lr10.0073_lr20.0004_h100_ks40_202605061210_Details/worker_4_TimeAcc.png,plot_file,plot,,,,,,,False,1,82815,png
results/online_link_prediction/plots/202605071016_Batch_Output/MovieLens_FastPRB_alpha0.85_eps8.33e-05_T10000_k10_initH1_initK5_lr10.0073_lr20.0004_h100_ks40_202605061210_Details/worker_5_TimeAcc.png,plot_file,plot,,,,,,,False,1,83765,png
results/online_link_prediction/plots/202605071016_Batch_Output/MovieLens_FastPRB_alpha0.85_eps8.33e-05_T10000_k10_initH1_initK5_lr10.0073_lr20.0004_h100_ks40_202605061210_Details/worker_6_TimeAcc.png,plot_file,plot,,,,,,,False,1,81636,png
results/online_link_prediction/plots/202605071016_Batch_Output/MovieLens_FastPRB_alpha0.85_eps8.33e-05_T10000_k10_initH1_initK5_lr10.0073_lr20.0004_h100_ks40_202605061210_Details/worker_7_TimeAcc.png,plot_file,plot,,,,,,,False,1,80759,png
results/online_link_prediction/plots/202605071016_Batch_Output/MovieLens_FastPRB_alpha0.85_eps8.33e-05_T10000_k10_initH1_initK5_lr10.0073_lr20.0004_h100_ks40_202605061210_Details/worker_8_TimeAcc.png,plot_file,plot,,,,,,,False,1,79902,png
results/online_link_prediction/plots/202605071016_Batch_Output/MovieLens_FastPRB_alpha0.85_eps8.33e-05_T10000_k10_initH1_initK5_lr10.0073_lr20.0004_h100_ks40_202605061210_Details/worker_9_TimeAcc.png,plot_file,plot,,,,,,,False,1,81930,png
results/online_link_prediction/plots/202605071016_Batch_Output/MovieLens_Regret_vs_Rounds.pdf,plot_file,plot,,,,,,,False,1,23639,pdf
results/online_link_prediction/plots/202605071016_Batch_Output/MovieLens_Regret_vs_Rounds.png,plot_file,plot,,,,,,,False,1,240386,png
results/online_link_prediction/plots/202605071337_Batch_Output/MovieLens_FastPRB_alpha0.85_eps8.33e-05_T10000_k10_initH1_initK5_lr10.0073_lr20.0004_h100_ks40_202605071049_Details/worker_0_TimeAcc.png,plot_file,plot,,,,,,,False,1,81472,png
results/online_link_prediction/plots/202605071337_Batch_Output/MovieLens_FastPRB_alpha0.85_eps8.33e-05_T10000_k10_initH1_initK5_lr10.0073_lr20.0004_h100_ks40_202605071049_Details/worker_1_TimeAcc.png,plot_file,plot,,,,,,,False,1,87023,png
results/online_link_prediction/plots/202605071337_Batch_Output/MovieLens_FastPRB_alpha0.85_eps8.33e-05_T10000_k10_initH1_initK5_lr10.0073_lr20.0004_h100_ks40_202605071049_Details/worker_2_TimeAcc.png,plot_file,plot,,,,,,,False,1,83120,png
results/online_link_prediction/plots/202605071337_Batch_Output/MovieLens_FastPRB_alpha0.85_eps8.33e-05_T10000_k10_initH1_initK5_lr10.0073_lr20.0004_h100_ks40_202605071049_Details/worker_3_TimeAcc.png,plot_file,plot,,,,,,,False,1,81676,png
results/online_link_prediction/plots/202605071337_Batch_Output/MovieLens_FastPRB_alpha0.85_eps8.33e-05_T10000_k10_initH1_initK5_lr10.0073_lr20.0004_h100_ks40_202605071049_Details/worker_4_TimeAcc.png,plot_file,plot,,,,,,,False,1,82754,png
results/online_link_prediction/plots/202605071337_Batch_Output/MovieLens_FastPRB_alpha0.85_eps8.33e-05_T10000_k10_initH1_initK5_lr10.0073_lr20.0004_h100_ks40_202605071049_Details/worker_5_TimeAcc.png,plot_file,plot,,,,,,,False,1,86168,png
results/online_link_prediction/plots/202605071337_Batch_Output/MovieLens_FastPRB_alpha0.85_eps8.33e-05_T10000_k10_initH1_initK5_lr10.0073_lr20.0004_h100_ks40_202605071049_Details/worker_6_TimeAcc.png,plot_file,plot,,,,,,,False,1,84985,png
results/online_link_prediction/plots/202605071337_Batch_Output/MovieLens_FastPRB_alpha0.85_eps8.33e-05_T10000_k10_initH1_initK5_lr10.0073_lr20.0004_h100_ks40_202605071049_Details/worker_7_TimeAcc.png,plot_file,plot,,,,,,,False,1,84835,png
results/online_link_prediction/plots/202605071337_Batch_Output/MovieLens_FastPRB_alpha0.85_eps8.33e-05_T10000_k10_initH1_initK5_lr10.0073_lr20.0004_h100_ks40_202605071049_Details/worker_8_TimeAcc.png,plot_file,plot,,,,,,,False,1,80825,png
results/online_link_prediction/plots/202605071337_Batch_Output/MovieLens_FastPRB_alpha0.85_eps8.33e-05_T10000_k10_initH1_initK5_lr10.0073_lr20.0004_h100_ks40_202605071049_Details/worker_9_TimeAcc.png,plot_file,plot,,,,,,,False,1,86838,png
results/online_link_prediction/plots/202605071337_Batch_Output/MovieLens_Regret_vs_Rounds.pdf,plot_file,plot,,,,,,,False,1,23276,pdf
results/online_link_prediction/plots/202605071337_Batch_Output/MovieLens_Regret_vs_Rounds.png,plot_file,plot,,,,,,,False,1,240741,png
results/online_link_prediction/plots/202605110941_Batch_Output/MovieLens_FastPRB_alpha0.85_eps8.33e-05_T10000_k10_initH1_initK5_lr10.0073_lr20.0004_h100_ks40_202605071049_Details/worker_0_TimeAcc.png,plot_file,plot,,,,,,,False,1,81472,png
results/online_link_prediction/plots/202605110941_Batch_Output/MovieLens_FastPRB_alpha0.85_eps8.33e-05_T10000_k10_initH1_initK5_lr10.0073_lr20.0004_h100_ks40_202605071049_Details/worker_1_TimeAcc.png,plot_file,plot,,,,,,,False,1,87023,png
results/online_link_prediction/plots/202605110941_Batch_Output/MovieLens_FastPRB_alpha0.85_eps8.33e-05_T10000_k10_initH1_initK5_lr10.0073_lr20.0004_h100_ks40_202605071049_Details/worker_2_TimeAcc.png,plot_file,plot,,,,,,,False,1,83120,png
results/online_link_prediction/plots/202605110941_Batch_Output/MovieLens_FastPRB_alpha0.85_eps8.33e-05_T10000_k10_initH1_initK5_lr10.0073_lr20.0004_h100_ks40_202605071049_Details/worker_3_TimeAcc.png,plot_file,plot,,,,,,,False,1,81676,png
results/online_link_prediction/plots/202605110941_Batch_Output/MovieLens_FastPRB_alpha0.85_eps8.33e-05_T10000_k10_initH1_initK5_lr10.0073_lr20.0004_h100_ks40_202605071049_Details/worker_4_TimeAcc.png,plot_file,plot,,,,,,,False,1,82754,png
results/online_link_prediction/plots/202605110941_Batch_Output/MovieLens_FastPRB_alpha0.85_eps8.33e-05_T10000_k10_initH1_initK5_lr10.0073_lr20.0004_h100_ks40_202605071049_Details/worker_5_TimeAcc.png,plot_file,plot,,,,,,,False,1,86168,png
results/online_link_prediction/plots/202605110941_Batch_Output/MovieLens_FastPRB_alpha0.85_eps8.33e-05_T10000_k10_initH1_initK5_lr10.0073_lr20.0004_h100_ks40_202605071049_Details/worker_6_TimeAcc.png,plot_file,plot,,,,,,,False,1,84985,png
results/online_link_prediction/plots/202605110941_Batch_Output/MovieLens_FastPRB_alpha0.85_eps8.33e-05_T10000_k10_initH1_initK5_lr10.0073_lr20.0004_h100_ks40_202605071049_Details/worker_7_TimeAcc.png,plot_file,plot,,,,,,,False,1,84835,png
results/online_link_prediction/plots/202605110941_Batch_Output/MovieLens_FastPRB_alpha0.85_eps8.33e-05_T10000_k10_initH1_initK5_lr10.0073_lr20.0004_h100_ks40_202605071049_Details/worker_8_TimeAcc.png,plot_file,plot,,,,,,,False,1,80825,png
results/online_link_prediction/plots/202605110941_Batch_Output/MovieLens_FastPRB_alpha0.85_eps8.33e-05_T10000_k10_initH1_initK5_lr10.0073_lr20.0004_h100_ks40_202605071049_Details/worker_9_TimeAcc.png,plot_file,plot,,,,,,,False,1,86838,png
results/online_link_prediction/plots/202605110941_Batch_Output/MovieLens_FastPRB_alpha0.85_eps8.33e-05_T10000_k10_initH2_initK5_lr10.0073_lr20.0004_h100_ks40_202605071349_Details/worker_0_TimeAcc.png,plot_file,plot,,,,,,,False,1,83897,png
results/online_link_prediction/plots/202605110941_Batch_Output/MovieLens_FastPRB_alpha0.85_eps8.33e-05_T10000_k10_initH2_initK5_lr10.0073_lr20.0004_h100_ks40_202605071349_Details/worker_1_TimeAcc.png,plot_file,plot,,,,,,,False,1,82943,png
results/online_link_prediction/plots/202605110941_Batch_Output/MovieLens_FastPRB_alpha0.85_eps8.33e-05_T10000_k10_initH2_initK5_lr10.0073_lr20.0004_h100_ks40_202605071349_Details/worker_2_TimeAcc.png,plot_file,plot,,,,,,,False,1,83696,png
results/online_link_prediction/plots/202605110941_Batch_Output/MovieLens_FastPRB_alpha0.85_eps8.33e-05_T10000_k10_initH2_initK5_lr10.0073_lr20.0004_h100_ks40_202605071349_Details/worker_3_TimeAcc.png,plot_file,plot,,,,,,,False,1,85280,png
results/online_link_prediction/plots/202605110941_Batch_Output/MovieLens_FastPRB_alpha0.85_eps8.33e-05_T10000_k10_initH2_initK5_lr10.0073_lr20.0004_h100_ks40_202605071349_Details/worker_4_TimeAcc.png,plot_file,plot,,,,,,,False,1,84419,png
results/online_link_prediction/plots/202605110941_Batch_Output/MovieLens_FastPRB_alpha0.85_eps8.33e-05_T10000_k10_initH2_initK5_lr10.0073_lr20.0004_h100_ks40_202605071349_Details/worker_5_TimeAcc.png,plot_file,plot,,,,,,,False,1,83029,png
results/online_link_prediction/plots/202605110941_Batch_Output/MovieLens_FastPRB_alpha0.85_eps8.33e-05_T10000_k10_initH2_initK5_lr10.0073_lr20.0004_h100_ks40_202605071349_Details/worker_6_TimeAcc.png,plot_file,plot,,,,,,,False,1,82678,png
results/online_link_prediction/plots/202605110941_Batch_Output/MovieLens_FastPRB_alpha0.85_eps8.33e-05_T10000_k10_initH2_initK5_lr10.0073_lr20.0004_h100_ks40_202605071349_Details/worker_7_TimeAcc.png,plot_file,plot,,,,,,,False,1,82622,png
results/online_link_prediction/plots/202605110941_Batch_Output/MovieLens_FastPRB_alpha0.85_eps8.33e-05_T10000_k10_initH2_initK5_lr10.0073_lr20.0004_h100_ks40_202605071349_Details/worker_8_TimeAcc.png,plot_file,plot,,,,,,,False,1,79849,png
results/online_link_prediction/plots/202605110941_Batch_Output/MovieLens_FastPRB_alpha0.85_eps8.33e-05_T10000_k10_initH2_initK5_lr10.0073_lr20.0004_h100_ks40_202605071349_Details/worker_9_TimeAcc.png,plot_file,plot,,,,,,,False,1,84845,png
results/online_link_prediction/plots/202605110941_Batch_Output/MovieLens_Regret_vs_Rounds.pdf,plot_file,plot,,,,,,,False,1,33418,pdf
results/online_link_prediction/plots/202605110941_Batch_Output/MovieLens_Regret_vs_Rounds.png,plot_file,plot,,,,,,,False,1,284200,png
results/online_link_prediction/plots/202605111113_Batch_Output/MovieLens_FastPRB_alpha0.15_eps8.33e-05_T10000_k10_initH1_initK1_lr10.0073_lr20.0004_h100_ks40_202605110944_Details/worker_0_TimeAcc.png,plot_file,plot,,,,,,,False,1,84334,png
results/online_link_prediction/plots/202605111113_Batch_Output/MovieLens_FastPRB_alpha0.15_eps8.33e-05_T10000_k10_initH1_initK1_lr10.0073_lr20.0004_h100_ks40_202605110944_Details/worker_1_TimeAcc.png,plot_file,plot,,,,,,,False,1,82928,png
results/online_link_prediction/plots/202605111113_Batch_Output/MovieLens_FastPRB_alpha0.15_eps8.33e-05_T10000_k10_initH1_initK1_lr10.0073_lr20.0004_h100_ks40_202605110944_Details/worker_2_TimeAcc.png,plot_file,plot,,,,,,,False,1,84475,png
results/online_link_prediction/plots/202605111113_Batch_Output/MovieLens_FastPRB_alpha0.15_eps8.33e-05_T10000_k10_initH1_initK1_lr10.0073_lr20.0004_h100_ks40_202605110944_Details/worker_3_TimeAcc.png,plot_file,plot,,,,,,,False,1,86543,png
results/online_link_prediction/plots/202605111113_Batch_Output/MovieLens_FastPRB_alpha0.15_eps8.33e-05_T10000_k10_initH1_initK1_lr10.0073_lr20.0004_h100_ks40_202605110944_Details/worker_4_TimeAcc.png,plot_file,plot,,,,,,,False,1,82119,png
results/online_link_prediction/plots/202605111113_Batch_Output/MovieLens_FastPRB_alpha0.15_eps8.33e-05_T10000_k10_initH1_initK1_lr10.0073_lr20.0004_h100_ks40_202605110944_Details/worker_5_TimeAcc.png,plot_file,plot,,,,,,,False,1,84473,png
results/online_link_prediction/plots/202605111113_Batch_Output/MovieLens_FastPRB_alpha0.15_eps8.33e-05_T10000_k10_initH1_initK1_lr10.0073_lr20.0004_h100_ks40_202605110944_Details/worker_6_TimeAcc.png,plot_file,plot,,,,,,,False,1,81734,png
results/online_link_prediction/plots/202605111113_Batch_Output/MovieLens_FastPRB_alpha0.15_eps8.33e-05_T10000_k10_initH1_initK1_lr10.0073_lr20.0004_h100_ks40_202605110944_Details/worker_7_TimeAcc.png,plot_file,plot,,,,,,,False,1,80142,png
results/online_link_prediction/plots/202605111113_Batch_Output/MovieLens_FastPRB_alpha0.15_eps8.33e-05_T10000_k10_initH1_initK1_lr10.0073_lr20.0004_h100_ks40_202605110944_Details/worker_8_TimeAcc.png,plot_file,plot,,,,,,,False,1,81811,png
results/online_link_prediction/plots/202605111113_Batch_Output/MovieLens_FastPRB_alpha0.15_eps8.33e-05_T10000_k10_initH1_initK1_lr10.0073_lr20.0004_h100_ks40_202605110944_Details/worker_9_TimeAcc.png,plot_file,plot,,,,,,,False,1,85600,png
results/online_link_prediction/plots/202605111113_Batch_Output/MovieLens_FastPRB_alpha0.85_eps8.33e-05_T10000_k10_initH0_initK0_lr10.0073_lr20.0004_h100_ks40_202605110943_Details/worker_0_TimeAcc.png,plot_file,plot,,,,,,,False,1,84874,png
results/online_link_prediction/plots/202605111113_Batch_Output/MovieLens_FastPRB_alpha0.85_eps8.33e-05_T10000_k10_initH0_initK0_lr10.0073_lr20.0004_h100_ks40_202605110943_Details/worker_1_TimeAcc.png,plot_file,plot,,,,,,,False,1,99235,png
results/online_link_prediction/plots/202605111113_Batch_Output/MovieLens_FastPRB_alpha0.85_eps8.33e-05_T10000_k10_initH0_initK0_lr10.0073_lr20.0004_h100_ks40_202605110943_Details/worker_2_TimeAcc.png,plot_file,plot,,,,,,,False,1,87814,png
results/online_link_prediction/plots/202605111113_Batch_Output/MovieLens_FastPRB_alpha0.85_eps8.33e-05_T10000_k10_initH0_initK0_lr10.0073_lr20.0004_h100_ks40_202605110943_Details/worker_3_TimeAcc.png,plot_file,plot,,,,,,,False,1,93312,png
results/online_link_prediction/plots/202605111113_Batch_Output/MovieLens_FastPRB_alpha0.85_eps8.33e-05_T10000_k10_initH0_initK0_lr10.0073_lr20.0004_h100_ks40_202605110943_Details/worker_4_TimeAcc.png,plot_file,plot,,,,,,,False,1,87827,png
results/online_link_prediction/plots/202605111113_Batch_Output/MovieLens_FastPRB_alpha0.85_eps8.33e-05_T10000_k10_initH0_initK0_lr10.0073_lr20.0004_h100_ks40_202605110943_Details/worker_5_TimeAcc.png,plot_file,plot,,,,,,,False,1,94572,png
results/online_link_prediction/plots/202605111113_Batch_Output/MovieLens_FastPRB_alpha0.85_eps8.33e-05_T10000_k10_initH0_initK0_lr10.0073_lr20.0004_h100_ks40_202605110943_Details/worker_6_TimeAcc.png,plot_file,plot,,,,,,,False,1,87429,png
results/online_link_prediction/plots/202605111113_Batch_Output/MovieLens_FastPRB_alpha0.85_eps8.33e-05_T10000_k10_initH0_initK0_lr10.0073_lr20.0004_h100_ks40_202605110943_Details/worker_7_TimeAcc.png,plot_file,plot,,,,,,,False,1,93381,png
results/online_link_prediction/plots/202605111113_Batch_Output/MovieLens_FastPRB_alpha0.85_eps8.33e-05_T10000_k10_initH0_initK0_lr10.0073_lr20.0004_h100_ks40_202605110943_Details/worker_8_TimeAcc.png,plot_file,plot,,,,,,,False,1,90440,png
results/online_link_prediction/plots/202605111113_Batch_Output/MovieLens_FastPRB_alpha0.85_eps8.33e-05_T10000_k10_initH0_initK0_lr10.0073_lr20.0004_h100_ks40_202605110943_Details/worker_9_TimeAcc.png,plot_file,plot,,,,,,,False,1,91939,png
results/online_link_prediction/plots/202605111113_Batch_Output/MovieLens_FastPRB_alpha0.85_eps8.33e-05_T10000_k10_initH1_initK1_lr10.0073_lr20.0004_h100_ks40_202605110943_Details/worker_0_TimeAcc.png,plot_file,plot,,,,,,,False,1,84157,png
results/online_link_prediction/plots/202605111113_Batch_Output/MovieLens_FastPRB_alpha0.85_eps8.33e-05_T10000_k10_initH1_initK1_lr10.0073_lr20.0004_h100_ks40_202605110943_Details/worker_1_TimeAcc.png,plot_file,plot,,,,,,,False,1,90940,png
results/online_link_prediction/plots/202605111113_Batch_Output/MovieLens_FastPRB_alpha0.85_eps8.33e-05_T10000_k10_initH1_initK1_lr10.0073_lr20.0004_h100_ks40_202605110943_Details/worker_2_TimeAcc.png,plot_file,plot,,,,,,,False,1,87059,png
results/online_link_prediction/plots/202605111113_Batch_Output/MovieLens_FastPRB_alpha0.85_eps8.33e-05_T10000_k10_initH1_initK1_lr10.0073_lr20.0004_h100_ks40_202605110943_Details/worker_3_TimeAcc.png,plot_file,plot,,,,,,,False,1,92900,png
results/online_link_prediction/plots/202605111113_Batch_Output/MovieLens_FastPRB_alpha0.85_eps8.33e-05_T10000_k10_initH1_initK1_lr10.0073_lr20.0004_h100_ks40_202605110943_Details/worker_4_TimeAcc.png,plot_file,plot,,,,,,,False,1,89624,png
results/online_link_prediction/plots/202605111113_Batch_Output/MovieLens_FastPRB_alpha0.85_eps8.33e-05_T10000_k10_initH1_initK1_lr10.0073_lr20.0004_h100_ks40_202605110943_Details/worker_5_TimeAcc.png,plot_file,plot,,,,,,,False,1,93330,png
results/online_link_prediction/plots/202605111113_Batch_Output/MovieLens_FastPRB_alpha0.85_eps8.33e-05_T10000_k10_initH1_initK1_lr10.0073_lr20.0004_h100_ks40_202605110943_Details/worker_6_TimeAcc.png,plot_file,plot,,,,,,,False,1,88529,png
results/online_link_prediction/plots/202605111113_Batch_Output/MovieLens_FastPRB_alpha0.85_eps8.33e-05_T10000_k10_initH1_initK1_lr10.0073_lr20.0004_h100_ks40_202605110943_Details/worker_7_TimeAcc.png,plot_file,plot,,,,,,,False,1,88315,png
results/online_link_prediction/plots/202605111113_Batch_Output/MovieLens_FastPRB_alpha0.85_eps8.33e-05_T10000_k10_initH1_initK1_lr10.0073_lr20.0004_h100_ks40_202605110943_Details/worker_8_TimeAcc.png,plot_file,plot,,,,,,,False,1,89223,png
results/online_link_prediction/plots/202605111113_Batch_Output/MovieLens_FastPRB_alpha0.85_eps8.33e-05_T10000_k10_initH1_initK1_lr10.0073_lr20.0004_h100_ks40_202605110943_Details/worker_9_TimeAcc.png,plot_file,plot,,,,,,,False,1,85111,png
results/online_link_prediction/plots/202605111113_Batch_Output/MovieLens_Regret_vs_Rounds.pdf,plot_file,plot,,,,,,,False,1,40495,pdf
results/online_link_prediction/plots/202605111113_Batch_Output/MovieLens_Regret_vs_Rounds.png,plot_file,plot,,,,,,,False,1,342288,png
results/online_link_prediction/plots/202605111509_Batch_Output/MovieLens_FastPRB_alpha0.15_eps8.33e-05_T10000_k10_initH0_initK0_lr10.0073_lr20.0004_h100_ks40_202605111132_Details/worker_0_TimeAcc.png,plot_file,plot,,,,,,,False,1,84932,png
results/online_link_prediction/plots/202605111509_Batch_Output/MovieLens_FastPRB_alpha0.15_eps8.33e-05_T10000_k10_initH0_initK0_lr10.0073_lr20.0004_h100_ks40_202605111132_Details/worker_1_TimeAcc.png,plot_file,plot,,,,,,,False,1,82687,png
results/online_link_prediction/plots/202605111509_Batch_Output/MovieLens_FastPRB_alpha0.15_eps8.33e-05_T10000_k10_initH0_initK0_lr10.0073_lr20.0004_h100_ks40_202605111132_Details/worker_2_TimeAcc.png,plot_file,plot,,,,,,,False,1,83947,png
results/online_link_prediction/plots/202605111509_Batch_Output/MovieLens_FastPRB_alpha0.15_eps8.33e-05_T10000_k10_initH0_initK0_lr10.0073_lr20.0004_h100_ks40_202605111132_Details/worker_3_TimeAcc.png,plot_file,plot,,,,,,,False,1,85105,png
results/online_link_prediction/plots/202605111509_Batch_Output/MovieLens_FastPRB_alpha0.15_eps8.33e-05_T10000_k10_initH0_initK0_lr10.0073_lr20.0004_h100_ks40_202605111132_Details/worker_4_TimeAcc.png,plot_file,plot,,,,,,,False,1,80802,png
results/online_link_prediction/plots/202605111509_Batch_Output/MovieLens_FastPRB_alpha0.15_eps8.33e-05_T10000_k10_initH0_initK0_lr10.0073_lr20.0004_h100_ks40_202605111132_Details/worker_5_TimeAcc.png,plot_file,plot,,,,,,,False,1,83611,png
results/online_link_prediction/plots/202605111509_Batch_Output/MovieLens_FastPRB_alpha0.15_eps8.33e-05_T10000_k10_initH0_initK0_lr10.0073_lr20.0004_h100_ks40_202605111132_Details/worker_6_TimeAcc.png,plot_file,plot,,,,,,,False,1,81126,png
results/online_link_prediction/plots/202605111509_Batch_Output/MovieLens_FastPRB_alpha0.15_eps8.33e-05_T10000_k10_initH0_initK0_lr10.0073_lr20.0004_h100_ks40_202605111132_Details/worker_7_TimeAcc.png,plot_file,plot,,,,,,,False,1,82794,png
results/online_link_prediction/plots/202605111509_Batch_Output/MovieLens_FastPRB_alpha0.15_eps8.33e-05_T10000_k10_initH0_initK0_lr10.0073_lr20.0004_h100_ks40_202605111132_Details/worker_8_TimeAcc.png,plot_file,plot,,,,,,,False,1,81522,png
results/online_link_prediction/plots/202605111509_Batch_Output/MovieLens_FastPRB_alpha0.15_eps8.33e-05_T10000_k10_initH0_initK0_lr10.0073_lr20.0004_h100_ks40_202605111132_Details/worker_9_TimeAcc.png,plot_file,plot,,,,,,,False,1,86233,png
results/online_link_prediction/plots/202605111509_Batch_Output/MovieLens_FastPRB_alpha0.15_eps8.33e-05_T10000_k10_initH1_initK1_lr10.0073_lr20.0004_h100_ks40_202605110944_Details/worker_0_TimeAcc.png,plot_file,plot,,,,,,,False,1,84334,png
results/online_link_prediction/plots/202605111509_Batch_Output/MovieLens_FastPRB_alpha0.15_eps8.33e-05_T10000_k10_initH1_initK1_lr10.0073_lr20.0004_h100_ks40_202605110944_Details/worker_1_TimeAcc.png,plot_file,plot,,,,,,,False,1,82928,png
results/online_link_prediction/plots/202605111509_Batch_Output/MovieLens_FastPRB_alpha0.15_eps8.33e-05_T10000_k10_initH1_initK1_lr10.0073_lr20.0004_h100_ks40_202605110944_Details/worker_2_TimeAcc.png,plot_file,plot,,,,,,,False,1,84475,png
results/online_link_prediction/plots/202605111509_Batch_Output/MovieLens_FastPRB_alpha0.15_eps8.33e-05_T10000_k10_initH1_initK1_lr10.0073_lr20.0004_h100_ks40_202605110944_Details/worker_3_TimeAcc.png,plot_file,plot,,,,,,,False,1,86543,png
results/online_link_prediction/plots/202605111509_Batch_Output/MovieLens_FastPRB_alpha0.15_eps8.33e-05_T10000_k10_initH1_initK1_lr10.0073_lr20.0004_h100_ks40_202605110944_Details/worker_4_TimeAcc.png,plot_file,plot,,,,,,,False,1,82119,png
results/online_link_prediction/plots/202605111509_Batch_Output/MovieLens_FastPRB_alpha0.15_eps8.33e-05_T10000_k10_initH1_initK1_lr10.0073_lr20.0004_h100_ks40_202605110944_Details/worker_5_TimeAcc.png,plot_file,plot,,,,,,,False,1,84473,png
results/online_link_prediction/plots/202605111509_Batch_Output/MovieLens_FastPRB_alpha0.15_eps8.33e-05_T10000_k10_initH1_initK1_lr10.0073_lr20.0004_h100_ks40_202605110944_Details/worker_6_TimeAcc.png,plot_file,plot,,,,,,,False,1,81734,png
results/online_link_prediction/plots/202605111509_Batch_Output/MovieLens_FastPRB_alpha0.15_eps8.33e-05_T10000_k10_initH1_initK1_lr10.0073_lr20.0004_h100_ks40_202605110944_Details/worker_7_TimeAcc.png,plot_file,plot,,,,,,,False,1,80142,png
results/online_link_prediction/plots/202605111509_Batch_Output/MovieLens_FastPRB_alpha0.15_eps8.33e-05_T10000_k10_initH1_initK1_lr10.0073_lr20.0004_h100_ks40_202605110944_Details/worker_8_TimeAcc.png,plot_file,plot,,,,,,,False,1,81811,png
results/online_link_prediction/plots/202605111509_Batch_Output/MovieLens_FastPRB_alpha0.15_eps8.33e-05_T10000_k10_initH1_initK1_lr10.0073_lr20.0004_h100_ks40_202605110944_Details/worker_9_TimeAcc.png,plot_file,plot,,,,,,,False,1,85600,png
results/online_link_prediction/plots/202605111509_Batch_Output/MovieLens_FastPRB_alpha0.15_eps8.33e-05_T10000_k10_initH1_initK3_lr10.0073_lr20.0004_h100_ks40_202605111132_Details/worker_0_TimeAcc.png,plot_file,plot,,,,,,,False,1,84605,png
results/online_link_prediction/plots/202605111509_Batch_Output/MovieLens_FastPRB_alpha0.15_eps8.33e-05_T10000_k10_initH1_initK3_lr10.0073_lr20.0004_h100_ks40_202605111132_Details/worker_1_TimeAcc.png,plot_file,plot,,,,,,,False,1,82057,png
results/online_link_prediction/plots/202605111509_Batch_Output/MovieLens_FastPRB_alpha0.15_eps8.33e-05_T10000_k10_initH1_initK3_lr10.0073_lr20.0004_h100_ks40_202605111132_Details/worker_2_TimeAcc.png,plot_file,plot,,,,,,,False,1,82620,png
results/online_link_prediction/plots/202605111509_Batch_Output/MovieLens_FastPRB_alpha0.15_eps8.33e-05_T10000_k10_initH1_initK3_lr10.0073_lr20.0004_h100_ks40_202605111132_Details/worker_3_TimeAcc.png,plot_file,plot,,,,,,,False,1,88213,png
results/online_link_prediction/plots/202605111509_Batch_Output/MovieLens_FastPRB_alpha0.15_eps8.33e-05_T10000_k10_initH1_initK3_lr10.0073_lr20.0004_h100_ks40_202605111132_Details/worker_4_TimeAcc.png,plot_file,plot,,,,,,,False,1,83893,png
results/online_link_prediction/plots/202605111509_Batch_Output/MovieLens_FastPRB_alpha0.15_eps8.33e-05_T10000_k10_initH1_initK3_lr10.0073_lr20.0004_h100_ks40_202605111132_Details/worker_5_TimeAcc.png,plot_file,plot,,,,,,,False,1,83688,png
results/online_link_prediction/plots/202605111509_Batch_Output/MovieLens_FastPRB_alpha0.15_eps8.33e-05_T10000_k10_initH1_initK3_lr10.0073_lr20.0004_h100_ks40_202605111132_Details/worker_6_TimeAcc.png,plot_file,plot,,,,,,,False,1,83038,png
results/online_link_prediction/plots/202605111509_Batch_Output/MovieLens_FastPRB_alpha0.15_eps8.33e-05_T10000_k10_initH1_initK3_lr10.0073_lr20.0004_h100_ks40_202605111132_Details/worker_7_TimeAcc.png,plot_file,plot,,,,,,,False,1,81249,png
results/online_link_prediction/plots/202605111509_Batch_Output/MovieLens_FastPRB_alpha0.15_eps8.33e-05_T10000_k10_initH1_initK3_lr10.0073_lr20.0004_h100_ks40_202605111132_Details/worker_8_TimeAcc.png,plot_file,plot,,,,,,,False,1,79536,png
results/online_link_prediction/plots/202605111509_Batch_Output/MovieLens_FastPRB_alpha0.15_eps8.33e-05_T10000_k10_initH1_initK3_lr10.0073_lr20.0004_h100_ks40_202605111132_Details/worker_9_TimeAcc.png,plot_file,plot,,,,,,,False,1,84429,png
results/online_link_prediction/plots/202605111509_Batch_Output/MovieLens_FastPRB_alpha0.15_eps8.33e-05_T10000_k10_initH1_initK5_lr10.0073_lr20.0004_h100_ks40_202605111132_Details/worker_0_TimeAcc.png,plot_file,plot,,,,,,,False,1,86668,png
results/online_link_prediction/plots/202605111509_Batch_Output/MovieLens_FastPRB_alpha0.15_eps8.33e-05_T10000_k10_initH1_initK5_lr10.0073_lr20.0004_h100_ks40_202605111132_Details/worker_1_TimeAcc.png,plot_file,plot,,,,,,,False,1,81623,png
results/online_link_prediction/plots/202605111509_Batch_Output/MovieLens_FastPRB_alpha0.15_eps8.33e-05_T10000_k10_initH1_initK5_lr10.0073_lr20.0004_h100_ks40_202605111132_Details/worker_2_TimeAcc.png,plot_file,plot,,,,,,,False,1,83769,png
results/online_link_prediction/plots/202605111509_Batch_Output/MovieLens_FastPRB_alpha0.15_eps8.33e-05_T10000_k10_initH1_initK5_lr10.0073_lr20.0004_h100_ks40_202605111132_Details/worker_3_TimeAcc.png,plot_file,plot,,,,,,,False,1,86651,png
results/online_link_prediction/plots/202605111509_Batch_Output/MovieLens_FastPRB_alpha0.15_eps8.33e-05_T10000_k10_initH1_initK5_lr10.0073_lr20.0004_h100_ks40_202605111132_Details/worker_4_TimeAcc.png,plot_file,plot,,,,,,,False,1,84573,png
results/online_link_prediction/plots/202605111509_Batch_Output/MovieLens_FastPRB_alpha0.15_eps8.33e-05_T10000_k10_initH1_initK5_lr10.0073_lr20.0004_h100_ks40_202605111132_Details/worker_5_TimeAcc.png,plot_file,plot,,,,,,,False,1,85360,png
results/online_link_prediction/plots/202605111509_Batch_Output/MovieLens_FastPRB_alpha0.15_eps8.33e-05_T10000_k10_initH1_initK5_lr10.0073_lr20.0004_h100_ks40_202605111132_Details/worker_6_TimeAcc.png,plot_file,plot,,,,,,,False,1,82442,png
results/online_link_prediction/plots/202605111509_Batch_Output/MovieLens_FastPRB_alpha0.15_eps8.33e-05_T10000_k10_initH1_initK5_lr10.0073_lr20.0004_h100_ks40_202605111132_Details/worker_7_TimeAcc.png,plot_file,plot,,,,,,,False,1,81684,png
results/online_link_prediction/plots/202605111509_Batch_Output/MovieLens_FastPRB_alpha0.15_eps8.33e-05_T10000_k10_initH1_initK5_lr10.0073_lr20.0004_h100_ks40_202605111132_Details/worker_8_TimeAcc.png,plot_file,plot,,,,,,,False,1,80559,png
results/online_link_prediction/plots/202605111509_Batch_Output/MovieLens_FastPRB_alpha0.15_eps8.33e-05_T10000_k10_initH1_initK5_lr10.0073_lr20.0004_h100_ks40_202605111132_Details/worker_9_TimeAcc.png,plot_file,plot,,,,,,,False,1,82919,png
results/online_link_prediction/plots/202605111509_Batch_Output/MovieLens_Regret_vs_Rounds.pdf,plot_file,plot,,,,,,,False,1,49886,pdf
results/online_link_prediction/plots/202605111509_Batch_Output/MovieLens_Regret_vs_Rounds.png,plot_file,plot,,,,,,,False,1,279151,png
results/online_link_prediction/plots/202605111638_Batch_Output/MovieLens_FastPRB_alpha0.15_eps8.33e-05_T10000_k10_initH0_initK0_lr10.0073_lr20.0004_h100_ks40_202605111518_Details/worker_0_TimeAcc.png,plot_file,plot,,,,,,,False,1,84383,png
results/online_link_prediction/plots/202605111638_Batch_Output/MovieLens_FastPRB_alpha0.15_eps8.33e-05_T10000_k10_initH0_initK0_lr10.0073_lr20.0004_h100_ks40_202605111518_Details/worker_1_TimeAcc.png,plot_file,plot,,,,,,,False,1,81821,png
results/online_link_prediction/plots/202605111638_Batch_Output/MovieLens_FastPRB_alpha0.15_eps8.33e-05_T10000_k10_initH0_initK0_lr10.0073_lr20.0004_h100_ks40_202605111518_Details/worker_2_TimeAcc.png,plot_file,plot,,,,,,,False,1,82455,png
results/online_link_prediction/plots/202605111638_Batch_Output/MovieLens_FastPRB_alpha0.15_eps8.33e-05_T10000_k10_initH0_initK0_lr10.0073_lr20.0004_h100_ks40_202605111518_Details/worker_3_TimeAcc.png,plot_file,plot,,,,,,,False,1,84494,png
results/online_link_prediction/plots/202605111638_Batch_Output/MovieLens_FastPRB_alpha0.15_eps8.33e-05_T10000_k10_initH0_initK0_lr10.0073_lr20.0004_h100_ks40_202605111518_Details/worker_4_TimeAcc.png,plot_file,plot,,,,,,,False,1,81308,png
results/online_link_prediction/plots/202605111638_Batch_Output/MovieLens_FastPRB_alpha0.15_eps8.33e-05_T10000_k10_initH0_initK0_lr10.0073_lr20.0004_h100_ks40_202605111518_Details/worker_5_TimeAcc.png,plot_file,plot,,,,,,,False,1,84136,png
results/online_link_prediction/plots/202605111638_Batch_Output/MovieLens_FastPRB_alpha0.15_eps8.33e-05_T10000_k10_initH0_initK0_lr10.0073_lr20.0004_h100_ks40_202605111518_Details/worker_6_TimeAcc.png,plot_file,plot,,,,,,,False,1,79912,png
results/online_link_prediction/plots/202605111638_Batch_Output/MovieLens_FastPRB_alpha0.15_eps8.33e-05_T10000_k10_initH0_initK0_lr10.0073_lr20.0004_h100_ks40_202605111518_Details/worker_7_TimeAcc.png,plot_file,plot,,,,,,,False,1,82654,png
results/online_link_prediction/plots/202605111638_Batch_Output/MovieLens_FastPRB_alpha0.15_eps8.33e-05_T10000_k10_initH0_initK0_lr10.0073_lr20.0004_h100_ks40_202605111518_Details/worker_8_TimeAcc.png,plot_file,plot,,,,,,,False,1,78374,png
results/online_link_prediction/plots/202605111638_Batch_Output/MovieLens_FastPRB_alpha0.15_eps8.33e-05_T10000_k10_initH0_initK0_lr10.0073_lr20.0004_h100_ks40_202605111518_Details/worker_9_TimeAcc.png,plot_file,plot,,,,,,,False,1,84515,png
results/online_link_prediction/plots/202605111638_Batch_Output/MovieLens_FastPRB_alpha0.15_eps8.33e-05_T10000_k10_initH1_initK5_lr10.0073_lr20.0004_h100_ks40_202605111550_Details/worker_0_TimeAcc.png,plot_file,plot,,,,,,,False,1,83831,png
results/online_link_prediction/plots/202605111638_Batch_Output/MovieLens_FastPRB_alpha0.15_eps8.33e-05_T10000_k10_initH1_initK5_lr10.0073_lr20.0004_h100_ks40_202605111550_Details/worker_1_TimeAcc.png,plot_file,plot,,,,,,,False,1,81952,png
results/online_link_prediction/plots/202605111638_Batch_Output/MovieLens_FastPRB_alpha0.15_eps8.33e-05_T10000_k10_initH1_initK5_lr10.0073_lr20.0004_h100_ks40_202605111550_Details/worker_2_TimeAcc.png,plot_file,plot,,,,,,,False,1,82262,png
results/online_link_prediction/plots/202605111638_Batch_Output/MovieLens_FastPRB_alpha0.15_eps8.33e-05_T10000_k10_initH1_initK5_lr10.0073_lr20.0004_h100_ks40_202605111550_Details/worker_3_TimeAcc.png,plot_file,plot,,,,,,,False,1,84429,png
results/online_link_prediction/plots/202605111638_Batch_Output/MovieLens_FastPRB_alpha0.15_eps8.33e-05_T10000_k10_initH1_initK5_lr10.0073_lr20.0004_h100_ks40_202605111550_Details/worker_4_TimeAcc.png,plot_file,plot,,,,,,,False,1,81309,png
results/online_link_prediction/plots/202605111638_Batch_Output/MovieLens_FastPRB_alpha0.15_eps8.33e-05_T10000_k10_initH1_initK5_lr10.0073_lr20.0004_h100_ks40_202605111550_Details/worker_5_TimeAcc.png,plot_file,plot,,,,,,,False,1,84379,png
results/online_link_prediction/plots/202605111638_Batch_Output/MovieLens_FastPRB_alpha0.15_eps8.33e-05_T10000_k10_initH1_initK5_lr10.0073_lr20.0004_h100_ks40_202605111550_Details/worker_6_TimeAcc.png,plot_file,plot,,,,,,,False,1,79612,png
results/online_link_prediction/plots/202605111638_Batch_Output/MovieLens_FastPRB_alpha0.15_eps8.33e-05_T10000_k10_initH1_initK5_lr10.0073_lr20.0004_h100_ks40_202605111550_Details/worker_7_TimeAcc.png,plot_file,plot,,,,,,,False,1,82436,png
results/online_link_prediction/plots/202605111638_Batch_Output/MovieLens_FastPRB_alpha0.15_eps8.33e-05_T10000_k10_initH1_initK5_lr10.0073_lr20.0004_h100_ks40_202605111550_Details/worker_8_TimeAcc.png,plot_file,plot,,,,,,,False,1,78636,png
results/online_link_prediction/plots/202605111638_Batch_Output/MovieLens_FastPRB_alpha0.15_eps8.33e-05_T10000_k10_initH1_initK5_lr10.0073_lr20.0004_h100_ks40_202605111550_Details/worker_9_TimeAcc.png,plot_file,plot,,,,,,,False,1,84571,png
results/online_link_prediction/plots/202605111638_Batch_Output/MovieLens_Regret_vs_Rounds.pdf,plot_file,plot,,,,,,,False,1,24232,pdf
results/online_link_prediction/plots/202605111638_Batch_Output/MovieLens_Regret_vs_Rounds.png,plot_file,plot,,,,,,,False,1,252992,png
results/online_link_prediction/plots/MovieLens_Regret_vs_Rounds_202601270043.pdf,plot_file,plot,,,,,,,False,1,24075,pdf
results/online_link_prediction/plots/MovieLens_Regret_vs_Rounds_202601270043.png,plot_file,plot,,,,,,,False,1,261229,png
results/online_link_prediction/plots/MovieLens_Regret_vs_Rounds_202601272100.pdf,plot_file,plot,,,,,,,False,1,24865,pdf
results/online_link_prediction/plots/MovieLens_Regret_vs_Rounds_202601272100.png,plot_file,plot,,,,,,,False,1,260718,png
results/online_link_prediction/plots/MovieLens_Regret_vs_Rounds_202601281505.pdf,plot_file,plot,,,,,,,False,1,24409,pdf
results/online_link_prediction/plots/MovieLens_Regret_vs_Rounds_202601281505.png,plot_file,plot,,,,,,,False,1,259794,png
results/online_link_prediction/plots/MovieLens_Regret_vs_Rounds_202601281519.pdf,plot_file,plot,,,,,,,False,1,59900,pdf
results/online_link_prediction/plots/MovieLens_Regret_vs_Rounds_202601281519.png,plot_file,plot,,,,,,,False,1,361570,png
results/online_link_prediction/plots/MovieLens_Regret_vs_Rounds_202601281520.pdf,plot_file,plot,,,,,,,False,1,24409,pdf
results/online_link_prediction/plots/MovieLens_Regret_vs_Rounds_202601281520.png,plot_file,plot,,,,,,,False,1,259794,png
results/online_link_prediction/plots/MovieLens_Regret_vs_Rounds_202601281522.pdf,plot_file,plot,,,,,,,False,1,24409,pdf
results/online_link_prediction/plots/MovieLens_Regret_vs_Rounds_202601281522.png,plot_file,plot,,,,,,,False,1,259794,png
results/online_link_prediction/plots/MovieLens_Regret_vs_Rounds_202601281524.pdf,plot_file,plot,,,,,,,False,1,24409,pdf
results/online_link_prediction/plots/MovieLens_Regret_vs_Rounds_202601281524.png,plot_file,plot,,,,,,,False,1,260078,png
results/online_link_prediction/plots/MovieLens_Regret_vs_Rounds_202601281535.pdf,plot_file,plot,,,,,,,False,1,24409,pdf
results/online_link_prediction/plots/MovieLens_Regret_vs_Rounds_202601281535.png,plot_file,plot,,,,,,,False,1,259794,png
results/online_link_prediction/plots/MovieLens_Regret_vs_Rounds_202601281608.pdf,plot_file,plot,,,,,,,False,1,32646,pdf
results/online_link_prediction/plots/MovieLens_Regret_vs_Rounds_202601281608.png,plot_file,plot,,,,,,,False,1,327328,png
results/online_link_prediction/plots/MovieLens_Regret_vs_Rounds_202601281609.pdf,plot_file,plot,,,,,,,False,1,32940,pdf
results/online_link_prediction/plots/MovieLens_Regret_vs_Rounds_202601281609.png,plot_file,plot,,,,,,,False,1,352613,png
results/online_link_prediction/plots/MovieLens_Regret_vs_Rounds_202601281631.pdf,plot_file,plot,,,,,,,False,1,26119,pdf
results/online_link_prediction/plots/MovieLens_Regret_vs_Rounds_202601281631.png,plot_file,plot,,,,,,,False,1,311841,png
results/online_link_prediction/plots/MovieLens_Regret_vs_Rounds_202601282332.pdf,plot_file,plot,,,,,,,False,1,20407,pdf
results/online_link_prediction/plots/MovieLens_Regret_vs_Rounds_202601282332.png,plot_file,plot,,,,,,,False,1,360775,png
results/online_link_prediction/plots/MovieLens_Regret_vs_Time_202601270043.pdf,plot_file,plot,,,,,,,False,1,35544,pdf
results/online_link_prediction/plots/MovieLens_Regret_vs_Time_202601270043.png,plot_file,plot,,,,,,,False,1,271080,png
results/online_link_prediction/plots/MovieLens_Regret_vs_Time_202601272100.pdf,plot_file,plot,,,,,,,False,1,36143,pdf
results/online_link_prediction/plots/MovieLens_Regret_vs_Time_202601272100.png,plot_file,plot,,,,,,,False,1,283573,png
results/online_link_prediction/plots/MovieLens_Regret_vs_Time_202601281505.pdf,plot_file,plot,,,,,,,False,1,25007,pdf
results/online_link_prediction/plots/MovieLens_Regret_vs_Time_202601281505.png,plot_file,plot,,,,,,,False,1,258596,png
results/online_link_prediction/plots/MovieLens_Regret_vs_Time_202601281519.pdf,plot_file,plot,,,,,,,False,1,60498,pdf
results/online_link_prediction/plots/MovieLens_Regret_vs_Time_202601281519.png,plot_file,plot,,,,,,,False,1,360318,png
results/online_link_prediction/plots/MovieLens_Regret_vs_Time_202601281520.pdf,plot_file,plot,,,,,,,False,1,25007,pdf
results/online_link_prediction/plots/MovieLens_Regret_vs_Time_202601281520.png,plot_file,plot,,,,,,,False,1,258596,png
results/online_link_prediction/plots/MovieLens_Regret_vs_Time_202601281522.pdf,plot_file,plot,,,,,,,False,1,34557,pdf
results/online_link_prediction/plots/MovieLens_Regret_vs_Time_202601281522.png,plot_file,plot,,,,,,,False,1,268735,png
results/online_link_prediction/plots/MovieLens_Regret_vs_Time_202601281524.pdf,plot_file,plot,,,,,,,False,1,35683,pdf
results/online_link_prediction/plots/MovieLens_Regret_vs_Time_202601281524.png,plot_file,plot,,,,,,,False,1,283006,png
results/online_link_prediction/plots/MovieLens_Regret_vs_Time_202601281535.pdf,plot_file,plot,,,,,,,False,1,35681,pdf
results/online_link_prediction/plots/MovieLens_Regret_vs_Time_202601281535.png,plot_file,plot,,,,,,,False,1,282670,png
results/online_link_prediction/plots/MovieLens_Regret_vs_Time_202601281608.pdf,plot_file,plot,,,,,,,False,1,77480,pdf
results/online_link_prediction/plots/MovieLens_Regret_vs_Time_202601281608.png,plot_file,plot,,,,,,,False,1,365739,png
results/online_link_prediction/plots/MovieLens_Regret_vs_Time_202601281609.pdf,plot_file,plot,,,,,,,False,1,84859,pdf
results/online_link_prediction/plots/MovieLens_Regret_vs_Time_202601281609.png,plot_file,plot,,,,,,,False,1,398917,png
results/online_link_prediction/plots/MovieLens_Regret_vs_Time_202601281631.pdf,plot_file,plot,,,,,,,False,1,96173,pdf
results/online_link_prediction/plots/MovieLens_Regret_vs_Time_202601281631.png,plot_file,plot,,,,,,,False,1,338989,png
results/online_link_prediction/plots/MovieLens_Regret_vs_Time_202601282332.pdf,plot_file,plot,,,,,,,False,1,34479,pdf
results/online_link_prediction/plots/MovieLens_Regret_vs_Time_202601282332.png,plot_file,plot,,,,,,,False,1,343375,png
results/online_link_prediction/plots/ogbl-Collab_Regret_vs_Rounds_202601270016.pdf,plot_file,plot,,,,,,,False,1,20647,pdf
results/online_link_prediction/plots/ogbl-Collab_Regret_vs_Rounds_202601270016.png,plot_file,plot,,,,,,,False,1,265578,png
results/online_link_prediction/plots/ogbl-Collab_Regret_vs_Rounds_202601270025.pdf,plot_file,plot,,,,,,,False,1,20647,pdf
results/online_link_prediction/plots/ogbl-Collab_Regret_vs_Rounds_202601270025.png,plot_file,plot,,,,,,,False,1,265578,png
results/online_link_prediction/plots/ogbl-Collab_Regret_vs_Rounds_202601281530.pdf,plot_file,plot,,,,,,,False,1,20198,pdf
results/online_link_prediction/plots/ogbl-Collab_Regret_vs_Rounds_202601281530.png,plot_file,plot,,,,,,,False,1,264126,png
results/online_link_prediction/plots/ogbl-Collab_Regret_vs_Time_202601270016.pdf,plot_file,plot,,,,,,,False,1,27151,pdf
results/online_link_prediction/plots/ogbl-Collab_Regret_vs_Time_202601270016.png,plot_file,plot,,,,,,,False,1,278420,png
results/online_link_prediction/plots/ogbl-Collab_Regret_vs_Time_202601270025.pdf,plot_file,plot,,,,,,,False,1,27151,pdf
results/online_link_prediction/plots/ogbl-Collab_Regret_vs_Time_202601270025.png,plot_file,plot,,,,,,,False,1,278420,png
results/online_link_prediction/plots/ogbl-Collab_Regret_vs_Time_202601281530.pdf,plot_file,plot,,,,,,,False,1,26704,pdf
results/online_link_prediction/plots/ogbl-Collab_Regret_vs_Time_202601281530.png,plot_file,plot,,,,,,,False,1,277837,png
results/online_link_prediction/plots/ogbl-PPA_Regret_vs_Rounds_202601270034.pdf,plot_file,plot,,,,,,,False,1,21876,pdf
results/online_link_prediction/plots/ogbl-PPA_Regret_vs_Rounds_202601270034.png,plot_file,plot,,,,,,,False,1,265235,png
results/online_link_prediction/plots/ogbl-PPA_Regret_vs_Rounds_202601281540.pdf,plot_file,plot,,,,,,,False,1,21432,pdf
results/online_link_prediction/plots/ogbl-PPA_Regret_vs_Rounds_202601281540.png,plot_file,plot,,,,,,,False,1,264312,png
results/online_link_prediction/plots/ogbl-PPA_Regret_vs_Time_202601270034.pdf,plot_file,plot,,,,,,,False,1,20686,pdf
results/online_link_prediction/plots/ogbl-PPA_Regret_vs_Time_202601270034.png,plot_file,plot,,,,,,,False,1,251173,png
results/online_link_prediction/plots/ogbl-PPA_Regret_vs_Time_202601281540.pdf,plot_file,plot,,,,,,,False,1,20236,pdf
results/online_link_prediction/plots/ogbl-PPA_Regret_vs_Time_202601281540.png,plot_file,plot,,,,,,,False,1,251221,png
results/online_link_prediction/plots/ogbl-Vessel_Regret_vs_Rounds_202601262359.pdf,plot_file,plot,,,,,,,False,1,21772,pdf
results/online_link_prediction/plots/ogbl-Vessel_Regret_vs_Rounds_202601262359.png,plot_file,plot,,,,,,,False,1,339546,png
results/online_link_prediction/plots/ogbl-Vessel_Regret_vs_Rounds_202601270000.pdf,plot_file,plot,,,,,,,False,1,41163,pdf
results/online_link_prediction/plots/ogbl-Vessel_Regret_vs_Rounds_202601270000.png,plot_file,plot,,,,,,,False,1,250472,png
results/online_link_prediction/plots/ogbl-Vessel_Regret_vs_Rounds_202601270006.pdf,plot_file,plot,,,,,,,False,1,41164,pdf
results/online_link_prediction/plots/ogbl-Vessel_Regret_vs_Rounds_202601270006.png,plot_file,plot,,,,,,,False,1,250472,png
results/online_link_prediction/plots/ogbl-Vessel_Regret_vs_Rounds_202601270012.pdf,plot_file,plot,,,,,,,False,1,41039,pdf
results/online_link_prediction/plots/ogbl-Vessel_Regret_vs_Rounds_202601270012.png,plot_file,plot,,,,,,,False,1,248518,png
results/online_link_prediction/plots/ogbl-Vessel_Regret_vs_Rounds_202601272057.pdf,plot_file,plot,,,,,,,False,1,17119,pdf
results/online_link_prediction/plots/ogbl-Vessel_Regret_vs_Rounds_202601272057.png,plot_file,plot,,,,,,,False,1,289624,png
results/online_link_prediction/plots/ogbl-Vessel_Regret_vs_Rounds_202601281547.pdf,plot_file,plot,,,,,,,False,1,23807,pdf
results/online_link_prediction/plots/ogbl-Vessel_Regret_vs_Rounds_202601281547.png,plot_file,plot,,,,,,,False,1,371932,png
results/online_link_prediction/plots/ogbl-Vessel_Regret_vs_Rounds_202601281549.pdf,plot_file,plot,,,,,,,False,1,16671,pdf
results/online_link_prediction/plots/ogbl-Vessel_Regret_vs_Rounds_202601281549.png,plot_file,plot,,,,,,,False,1,288684,png
results/online_link_prediction/plots/ogbl-Vessel_Regret_vs_Time_202601262359.pdf,plot_file,plot,,,,,,,False,1,25264,pdf
results/online_link_prediction/plots/ogbl-Vessel_Regret_vs_Time_202601262359.png,plot_file,plot,,,,,,,False,1,289898,png
results/online_link_prediction/plots/ogbl-Vessel_Regret_vs_Time_202601270000.pdf,plot_file,plot,,,,,,,False,1,43012,pdf
results/online_link_prediction/plots/ogbl-Vessel_Regret_vs_Time_202601270000.png,plot_file,plot,,,,,,,False,1,272271,png
results/online_link_prediction/plots/ogbl-Vessel_Regret_vs_Time_202601270006.pdf,plot_file,plot,,,,,,,False,1,43013,pdf
results/online_link_prediction/plots/ogbl-Vessel_Regret_vs_Time_202601270006.png,plot_file,plot,,,,,,,False,1,272271,png
results/online_link_prediction/plots/ogbl-Vessel_Regret_vs_Time_202601270012.pdf,plot_file,plot,,,,,,,False,1,42888,pdf
results/online_link_prediction/plots/ogbl-Vessel_Regret_vs_Time_202601270012.png,plot_file,plot,,,,,,,False,1,270929,png
results/online_link_prediction/plots/ogbl-Vessel_Regret_vs_Time_202601272057.pdf,plot_file,plot,,,,,,,False,1,19414,pdf
results/online_link_prediction/plots/ogbl-Vessel_Regret_vs_Time_202601272057.png,plot_file,plot,,,,,,,False,1,268618,png
results/online_link_prediction/plots/ogbl-Vessel_Regret_vs_Time_202601281547.pdf,plot_file,plot,,,,,,,False,1,31255,pdf
results/online_link_prediction/plots/ogbl-Vessel_Regret_vs_Time_202601281547.png,plot_file,plot,,,,,,,False,1,403530,png
results/online_link_prediction/plots/ogbl-Vessel_Regret_vs_Time_202601281549.pdf,plot_file,plot,,,,,,,False,1,18966,pdf
results/online_link_prediction/plots/ogbl-Vessel_Regret_vs_Time_202601281549.png,plot_file,plot,,,,,,,False,1,267182,png
results/online_link_prediction/plots/ogbl-collab_Regret_vs_Rounds_202601241220.pdf,plot_file,plot,,,,,,,False,1,23772,pdf
results/online_link_prediction/plots/ogbl-collab_Regret_vs_Rounds_202601241220.png,plot_file,plot,,,,,,,False,1,155066,png
results/online_link_prediction/plots/ogbl-collab_Regret_vs_Rounds_202601251248.pdf,plot_file,plot,,,,,,,False,1,23772,pdf
results/online_link_prediction/plots/ogbl-collab_Regret_vs_Rounds_202601251248.png,plot_file,plot,,,,,,,False,1,155066,png
results/online_link_prediction/plots/ogbl-collab_Regret_vs_Rounds_202601262335.pdf,plot_file,plot,,,,,,,False,1,37411,pdf
results/online_link_prediction/plots/ogbl-collab_Regret_vs_Rounds_202601262335.png,plot_file,plot,,,,,,,False,1,304682,png
results/online_link_prediction/plots/ogbl-collab_Regret_vs_Time_202601241220.pdf,plot_file,plot,,,,,,,False,1,28179,pdf
results/online_link_prediction/plots/ogbl-collab_Regret_vs_Time_202601241220.png,plot_file,plot,,,,,,,False,1,163382,png
results/online_link_prediction/plots/ogbl-collab_Regret_vs_Time_202601251248.pdf,plot_file,plot,,,,,,,False,1,28089,pdf
results/online_link_prediction/plots/ogbl-collab_Regret_vs_Time_202601251248.png,plot_file,plot,,,,,,,False,1,163925,png
results/online_link_prediction/plots/ogbl-collab_Regret_vs_Time_202601262335.pdf,plot_file,plot,,,,,,,False,1,50237,pdf
results/online_link_prediction/plots/ogbl-collab_Regret_vs_Time_202601262335.png,plot_file,plot,,,,,,,False,1,386591,png
results/online_link_prediction/plots/ogbl-ppa_Regret_vs_Rounds_202601251248.pdf,plot_file,plot,,,,,,,False,1,22514,pdf
results/online_link_prediction/plots/ogbl-ppa_Regret_vs_Rounds_202601251248.png,plot_file,plot,,,,,,,False,1,163729,png
results/online_link_prediction/plots/ogbl-ppa_Regret_vs_Rounds_202601262337.pdf,plot_file,plot,,,,,,,False,1,31863,pdf
results/online_link_prediction/plots/ogbl-ppa_Regret_vs_Rounds_202601262337.png,plot_file,plot,,,,,,,False,1,285225,png
results/online_link_prediction/plots/ogbl-ppa_Regret_vs_Time_202601251248.pdf,plot_file,plot,,,,,,,False,1,25725,pdf
results/online_link_prediction/plots/ogbl-ppa_Regret_vs_Time_202601251248.png,plot_file,plot,,,,,,,False,1,153315,png
results/online_link_prediction/plots/ogbl-ppa_Regret_vs_Time_202601262337.pdf,plot_file,plot,,,,,,,False,1,33694,pdf
results/online_link_prediction/plots/ogbl-ppa_Regret_vs_Time_202601262337.png,plot_file,plot,,,,,,,False,1,257743,png
results/online_link_prediction/plots/ogbl-vessel_Regret_vs_Rounds_202601251248.pdf,plot_file,plot,,,,,,,False,1,29425,pdf
results/online_link_prediction/plots/ogbl-vessel_Regret_vs_Rounds_202601251248.png,plot_file,plot,,,,,,,False,1,139331,png
results/online_link_prediction/plots/ogbl-vessel_Regret_vs_Rounds_202601262338.pdf,plot_file,plot,,,,,,,False,1,23267,pdf
results/online_link_prediction/plots/ogbl-vessel_Regret_vs_Rounds_202601262338.png,plot_file,plot,,,,,,,False,1,198838,png
results/online_link_prediction/plots/ogbl-vessel_Regret_vs_Time_202601251248.pdf,plot_file,plot,,,,,,,False,1,33786,pdf
results/online_link_prediction/plots/ogbl-vessel_Regret_vs_Time_202601251248.png,plot_file,plot,,,,,,,False,1,162486,png
results/online_link_prediction/plots/ogbl-vessel_Regret_vs_Time_202601262338.pdf,plot_file,plot,,,,,,,False,1,26382,pdf
results/online_link_prediction/plots/ogbl-vessel_Regret_vs_Time_202601262338.png,plot_file,plot,,,,,,,False,1,175604,png
results/plots/AmazonFashion_Regret_vs_Rounds_202601212240.pdf,plot_file,plot,,,,,,,False,1,27134,pdf
results/plots/AmazonFashion_Regret_vs_Rounds_202601212240.png,plot_file,plot,,,,,,,False,1,175095,png
results/plots/AmazonFashion_Regret_vs_Time_202601212240.pdf,plot_file,plot,,,,,,,False,1,29000,pdf
results/plots/AmazonFashion_Regret_vs_Time_202601212240.png,plot_file,plot,,,,,,,False,1,181925,png
results/plots/Amazon_fashion_Rank_Distribution.png,plot_file,plot,,,,,,,False,1,206295,png
results/plots/Amazon_fashion_Regret_vs_Rounds_202601201108.pdf,plot_file,plot,,,,,,,False,1,199879,pdf
results/plots/Amazon_fashion_Regret_vs_Rounds_202601201108.png,plot_file,plot,,,,,,,False,1,266906,png
results/plots/Amazon_fashion_Regret_vs_Rounds_202601210956.pdf,plot_file,plot,,,,,,,False,1,375374,pdf
results/plots/Amazon_fashion_Regret_vs_Rounds_202601210956.png,plot_file,plot,,,,,,,False,1,368504,png
results/plots/Amazon_fashion_Regret_vs_Time_202601201108.pdf,plot_file,plot,,,,,,,False,1,202174,pdf
results/plots/Amazon_fashion_Regret_vs_Time_202601201108.png,plot_file,plot,,,,,,,False,1,264912,png
results/plots/Amazon_fashion_Regret_vs_Time_202601210956.pdf,plot_file,plot,,,,,,,False,1,379627,pdf
results/plots/Amazon_fashion_Regret_vs_Time_202601210956.png,plot_file,plot,,,,,,,False,1,364319,png
results/plots/Citation2_Regret_vs_Rounds_202601212212.pdf,plot_file,plot,,,,,,,False,1,121670,pdf
results/plots/Citation2_Regret_vs_Rounds_202601212212.png,plot_file,plot,,,,,,,False,1,204425,png
results/plots/Citation2_Regret_vs_Time_202601212212.pdf,plot_file,plot,,,,,,,False,1,122921,pdf
results/plots/Citation2_Regret_vs_Time_202601212212.png,plot_file,plot,,,,,,,False,1,208848,png
results/plots/Collab_Regret_vs_Rounds_202601211614.pdf,plot_file,plot,,,,,,,False,1,121229,pdf
results/plots/Collab_Regret_vs_Rounds_202601211614.png,plot_file,plot,,,,,,,False,1,194247,png
results/plots/Collab_Regret_vs_Rounds_202601212212.pdf,plot_file,plot,,,,,,,False,1,313226,pdf
results/plots/Collab_Regret_vs_Rounds_202601212212.png,plot_file,plot,,,,,,,False,1,248980,png
results/plots/Collab_Regret_vs_Time_202601211614.pdf,plot_file,plot,,,,,,,False,1,121488,pdf
results/plots/Collab_Regret_vs_Time_202601211614.png,plot_file,plot,,,,,,,False,1,194910,png
results/plots/Collab_Regret_vs_Time_202601212212.pdf,plot_file,plot,,,,,,,False,1,318140,pdf
results/plots/Collab_Regret_vs_Time_202601212212.png,plot_file,plot,,,,,,,False,1,294257,png
results/plots/Facebook_Rank_Distribution.png,plot_file,plot,,,,,,,False,1,217283,png
results/plots/Facebook_Regret_vs_Rounds_202601201108.pdf,plot_file,plot,,,,,,,False,1,366930,pdf
results/plots/Facebook_Regret_vs_Rounds_202601201108.png,plot_file,plot,,,,,,,False,1,249700,png
results/plots/Facebook_Regret_vs_Rounds_202601202130.pdf,plot_file,plot,,,,,,,False,1,727174,pdf
results/plots/Facebook_Regret_vs_Rounds_202601202130.png,plot_file,plot,,,,,,,False,1,357477,png
results/plots/Facebook_Regret_vs_Rounds_202601210956.pdf,plot_file,plot,,,,,,,False,1,1086803,pdf
results/plots/Facebook_Regret_vs_Rounds_202601210956.png,plot_file,plot,,,,,,,False,1,386734,png
results/plots/Facebook_Regret_vs_Rounds_202601211614.pdf,plot_file,plot,,,,,,,False,1,1443644,pdf
results/plots/Facebook_Regret_vs_Rounds_202601211614.png,plot_file,plot,,,,,,,False,1,473662,png
results/plots/Facebook_Regret_vs_Rounds_202601212211.pdf,plot_file,plot,,,,,,,False,1,1283152,pdf
results/plots/Facebook_Regret_vs_Rounds_202601212211.png,plot_file,plot,,,,,,,False,1,444687,png
results/plots/Facebook_Regret_vs_Rounds_202601212240.pdf,plot_file,plot,,,,,,,False,1,20461,pdf
results/plots/Facebook_Regret_vs_Rounds_202601212240.png,plot_file,plot,,,,,,,False,1,134148,png
results/plots/Facebook_Regret_vs_Rounds_202601212249.pdf,plot_file,plot,,,,,,,False,1,24444,pdf
results/plots/Facebook_Regret_vs_Rounds_202601212249.png,plot_file,plot,,,,,,,False,1,185083,png
results/plots/Facebook_Regret_vs_Time_202601201108.pdf,plot_file,plot,,,,,,,False,1,365739,pdf
results/plots/Facebook_Regret_vs_Time_202601201108.png,plot_file,plot,,,,,,,False,1,243456,png
results/plots/Facebook_Regret_vs_Time_202601202130.pdf,plot_file,plot,,,,,,,False,1,725705,pdf
results/plots/Facebook_Regret_vs_Time_202601202130.png,plot_file,plot,,,,,,,False,1,336711,png
results/plots/Facebook_Regret_vs_Time_202601210956.pdf,plot_file,plot,,,,,,,False,1,1087755,pdf
results/plots/Facebook_Regret_vs_Time_202601210956.png,plot_file,plot,,,,,,,False,1,444156,png
results/plots/Facebook_Regret_vs_Time_202601211614.pdf,plot_file,plot,,,,,,,False,1,1437722,pdf
results/plots/Facebook_Regret_vs_Time_202601211614.png,plot_file,plot,,,,,,,False,1,512601,png
results/plots/Facebook_Regret_vs_Time_202601212211.pdf,plot_file,plot,,,,,,,False,1,1277377,pdf
results/plots/Facebook_Regret_vs_Time_202601212211.png,plot_file,plot,,,,,,,False,1,479401,png
results/plots/Facebook_Regret_vs_Time_202601212240.pdf,plot_file,plot,,,,,,,False,1,21156,pdf
results/plots/Facebook_Regret_vs_Time_202601212240.png,plot_file,plot,,,,,,,False,1,134427,png
results/plots/Facebook_Regret_vs_Time_202601212249.pdf,plot_file,plot,,,,,,,False,1,28127,pdf
results/plots/Facebook_Regret_vs_Time_202601212249.png,plot_file,plot,,,,,,,False,1,189146,png
results/plots/Grqc_Rank_Distribution.png,plot_file,plot,,,,,,,False,1,199990,png
results/plots/Grqc_Regret_vs_Rounds_202601201108.pdf,plot_file,plot,,,,,,,False,1,391795,pdf
results/plots/Grqc_Regret_vs_Rounds_202601201108.png,plot_file,plot,,,,,,,False,1,273815,png
results/plots/Grqc_Regret_vs_Rounds_202601202133.pdf,plot_file,plot,,,,,,,False,1,391795,pdf
results/plots/Grqc_Regret_vs_Rounds_202601202133.png,plot_file,plot,,,,,,,False,1,273815,png
results/plots/Grqc_Regret_vs_Rounds_202601210956.pdf,plot_file,plot,,,,,,,False,1,763431,pdf
results/plots/Grqc_Regret_vs_Rounds_202601210956.png,plot_file,plot,,,,,,,False,1,382471,png
results/plots/Grqc_Regret_vs_Rounds_202601212240.pdf,plot_file,plot,,,,,,,False,1,26181,pdf
results/plots/Grqc_Regret_vs_Rounds_202601212240.png,plot_file,plot,,,,,,,False,1,192994,png
results/plots/Grqc_Regret_vs_Rounds_202601212249.pdf,plot_file,plot,,,,,,,False,1,23192,pdf
results/plots/Grqc_Regret_vs_Rounds_202601212249.png,plot_file,plot,,,,,,,False,1,160919,png
results/plots/Grqc_Regret_vs_Time_202601201108.pdf,plot_file,plot,,,,,,,False,1,391762,pdf
results/plots/Grqc_Regret_vs_Time_202601201108.png,plot_file,plot,,,,,,,False,1,265423,png
results/plots/Grqc_Regret_vs_Time_202601202133.pdf,plot_file,plot,,,,,,,False,1,391762,pdf
results/plots/Grqc_Regret_vs_Time_202601202133.png,plot_file,plot,,,,,,,False,1,265423,png
results/plots/Grqc_Regret_vs_Time_202601210956.pdf,plot_file,plot,,,,,,,False,1,763420,pdf
results/plots/Grqc_Regret_vs_Time_202601210956.png,plot_file,plot,,,,,,,False,1,398082,png
results/plots/Grqc_Regret_vs_Time_202601212240.pdf,plot_file,plot,,,,,,,False,1,31610,pdf
results/plots/Grqc_Regret_vs_Time_202601212240.png,plot_file,plot,,,,,,,False,1,208517,png
results/plots/Grqc_Regret_vs_Time_202601212249.pdf,plot_file,plot,,,,,,,False,1,26857,pdf
results/plots/Grqc_Regret_vs_Time_202601212249.png,plot_file,plot,,,,,,,False,1,177200,png
results/plots/MovieLens_Rank_Distribution.png,plot_file,plot,,,,,,,False,1,236556,png
results/plots/MovieLens_Regret_vs_Rounds_202601201108.pdf,plot_file,plot,,,,,,,False,1,344749,pdf
results/plots/MovieLens_Regret_vs_Rounds_202601201108.png,plot_file,plot,,,,,,,False,1,235087,png
results/plots/MovieLens_Regret_vs_Rounds_202601202122.pdf,plot_file,plot,,,,,,,False,1,933102,pdf
results/plots/MovieLens_Regret_vs_Rounds_202601202122.png,plot_file,plot,,,,,,,False,1,338389,png
results/plots/MovieLens_Regret_vs_Rounds_202601210956.pdf,plot_file,plot,,,,,,,False,1,1427879,pdf
results/plots/MovieLens_Regret_vs_Rounds_202601210956.png,plot_file,plot,,,,,,,False,1,445181,png
results/plots/MovieLens_Regret_vs_Rounds_202601212240.pdf,plot_file,plot,,,,,,,False,1,28918,pdf
results/plots/MovieLens_Regret_vs_Rounds_202601212240.png,plot_file,plot,,,,,,,False,1,143919,png
results/plots/MovieLens_Regret_vs_Time_202601201108.pdf,plot_file,plot,,,,,,,False,1,338445,pdf
results/plots/MovieLens_Regret_vs_Time_202601201108.png,plot_file,plot,,,,,,,False,1,280899,png
results/plots/MovieLens_Regret_vs_Time_202601202122.pdf,plot_file,plot,,,,,,,False,1,951046,pdf
results/plots/MovieLens_Regret_vs_Time_202601202122.png,plot_file,plot,,,,,,,False,1,467652,png
results/plots/MovieLens_Regret_vs_Time_202601210956.pdf,plot_file,plot,,,,,,,False,1,1427877,pdf
results/plots/MovieLens_Regret_vs_Time_202601210956.png,plot_file,plot,,,,,,,False,1,587956,png
results/plots/MovieLens_Regret_vs_Time_202601212240.pdf,plot_file,plot,,,,,,,False,1,37958,pdf
results/plots/MovieLens_Regret_vs_Time_202601212240.png,plot_file,plot,,,,,,,False,1,161687,png
results/plots/PPA_Regret_vs_Rounds_202601212212.pdf,plot_file,plot,,,,,,,False,1,120876,pdf
results/plots/PPA_Regret_vs_Rounds_202601212212.png,plot_file,plot,,,,,,,False,1,179112,png
results/plots/PPA_Regret_vs_Time_202601212212.pdf,plot_file,plot,,,,,,,False,1,125103,pdf
results/plots/PPA_Regret_vs_Time_202601212212.png,plot_file,plot,,,,,,,False,1,180704,png
results/plots/Vessel_Regret_vs_Rounds_202601212212.pdf,plot_file,plot,,,,,,,False,1,215533,pdf
results/plots/Vessel_Regret_vs_Rounds_202601212212.png,plot_file,plot,,,,,,,False,1,163799,png
results/plots/Vessel_Regret_vs_Time_202601212212.pdf,plot_file,plot,,,,,,,False,1,220392,pdf
results/plots/Vessel_Regret_vs_Time_202601212212.png,plot_file,plot,,,,,,,False,1,188353,png
results/plots/custom_plots_acc/AmazonFashion_Accuracy_vs_Time.pdf,plot_file,plot,,,,,,,False,1,17251,pdf
results/plots/custom_plots_acc/AmazonFashion_Accuracy_vs_Time.png,plot_file,plot,,,,,,,False,1,321855,png
results/plots/custom_plots_acc/AmazonFashion_Accuracy_vs_Time_Wide.pdf,plot_file,plot,,,,,,,False,1,17952,pdf
results/plots/custom_plots_acc/AmazonFashion_Accuracy_vs_Time_Wide.png,plot_file,plot,,,,,,,False,1,448517,png
results/plots/custom_plots_acc/Facebook_Accuracy_vs_Time.pdf,plot_file,plot,,,,,,,False,1,18048,pdf
results/plots/custom_plots_acc/Facebook_Accuracy_vs_Time.png,plot_file,plot,,,,,,,False,1,351884,png
results/plots/custom_plots_acc/Facebook_Accuracy_vs_Time_Wide.pdf,plot_file,plot,,,,,,,False,1,18214,pdf
results/plots/custom_plots_acc/Facebook_Accuracy_vs_Time_Wide.png,plot_file,plot,,,,,,,False,1,490833,png
results/plots/custom_plots_acc/GrQc_Accuracy_vs_Time.pdf,plot_file,plot,,,,,,,False,1,17687,pdf
results/plots/custom_plots_acc/GrQc_Accuracy_vs_Time.png,plot_file,plot,,,,,,,False,1,349129,png
results/plots/custom_plots_acc/GrQc_Accuracy_vs_Time_Wide.pdf,plot_file,plot,,,,,,,False,1,17807,pdf
results/plots/custom_plots_acc/GrQc_Accuracy_vs_Time_Wide.png,plot_file,plot,,,,,,,False,1,495716,png
results/plots/custom_plots_acc/MovieLens_Accuracy_vs_Time.pdf,plot_file,plot,,,,,,,False,1,17575,pdf
results/plots/custom_plots_acc/MovieLens_Accuracy_vs_Time.png,plot_file,plot,,,,,,,False,1,330795,png
results/plots/custom_plots_acc/MovieLens_Accuracy_vs_Time_Wide.pdf,plot_file,plot,,,,,,,False,1,18956,pdf
results/plots/custom_plots_acc/MovieLens_Accuracy_vs_Time_Wide.png,plot_file,plot,,,,,,,False,1,461147,png
results/plots/custom_plots_acc/ogbl-Collab_Accuracy_vs_Time.pdf,plot_file,plot,,,,,,,False,1,17876,pdf
results/plots/custom_plots_acc/ogbl-Collab_Accuracy_vs_Time.png,plot_file,plot,,,,,,,False,1,316934,png
results/plots/custom_plots_acc/ogbl-Collab_Accuracy_vs_Time_Wide.pdf,plot_file,plot,,,,,,,False,1,18387,pdf
results/plots/custom_plots_acc/ogbl-Collab_Accuracy_vs_Time_Wide.png,plot_file,plot,,,,,,,False,1,421153,png
results/plots/ogbl-citation2_Regret_vs_Rounds_202601212240.pdf,plot_file,plot,,,,,,,False,1,22854,pdf
results/plots/ogbl-citation2_Regret_vs_Rounds_202601212240.png,plot_file,plot,,,,,,,False,1,140285,png
results/plots/ogbl-citation2_Regret_vs_Rounds_202601221341.pdf,plot_file,plot,,,,,,,False,1,27343,pdf
results/plots/ogbl-citation2_Regret_vs_Rounds_202601221341.png,plot_file,plot,,,,,,,False,1,160157,png
results/plots/ogbl-citation2_Regret_vs_Time_202601212240.pdf,plot_file,plot,,,,,,,False,1,24543,pdf
results/plots/ogbl-citation2_Regret_vs_Time_202601212240.png,plot_file,plot,,,,,,,False,1,148989,png
results/plots/ogbl-citation2_Regret_vs_Time_202601221341.pdf,plot_file,plot,,,,,,,False,1,25973,pdf
results/plots/ogbl-citation2_Regret_vs_Time_202601221341.png,plot_file,plot,,,,,,,False,1,172941,png
results/plots/ogbl-collab_Regret_vs_Rounds_202601212240.pdf,plot_file,plot,,,,,,,False,1,24926,pdf
results/plots/ogbl-collab_Regret_vs_Rounds_202601212240.png,plot_file,plot,,,,,,,False,1,159843,png
results/plots/ogbl-collab_Regret_vs_Rounds_202601221341.pdf,plot_file,plot,,,,,,,False,1,24926,pdf
results/plots/ogbl-collab_Regret_vs_Rounds_202601221341.png,plot_file,plot,,,,,,,False,1,159843,png
results/plots/ogbl-collab_Regret_vs_Time_202601212240.pdf,plot_file,plot,,,,,,,False,1,26306,pdf
results/plots/ogbl-collab_Regret_vs_Time_202601212240.png,plot_file,plot,,,,,,,False,1,176188,png
results/plots/ogbl-collab_Regret_vs_Time_202601221341.pdf,plot_file,plot,,,,,,,False,1,26306,pdf
results/plots/ogbl-collab_Regret_vs_Time_202601221341.png,plot_file,plot,,,,,,,False,1,176188,png
results/plots/ogbl-ppa_Regret_vs_Rounds_202601212240.pdf,plot_file,plot,,,,,,,False,1,21227,pdf
results/plots/ogbl-ppa_Regret_vs_Rounds_202601212240.png,plot_file,plot,,,,,,,False,1,138233,png
results/plots/ogbl-ppa_Regret_vs_Rounds_202601221341.pdf,plot_file,plot,,,,,,,False,1,25534,pdf
results/plots/ogbl-ppa_Regret_vs_Rounds_202601221341.png,plot_file,plot,,,,,,,False,1,170928,png
results/plots/ogbl-ppa_Regret_vs_Rounds_202601262340.pdf,plot_file,plot,,,,,,,False,1,19996,pdf
results/plots/ogbl-ppa_Regret_vs_Rounds_202601262340.png,plot_file,plot,,,,,,,False,1,130856,png
results/plots/ogbl-ppa_Regret_vs_Time_202601212240.pdf,plot_file,plot,,,,,,,False,1,25876,pdf
results/plots/ogbl-ppa_Regret_vs_Time_202601212240.png,plot_file,plot,,,,,,,False,1,143399,png
results/plots/ogbl-ppa_Regret_vs_Time_202601221341.pdf,plot_file,plot,,,,,,,False,1,27769,pdf
results/plots/ogbl-ppa_Regret_vs_Time_202601221341.png,plot_file,plot,,,,,,,False,1,169317,png
results/plots/ogbl-ppa_Regret_vs_Time_202601262340.pdf,plot_file,plot,,,,,,,False,1,24915,pdf
results/plots/ogbl-ppa_Regret_vs_Time_202601262340.png,plot_file,plot,,,,,,,False,1,135683,png
results/plots/ogbl-vessel_Regret_vs_Rounds_202601212240.pdf,plot_file,plot,,,,,,,False,1,20913,pdf
results/plots/ogbl-vessel_Regret_vs_Rounds_202601212240.png,plot_file,plot,,,,,,,False,1,146145,png
results/plots/ogbl-vessel_Regret_vs_Rounds_202601221341.pdf,plot_file,plot,,,,,,,False,1,20913,pdf
results/plots/ogbl-vessel_Regret_vs_Rounds_202601221341.png,plot_file,plot,,,,,,,False,1,146145,png
results/plots/ogbl-vessel_Regret_vs_Rounds_202601262340.pdf,plot_file,plot,,,,,,,False,1,19682,pdf
results/plots/ogbl-vessel_Regret_vs_Rounds_202601262340.png,plot_file,plot,,,,,,,False,1,138670,png
results/plots/ogbl-vessel_Regret_vs_Time_202601212240.pdf,plot_file,plot,,,,,,,False,1,26922,pdf
results/plots/ogbl-vessel_Regret_vs_Time_202601212240.png,plot_file,plot,,,,,,,False,1,174248,png
results/plots/ogbl-vessel_Regret_vs_Time_202601221341.pdf,plot_file,plot,,,,,,,False,1,26922,pdf
results/plots/ogbl-vessel_Regret_vs_Time_202601221341.png,plot_file,plot,,,,,,,False,1,174248,png
results/plots/ogbl-vessel_Regret_vs_Time_202601262340.pdf,plot_file,plot,,,,,,,False,1,25955,pdf
results/plots/ogbl-vessel_Regret_vs_Time_202601262340.png,plot_file,plot,,,,,,,False,1,167308,png
